:::MLLOG {"namespace": "", "time_ms": 1778822624769, "event_type": "POINT_IN_TIME", "key": "submission_benchmark", "value": "llama2_70b_lora", "metadata": {"file": "/opt/venv/lib/python3.12/site-packages/primus_mllog/mlperf_sft.py", "lineno": 120}}
:::MLLOG {"namespace": "", "time_ms": 1778822624776, "event_type": "POINT_IN_TIME", "key": "submission_org", "value": "AMD", "metadata": {"file": "/opt/venv/lib/python3.12/site-packages/primus_mllog/mlperf_sft.py", "lineno": 124}}
:::MLLOG {"namespace": "", "time_ms": 1778822624776, "event_type": "POINT_IN_TIME", "key": "submission_division", "value": "closed", "metadata": {"file": "/opt/venv/lib/python3.12/site-packages/primus_mllog/mlperf_sft.py", "lineno": 128}}
:::MLLOG {"namespace": "", "time_ms": 1778822624776, "event_type": "POINT_IN_TIME", "key": "submission_platform", "value": "MI355X", "metadata": {"file": "/opt/venv/lib/python3.12/site-packages/primus_mllog/mlperf_sft.py", "lineno": 132}}
:::MLLOG {"namespace": "", "time_ms": 1778822624776, "event_type": "POINT_IN_TIME", "key": "submission_status", "value": "onprem", "metadata": {"file": "/opt/venv/lib/python3.12/site-packages/primus_mllog/mlperf_sft.py", "lineno": 136}}
:::MLLOG {"namespace": "", "time_ms": 1778822624776, "event_type": "POINT_IN_TIME", "key": "target_accuracy", "value": 0.925, "metadata": {"file": "/opt/venv/lib/python3.12/site-packages/primus_mllog/mlperf_sft.py", "lineno": 139}}
:::MLLOG {"namespace": "", "time_ms": 1778822624776, "event_type": "POINT_IN_TIME", "key": "global_batch_size", "value": 8, "metadata": {"file": "/opt/venv/lib/python3.12/site-packages/primus_mllog/mlperf_sft.py", "lineno": 172}}
:::MLLOG {"namespace": "", "time_ms": 1778822624776, "event_type": "POINT_IN_TIME", "key": "train_samples", "value": 3901, "metadata": {"file": "/opt/venv/lib/python3.12/site-packages/primus_mllog/mlperf_sft.py", "lineno": 172}}
:::MLLOG {"namespace": "", "time_ms": 1778822624776, "event_type": "POINT_IN_TIME", "key": "eval_samples", "value": 173, "metadata": {"file": "/opt/venv/lib/python3.12/site-packages/primus_mllog/mlperf_sft.py", "lineno": 172}}
:::MLLOG {"namespace": "", "time_ms": 1778822624776, "event_type": "POINT_IN_TIME", "key": "gradient_accumulation_steps", "value": 1, "metadata": {"file": "/opt/venv/lib/python3.12/site-packages/primus_mllog/mlperf_sft.py", "lineno": 172}}
:::MLLOG {"namespace": "", "time_ms": 1778822624776, "event_type": "POINT_IN_TIME", "key": "seed", "value": 32746, "metadata": {"file": "/opt/venv/lib/python3.12/site-packages/primus_mllog/mlperf_sft.py", "lineno": 172}}
:::MLLOG {"namespace": "", "time_ms": 1778822624776, "event_type": "POINT_IN_TIME", "key": "opt_name", "value": "adamw", "metadata": {"file": "/opt/venv/lib/python3.12/site-packages/primus_mllog/mlperf_sft.py", "lineno": 172}}
:::MLLOG {"namespace": "", "time_ms": 1778822624776, "event_type": "POINT_IN_TIME", "key": "opt_base_learning_rate", "value": 0.0006, "metadata": {"file": "/opt/venv/lib/python3.12/site-packages/primus_mllog/mlperf_sft.py", "lineno": 172}}
:::MLLOG {"namespace": "", "time_ms": 1778822624776, "event_type": "POINT_IN_TIME", "key": "opt_adamw_beta_1", "value": 0.9, "metadata": {"file": "/opt/venv/lib/python3.12/site-packages/primus_mllog/mlperf_sft.py", "lineno": 172}}
:::MLLOG {"namespace": "", "time_ms": 1778822624777, "event_type": "POINT_IN_TIME", "key": "opt_adamw_beta_2", "value": 0.999, "metadata": {"file": "/opt/venv/lib/python3.12/site-packages/primus_mllog/mlperf_sft.py", "lineno": 172}}
:::MLLOG {"namespace": "", "time_ms": 1778822624777, "event_type": "POINT_IN_TIME", "key": "opt_adamw_epsilon", "value": 1e-08, "metadata": {"file": "/opt/venv/lib/python3.12/site-packages/primus_mllog/mlperf_sft.py", "lineno": 172}}
:::MLLOG {"namespace": "", "time_ms": 1778822624777, "event_type": "POINT_IN_TIME", "key": "opt_adamw_weight_decay", "value": 0.0001, "metadata": {"file": "/opt/venv/lib/python3.12/site-packages/primus_mllog/mlperf_sft.py", "lineno": 172}}
:::MLLOG {"namespace": "", "time_ms": 1778822624777, "event_type": "POINT_IN_TIME", "key": "opt_gradient_clip_norm", "value": 0.3, "metadata": {"file": "/opt/venv/lib/python3.12/site-packages/primus_mllog/mlperf_sft.py", "lineno": 172}}
:::MLLOG {"namespace": "", "time_ms": 1778822624777, "event_type": "POINT_IN_TIME", "key": "opt_learning_rate_warmup_factor", "value": 0.0, "metadata": {"file": "/opt/venv/lib/python3.12/site-packages/primus_mllog/mlperf_sft.py", "lineno": 172}}
:::MLLOG {"namespace": "", "time_ms": 1778822624777, "event_type": "POINT_IN_TIME", "key": "opt_learning_rate_training_steps", "value": 550, "metadata": {"file": "/opt/venv/lib/python3.12/site-packages/primus_mllog/mlperf_sft.py", "lineno": 172}}
:::MLLOG {"namespace": "", "time_ms": 1778822624777, "event_type": "POINT_IN_TIME", "key": "max_sequence_length", "value": 8192, "metadata": {"file": "/opt/venv/lib/python3.12/site-packages/primus_mllog/mlperf_sft.py", "lineno": 172}}
:::MLLOG {"namespace": "", "time_ms": 1778822624777, "event_type": "POINT_IN_TIME", "key": "max_steps", "value": 550, "metadata": {"file": "/opt/venv/lib/python3.12/site-packages/primus_mllog/mlperf_sft.py", "lineno": 172}}
:::MLLOG {"namespace": "", "time_ms": 1778822624777, "event_type": "POINT_IN_TIME", "key": "lora_rank", "value": 16, "metadata": {"file": "/opt/venv/lib/python3.12/site-packages/primus_mllog/mlperf_sft.py", "lineno": 172}}
:::MLLOG {"namespace": "", "time_ms": 1778822624777, "event_type": "POINT_IN_TIME", "key": "lora_alpha", "value": 32, "metadata": {"file": "/opt/venv/lib/python3.12/site-packages/primus_mllog/mlperf_sft.py", "lineno": 172}}
:::MLLOG {"namespace": "", "time_ms": 1778822624777, "event_type": "POINT_IN_TIME", "key": "tensor_parallelism", "value": 1, "metadata": {"file": "/opt/venv/lib/python3.12/site-packages/primus_mllog/mlperf_sft.py", "lineno": 172}}
:::MLLOG {"namespace": "", "time_ms": 1778822624777, "event_type": "POINT_IN_TIME", "key": "pipeline_parallelism", "value": 1, "metadata": {"file": "/opt/venv/lib/python3.12/site-packages/primus_mllog/mlperf_sft.py", "lineno": 172}}
:::MLLOG {"namespace": "", "time_ms": 1778822624777, "event_type": "POINT_IN_TIME", "key": "context_parallelism", "value": 1, "metadata": {"file": "/opt/venv/lib/python3.12/site-packages/primus_mllog/mlperf_sft.py", "lineno": 172}}
:::MLLOG {"namespace": "", "time_ms": 1778822624777, "event_type": "POINT_IN_TIME", "key": "expert_parallelism", "value": 1, "metadata": {"file": "/opt/venv/lib/python3.12/site-packages/primus_mllog/mlperf_sft.py", "lineno": 172}}
:::MLLOG {"namespace": "", "time_ms": 1778822624777, "event_type": "POINT_IN_TIME", "key": "micro_batch_size", "value": 1, "metadata": {"file": "/opt/venv/lib/python3.12/site-packages/primus_mllog/mlperf_sft.py", "lineno": 172}}
:::MLLOG {"namespace": "", "time_ms": 1778822624778, "event_type": "POINT_IN_TIME", "key": "config_filename", "value": "config_MI355X_1x8x1.sh", "metadata": {"file": "/opt/venv/lib/python3.12/site-packages/primus_mllog/mlperf_sft.py", "lineno": 172}}
:::MLLOG {"namespace": "", "time_ms": 1778822624778, "event_type": "POINT_IN_TIME", "key": "lowest_numerical_precision_linear", "value": "mxfp4", "metadata": {"file": "/opt/venv/lib/python3.12/site-packages/primus_mllog/mlperf_sft.py", "lineno": 172}}
:::MLLOG {"namespace": "", "time_ms": 1778823075042, "event_type": "INTERVAL_END", "key": "init_stop", "value": null, "metadata": {"file": "/opt/venv/lib/python3.12/site-packages/primus_mllog/mlperf_sft.py", "lineno": 186}}
:::MLLOG {"namespace": "", "time_ms": 1778823075043, "event_type": "INTERVAL_START", "key": "run_start", "value": null, "metadata": {"file": "/opt/venv/lib/python3.12/site-packages/primus_mllog/mlperf_sft.py", "lineno": 187}}
:::MLLOG {"namespace": "", "time_ms": 1778823075043, "event_type": "INTERVAL_START", "key": "epoch_start", "value": null, "metadata": {"file": "/opt/venv/lib/python3.12/site-packages/primus_mllog/mlperf_sft.py", "lineno": 189, "samples_count": 0}}
:::MLLOG {"namespace": "", "time_ms": 1778823075043, "event_type": "INTERVAL_START", "key": "block_start", "value": null, "metadata": {"file": "/opt/venv/lib/python3.12/site-packages/primus_mllog/mlperf_sft.py", "lineno": 192, "samples_count": 0}}
:::MLLOG {"namespace": "", "time_ms": 1778823285889, "event_type": "INTERVAL_END", "key": "block_stop", "value": null, "metadata": {"file": "/opt/venv/lib/python3.12/site-packages/primus_mllog/mlperf_sft.py", "lineno": 243, "samples_count": 1536}}
:::MLLOG {"namespace": "", "time_ms": 1778823285890, "event_type": "INTERVAL_START", "key": "eval_start", "value": null, "metadata": {"file": "/opt/venv/lib/python3.12/site-packages/primus_mllog/mlperf_sft.py", "lineno": 247, "samples_count": 1536}}
:::MLLOG {"namespace": "", "time_ms": 1778823296254, "event_type": "POINT_IN_TIME", "key": "eval_accuracy", "value": 1.0429399013519287, "metadata": {"file": "/opt/venv/lib/python3.12/site-packages/primus_mllog/mlperf_sft.py", "lineno": 264, "samples_count": 1536}}
:::MLLOG {"namespace": "", "time_ms": 1778823296254, "event_type": "INTERVAL_END", "key": "eval_stop", "value": null, "metadata": {"file": "/opt/venv/lib/python3.12/site-packages/primus_mllog/mlperf_sft.py", "lineno": 277, "samples_count": 1536}}
:::MLLOG {"namespace": "", "time_ms": 1778823296254, "event_type": "INTERVAL_START", "key": "block_start", "value": null, "metadata": {"file": "/opt/venv/lib/python3.12/site-packages/primus_mllog/mlperf_sft.py", "lineno": 283, "samples_count": 1536}}
:::MLLOG {"namespace": "", "time_ms": 1778823348469, "event_type": "INTERVAL_END", "key": "block_stop", "value": null, "metadata": {"file": "/opt/venv/lib/python3.12/site-packages/primus_mllog/mlperf_sft.py", "lineno": 243, "samples_count": 1920}}
:::MLLOG {"namespace": "", "time_ms": 1778823348470, "event_type": "INTERVAL_START", "key": "eval_start", "value": null, "metadata": {"file": "/opt/venv/lib/python3.12/site-packages/primus_mllog/mlperf_sft.py", "lineno": 247, "samples_count": 1920}}
:::MLLOG {"namespace": "", "time_ms": 1778823358874, "event_type": "POINT_IN_TIME", "key": "eval_accuracy", "value": 0.9573171138763428, "metadata": {"file": "/opt/venv/lib/python3.12/site-packages/primus_mllog/mlperf_sft.py", "lineno": 264, "samples_count": 1920}}
:::MLLOG {"namespace": "", "time_ms": 1778823358875, "event_type": "INTERVAL_END", "key": "eval_stop", "value": null, "metadata": {"file": "/opt/venv/lib/python3.12/site-packages/primus_mllog/mlperf_sft.py", "lineno": 277, "samples_count": 1920}}
:::MLLOG {"namespace": "", "time_ms": 1778823358875, "event_type": "INTERVAL_START", "key": "block_start", "value": null, "metadata": {"file": "/opt/venv/lib/python3.12/site-packages/primus_mllog/mlperf_sft.py", "lineno": 283, "samples_count": 1920}}
:::MLLOG {"namespace": "", "time_ms": 1778823411690, "event_type": "INTERVAL_END", "key": "block_stop", "value": null, "metadata": {"file": "/opt/venv/lib/python3.12/site-packages/primus_mllog/mlperf_sft.py", "lineno": 243, "samples_count": 2304}}
:::MLLOG {"namespace": "", "time_ms": 1778823411690, "event_type": "INTERVAL_START", "key": "eval_start", "value": null, "metadata": {"file": "/opt/venv/lib/python3.12/site-packages/primus_mllog/mlperf_sft.py", "lineno": 247, "samples_count": 2304}}
:::MLLOG {"namespace": "", "time_ms": 1778823421671, "event_type": "POINT_IN_TIME", "key": "eval_accuracy", "value": 0.9524940848350525, "metadata": {"file": "/opt/venv/lib/python3.12/site-packages/primus_mllog/mlperf_sft.py", "lineno": 264, "samples_count": 2304}}
:::MLLOG {"namespace": "", "time_ms": 1778823421671, "event_type": "INTERVAL_END", "key": "eval_stop", "value": null, "metadata": {"file": "/opt/venv/lib/python3.12/site-packages/primus_mllog/mlperf_sft.py", "lineno": 277, "samples_count": 2304}}
:::MLLOG {"namespace": "", "time_ms": 1778823421671, "event_type": "INTERVAL_START", "key": "block_start", "value": null, "metadata": {"file": "/opt/venv/lib/python3.12/site-packages/primus_mllog/mlperf_sft.py", "lineno": 283, "samples_count": 2304}}
:::MLLOG {"namespace": "", "time_ms": 1778823474730, "event_type": "INTERVAL_END", "key": "block_stop", "value": null, "metadata": {"file": "/opt/venv/lib/python3.12/site-packages/primus_mllog/mlperf_sft.py", "lineno": 243, "samples_count": 2688}}
:::MLLOG {"namespace": "", "time_ms": 1778823474730, "event_type": "INTERVAL_START", "key": "eval_start", "value": null, "metadata": {"file": "/opt/venv/lib/python3.12/site-packages/primus_mllog/mlperf_sft.py", "lineno": 247, "samples_count": 2688}}
:::MLLOG {"namespace": "", "time_ms": 1778823484487, "event_type": "POINT_IN_TIME", "key": "eval_accuracy", "value": 0.9457910060882568, "metadata": {"file": "/opt/venv/lib/python3.12/site-packages/primus_mllog/mlperf_sft.py", "lineno": 264, "samples_count": 2688}}
:::MLLOG {"namespace": "", "time_ms": 1778823484488, "event_type": "INTERVAL_END", "key": "eval_stop", "value": null, "metadata": {"file": "/opt/venv/lib/python3.12/site-packages/primus_mllog/mlperf_sft.py", "lineno": 277, "samples_count": 2688}}
:::MLLOG {"namespace": "", "time_ms": 1778823484488, "event_type": "INTERVAL_START", "key": "block_start", "value": null, "metadata": {"file": "/opt/venv/lib/python3.12/site-packages/primus_mllog/mlperf_sft.py", "lineno": 283, "samples_count": 2688}}
:::MLLOG {"namespace": "", "time_ms": 1778823557265, "event_type": "INTERVAL_END", "key": "block_stop", "value": null, "metadata": {"file": "/opt/venv/lib/python3.12/site-packages/primus_mllog/mlperf_sft.py", "lineno": 243, "samples_count": 3072}}
:::MLLOG {"namespace": "", "time_ms": 1778823557266, "event_type": "INTERVAL_START", "key": "eval_start", "value": null, "metadata": {"file": "/opt/venv/lib/python3.12/site-packages/primus_mllog/mlperf_sft.py", "lineno": 247, "samples_count": 3072}}
:::MLLOG {"namespace": "", "time_ms": 1778823570717, "event_type": "POINT_IN_TIME", "key": "eval_accuracy", "value": 0.9219769835472107, "metadata": {"file": "/opt/venv/lib/python3.12/site-packages/primus_mllog/mlperf_sft.py", "lineno": 264, "samples_count": 3072}}
:::MLLOG {"namespace": "", "time_ms": 1778823570717, "event_type": "INTERVAL_END", "key": "eval_stop", "value": null, "metadata": {"file": "/opt/venv/lib/python3.12/site-packages/primus_mllog/mlperf_sft.py", "lineno": 277, "samples_count": 3072}}
:::MLLOG {"namespace": "", "time_ms": 1778823570724, "event_type": "INTERVAL_END", "key": "epoch_stop", "value": null, "metadata": {"file": "/opt/venv/lib/python3.12/site-packages/primus_mllog/mlperf_sft.py", "lineno": 305, "samples_count": 3072}}
:::MLLOG {"namespace": "", "time_ms": 1778823570725, "event_type": "INTERVAL_END", "key": "run_stop", "value": null, "metadata": {"file": "/opt/venv/lib/python3.12/site-packages/primus_mllog/mlperf_sft.py", "lineno": 319, "samples_count": 3072, "status": "success"}}
:::MLLOG {"namespace": "", "time_ms": 1778823570725, "event_type": "POINT_IN_TIME", "key": "run_duration", "value": "495.68s -> 8.26 minutes", "metadata": {"file": "/opt/venv/lib/python3.12/site-packages/primus_mllog/mlperf_sft.py", "lineno": 331, "samples": 3072}}
:::MLLOG {"namespace": "", "time_ms": 1778823570725, "event_type": "POINT_IN_TIME", "key": "throughput", "value": 6.2, "metadata": {"file": "/opt/venv/lib/python3.12/site-packages/primus_mllog/mlperf_sft.py", "lineno": 336, "samples": 3072}}
:::MLLOG {"namespace": "", "time_ms": 1778824621443, "event_type": "POINT_IN_TIME", "key": "submission_benchmark", "value": "llama2_70b_lora", "metadata": {"file": "/opt/venv/lib/python3.12/site-packages/primus_mllog/mlperf_sft.py", "lineno": 120}}
:::MLLOG {"namespace": "", "time_ms": 1778824621451, "event_type": "POINT_IN_TIME", "key": "submission_org", "value": "AMD", "metadata": {"file": "/opt/venv/lib/python3.12/site-packages/primus_mllog/mlperf_sft.py", "lineno": 124}}
:::MLLOG {"namespace": "", "time_ms": 1778824621451, "event_type": "POINT_IN_TIME", "key": "submission_division", "value": "closed", "metadata": {"file": "/opt/venv/lib/python3.12/site-packages/primus_mllog/mlperf_sft.py", "lineno": 128}}
:::MLLOG {"namespace": "", "time_ms": 1778824621451, "event_type": "POINT_IN_TIME", "key": "submission_platform", "value": "MI355X", "metadata": {"file": "/opt/venv/lib/python3.12/site-packages/primus_mllog/mlperf_sft.py", "lineno": 132}}
:::MLLOG {"namespace": "", "time_ms": 1778824621451, "event_type": "POINT_IN_TIME", "key": "submission_status", "value": "onprem", "metadata": {"file": "/opt/venv/lib/python3.12/site-packages/primus_mllog/mlperf_sft.py", "lineno": 136}}
:::MLLOG {"namespace": "", "time_ms": 1778824621451, "event_type": "POINT_IN_TIME", "key": "target_accuracy", "value": 0.925, "metadata": {"file": "/opt/venv/lib/python3.12/site-packages/primus_mllog/mlperf_sft.py", "lineno": 139}}
:::MLLOG {"namespace": "", "time_ms": 1778824621451, "event_type": "POINT_IN_TIME", "key": "global_batch_size", "value": 8, "metadata": {"file": "/opt/venv/lib/python3.12/site-packages/primus_mllog/mlperf_sft.py", "lineno": 172}}
:::MLLOG {"namespace": "", "time_ms": 1778824621451, "event_type": "POINT_IN_TIME", "key": "train_samples", "value": 3901, "metadata": {"file": "/opt/venv/lib/python3.12/site-packages/primus_mllog/mlperf_sft.py", "lineno": 172}}
:::MLLOG {"namespace": "", "time_ms": 1778824621451, "event_type": "POINT_IN_TIME", "key": "eval_samples", "value": 173, "metadata": {"file": "/opt/venv/lib/python3.12/site-packages/primus_mllog/mlperf_sft.py", "lineno": 172}}
:::MLLOG {"namespace": "", "time_ms": 1778824621451, "event_type": "POINT_IN_TIME", "key": "gradient_accumulation_steps", "value": 1, "metadata": {"file": "/opt/venv/lib/python3.12/site-packages/primus_mllog/mlperf_sft.py", "lineno": 172}}
:::MLLOG {"namespace": "", "time_ms": 1778824621451, "event_type": "POINT_IN_TIME", "key": "seed", "value": 13511, "metadata": {"file": "/opt/venv/lib/python3.12/site-packages/primus_mllog/mlperf_sft.py", "lineno": 172}}
:::MLLOG {"namespace": "", "time_ms": 1778824621452, "event_type": "POINT_IN_TIME", "key": "opt_name", "value": "adamw", "metadata": {"file": "/opt/venv/lib/python3.12/site-packages/primus_mllog/mlperf_sft.py", "lineno": 172}}
:::MLLOG {"namespace": "", "time_ms": 1778824621452, "event_type": "POINT_IN_TIME", "key": "opt_base_learning_rate", "value": 0.0006, "metadata": {"file": "/opt/venv/lib/python3.12/site-packages/primus_mllog/mlperf_sft.py", "lineno": 172}}
:::MLLOG {"namespace": "", "time_ms": 1778824621452, "event_type": "POINT_IN_TIME", "key": "opt_adamw_beta_1", "value": 0.9, "metadata": {"file": "/opt/venv/lib/python3.12/site-packages/primus_mllog/mlperf_sft.py", "lineno": 172}}
:::MLLOG {"namespace": "", "time_ms": 1778824621452, "event_type": "POINT_IN_TIME", "key": "opt_adamw_beta_2", "value": 0.999, "metadata": {"file": "/opt/venv/lib/python3.12/site-packages/primus_mllog/mlperf_sft.py", "lineno": 172}}
:::MLLOG {"namespace": "", "time_ms": 1778824621452, "event_type": "POINT_IN_TIME", "key": "opt_adamw_epsilon", "value": 1e-08, "metadata": {"file": "/opt/venv/lib/python3.12/site-packages/primus_mllog/mlperf_sft.py", "lineno": 172}}
:::MLLOG {"namespace": "", "time_ms": 1778824621452, "event_type": "POINT_IN_TIME", "key": "opt_adamw_weight_decay", "value": 0.0001, "metadata": {"file": "/opt/venv/lib/python3.12/site-packages/primus_mllog/mlperf_sft.py", "lineno": 172}}
:::MLLOG {"namespace": "", "time_ms": 1778824621452, "event_type": "POINT_IN_TIME", "key": "opt_gradient_clip_norm", "value": 0.3, "metadata": {"file": "/opt/venv/lib/python3.12/site-packages/primus_mllog/mlperf_sft.py", "lineno": 172}}
:::MLLOG {"namespace": "", "time_ms": 1778824621452, "event_type": "POINT_IN_TIME", "key": "opt_learning_rate_warmup_factor", "value": 0.0, "metadata": {"file": "/opt/venv/lib/python3.12/site-packages/primus_mllog/mlperf_sft.py", "lineno": 172}}
:::MLLOG {"namespace": "", "time_ms": 1778824621452, "event_type": "POINT_IN_TIME", "key": "opt_learning_rate_training_steps", "value": 550, "metadata": {"file": "/opt/venv/lib/python3.12/site-packages/primus_mllog/mlperf_sft.py", "lineno": 172}}
:::MLLOG {"namespace": "", "time_ms": 1778824621452, "event_type": "POINT_IN_TIME", "key": "max_sequence_length", "value": 8192, "metadata": {"file": "/opt/venv/lib/python3.12/site-packages/primus_mllog/mlperf_sft.py", "lineno": 172}}
:::MLLOG {"namespace": "", "time_ms": 1778824621452, "event_type": "POINT_IN_TIME", "key": "max_steps", "value": 550, "metadata": {"file": "/opt/venv/lib/python3.12/site-packages/primus_mllog/mlperf_sft.py", "lineno": 172}}
:::MLLOG {"namespace": "", "time_ms": 1778824621452, "event_type": "POINT_IN_TIME", "key": "lora_rank", "value": 16, "metadata": {"file": "/opt/venv/lib/python3.12/site-packages/primus_mllog/mlperf_sft.py", "lineno": 172}}
:::MLLOG {"namespace": "", "time_ms": 1778824621452, "event_type": "POINT_IN_TIME", "key": "lora_alpha", "value": 32, "metadata": {"file": "/opt/venv/lib/python3.12/site-packages/primus_mllog/mlperf_sft.py", "lineno": 172}}
:::MLLOG {"namespace": "", "time_ms": 1778824621452, "event_type": "POINT_IN_TIME", "key": "tensor_parallelism", "value": 1, "metadata": {"file": "/opt/venv/lib/python3.12/site-packages/primus_mllog/mlperf_sft.py", "lineno": 172}}
:::MLLOG {"namespace": "", "time_ms": 1778824621452, "event_type": "POINT_IN_TIME", "key": "pipeline_parallelism", "value": 1, "metadata": {"file": "/opt/venv/lib/python3.12/site-packages/primus_mllog/mlperf_sft.py", "lineno": 172}}
:::MLLOG {"namespace": "", "time_ms": 1778824621453, "event_type": "POINT_IN_TIME", "key": "context_parallelism", "value": 1, "metadata": {"file": "/opt/venv/lib/python3.12/site-packages/primus_mllog/mlperf_sft.py", "lineno": 172}}
:::MLLOG {"namespace": "", "time_ms": 1778824621453, "event_type": "POINT_IN_TIME", "key": "expert_parallelism", "value": 1, "metadata": {"file": "/opt/venv/lib/python3.12/site-packages/primus_mllog/mlperf_sft.py", "lineno": 172}}
:::MLLOG {"namespace": "", "time_ms": 1778824621453, "event_type": "POINT_IN_TIME", "key": "micro_batch_size", "value": 1, "metadata": {"file": "/opt/venv/lib/python3.12/site-packages/primus_mllog/mlperf_sft.py", "lineno": 172}}
:::MLLOG {"namespace": "", "time_ms": 1778824621453, "event_type": "POINT_IN_TIME", "key": "config_filename", "value": "config_MI355X_1x8x1.sh", "metadata": {"file": "/opt/venv/lib/python3.12/site-packages/primus_mllog/mlperf_sft.py", "lineno": 172}}
:::MLLOG {"namespace": "", "time_ms": 1778824621453, "event_type": "POINT_IN_TIME", "key": "lowest_numerical_precision_linear", "value": "mxfp4", "metadata": {"file": "/opt/venv/lib/python3.12/site-packages/primus_mllog/mlperf_sft.py", "lineno": 172}}
:::MLLOG {"namespace": "", "time_ms": 1778825081096, "event_type": "INTERVAL_END", "key": "init_stop", "value": null, "metadata": {"file": "/opt/venv/lib/python3.12/site-packages/primus_mllog/mlperf_sft.py", "lineno": 186}}
:::MLLOG {"namespace": "", "time_ms": 1778825081096, "event_type": "INTERVAL_START", "key": "run_start", "value": null, "metadata": {"file": "/opt/venv/lib/python3.12/site-packages/primus_mllog/mlperf_sft.py", "lineno": 187}}
:::MLLOG {"namespace": "", "time_ms": 1778825081096, "event_type": "INTERVAL_START", "key": "epoch_start", "value": null, "metadata": {"file": "/opt/venv/lib/python3.12/site-packages/primus_mllog/mlperf_sft.py", "lineno": 189, "samples_count": 0}}
:::MLLOG {"namespace": "", "time_ms": 1778825081097, "event_type": "INTERVAL_START", "key": "block_start", "value": null, "metadata": {"file": "/opt/venv/lib/python3.12/site-packages/primus_mllog/mlperf_sft.py", "lineno": 192, "samples_count": 0}}
:::MLLOG {"namespace": "", "time_ms": 1778825293293, "event_type": "INTERVAL_END", "key": "block_stop", "value": null, "metadata": {"file": "/opt/venv/lib/python3.12/site-packages/primus_mllog/mlperf_sft.py", "lineno": 243, "samples_count": 1536}}
:::MLLOG {"namespace": "", "time_ms": 1778825293293, "event_type": "INTERVAL_START", "key": "eval_start", "value": null, "metadata": {"file": "/opt/venv/lib/python3.12/site-packages/primus_mllog/mlperf_sft.py", "lineno": 247, "samples_count": 1536}}
:::MLLOG {"namespace": "", "time_ms": 1778825303655, "event_type": "POINT_IN_TIME", "key": "eval_accuracy", "value": 0.9688794016838074, "metadata": {"file": "/opt/venv/lib/python3.12/site-packages/primus_mllog/mlperf_sft.py", "lineno": 264, "samples_count": 1536}}
:::MLLOG {"namespace": "", "time_ms": 1778825303655, "event_type": "INTERVAL_END", "key": "eval_stop", "value": null, "metadata": {"file": "/opt/venv/lib/python3.12/site-packages/primus_mllog/mlperf_sft.py", "lineno": 277, "samples_count": 1536}}
:::MLLOG {"namespace": "", "time_ms": 1778825303656, "event_type": "INTERVAL_START", "key": "block_start", "value": null, "metadata": {"file": "/opt/venv/lib/python3.12/site-packages/primus_mllog/mlperf_sft.py", "lineno": 283, "samples_count": 1536}}
:::MLLOG {"namespace": "", "time_ms": 1778825356975, "event_type": "INTERVAL_END", "key": "block_stop", "value": null, "metadata": {"file": "/opt/venv/lib/python3.12/site-packages/primus_mllog/mlperf_sft.py", "lineno": 243, "samples_count": 1920}}
:::MLLOG {"namespace": "", "time_ms": 1778825356975, "event_type": "INTERVAL_START", "key": "eval_start", "value": null, "metadata": {"file": "/opt/venv/lib/python3.12/site-packages/primus_mllog/mlperf_sft.py", "lineno": 247, "samples_count": 1920}}
:::MLLOG {"namespace": "", "time_ms": 1778825366964, "event_type": "POINT_IN_TIME", "key": "eval_accuracy", "value": 0.9574469923973083, "metadata": {"file": "/opt/venv/lib/python3.12/site-packages/primus_mllog/mlperf_sft.py", "lineno": 264, "samples_count": 1920}}
:::MLLOG {"namespace": "", "time_ms": 1778825366965, "event_type": "INTERVAL_END", "key": "eval_stop", "value": null, "metadata": {"file": "/opt/venv/lib/python3.12/site-packages/primus_mllog/mlperf_sft.py", "lineno": 277, "samples_count": 1920}}
:::MLLOG {"namespace": "", "time_ms": 1778825366965, "event_type": "INTERVAL_START", "key": "block_start", "value": null, "metadata": {"file": "/opt/venv/lib/python3.12/site-packages/primus_mllog/mlperf_sft.py", "lineno": 283, "samples_count": 1920}}
:::MLLOG {"namespace": "", "time_ms": 1778825421241, "event_type": "INTERVAL_END", "key": "block_stop", "value": null, "metadata": {"file": "/opt/venv/lib/python3.12/site-packages/primus_mllog/mlperf_sft.py", "lineno": 243, "samples_count": 2304}}
:::MLLOG {"namespace": "", "time_ms": 1778825421242, "event_type": "INTERVAL_START", "key": "eval_start", "value": null, "metadata": {"file": "/opt/venv/lib/python3.12/site-packages/primus_mllog/mlperf_sft.py", "lineno": 247, "samples_count": 2304}}
:::MLLOG {"namespace": "", "time_ms": 1778825431332, "event_type": "POINT_IN_TIME", "key": "eval_accuracy", "value": 0.9503490924835205, "metadata": {"file": "/opt/venv/lib/python3.12/site-packages/primus_mllog/mlperf_sft.py", "lineno": 264, "samples_count": 2304}}
:::MLLOG {"namespace": "", "time_ms": 1778825431332, "event_type": "INTERVAL_END", "key": "eval_stop", "value": null, "metadata": {"file": "/opt/venv/lib/python3.12/site-packages/primus_mllog/mlperf_sft.py", "lineno": 277, "samples_count": 2304}}
:::MLLOG {"namespace": "", "time_ms": 1778825431332, "event_type": "INTERVAL_START", "key": "block_start", "value": null, "metadata": {"file": "/opt/venv/lib/python3.12/site-packages/primus_mllog/mlperf_sft.py", "lineno": 283, "samples_count": 2304}}
:::MLLOG {"namespace": "", "time_ms": 1778825484523, "event_type": "INTERVAL_END", "key": "block_stop", "value": null, "metadata": {"file": "/opt/venv/lib/python3.12/site-packages/primus_mllog/mlperf_sft.py", "lineno": 243, "samples_count": 2688}}
:::MLLOG {"namespace": "", "time_ms": 1778825484523, "event_type": "INTERVAL_START", "key": "eval_start", "value": null, "metadata": {"file": "/opt/venv/lib/python3.12/site-packages/primus_mllog/mlperf_sft.py", "lineno": 247, "samples_count": 2688}}
:::MLLOG {"namespace": "", "time_ms": 1778825494762, "event_type": "POINT_IN_TIME", "key": "eval_accuracy", "value": 0.9475638270378113, "metadata": {"file": "/opt/venv/lib/python3.12/site-packages/primus_mllog/mlperf_sft.py", "lineno": 264, "samples_count": 2688}}
:::MLLOG {"namespace": "", "time_ms": 1778825494762, "event_type": "INTERVAL_END", "key": "eval_stop", "value": null, "metadata": {"file": "/opt/venv/lib/python3.12/site-packages/primus_mllog/mlperf_sft.py", "lineno": 277, "samples_count": 2688}}
:::MLLOG {"namespace": "", "time_ms": 1778825494763, "event_type": "INTERVAL_START", "key": "block_start", "value": null, "metadata": {"file": "/opt/venv/lib/python3.12/site-packages/primus_mllog/mlperf_sft.py", "lineno": 283, "samples_count": 2688}}
:::MLLOG {"namespace": "", "time_ms": 1778825569472, "event_type": "INTERVAL_END", "key": "block_stop", "value": null, "metadata": {"file": "/opt/venv/lib/python3.12/site-packages/primus_mllog/mlperf_sft.py", "lineno": 243, "samples_count": 3072}}
:::MLLOG {"namespace": "", "time_ms": 1778825569472, "event_type": "INTERVAL_START", "key": "eval_start", "value": null, "metadata": {"file": "/opt/venv/lib/python3.12/site-packages/primus_mllog/mlperf_sft.py", "lineno": 247, "samples_count": 3072}}
:::MLLOG {"namespace": "", "time_ms": 1778825583301, "event_type": "POINT_IN_TIME", "key": "eval_accuracy", "value": 0.923194169998169, "metadata": {"file": "/opt/venv/lib/python3.12/site-packages/primus_mllog/mlperf_sft.py", "lineno": 264, "samples_count": 3072}}
:::MLLOG {"namespace": "", "time_ms": 1778825583301, "event_type": "INTERVAL_END", "key": "eval_stop", "value": null, "metadata": {"file": "/opt/venv/lib/python3.12/site-packages/primus_mllog/mlperf_sft.py", "lineno": 277, "samples_count": 3072}}
:::MLLOG {"namespace": "", "time_ms": 1778825583308, "event_type": "INTERVAL_END", "key": "epoch_stop", "value": null, "metadata": {"file": "/opt/venv/lib/python3.12/site-packages/primus_mllog/mlperf_sft.py", "lineno": 305, "samples_count": 3072}}
:::MLLOG {"namespace": "", "time_ms": 1778825583308, "event_type": "INTERVAL_END", "key": "run_stop", "value": null, "metadata": {"file": "/opt/venv/lib/python3.12/site-packages/primus_mllog/mlperf_sft.py", "lineno": 319, "samples_count": 3072, "status": "success"}}
:::MLLOG {"namespace": "", "time_ms": 1778825583309, "event_type": "POINT_IN_TIME", "key": "run_duration", "value": "502.21s -> 8.37 minutes", "metadata": {"file": "/opt/venv/lib/python3.12/site-packages/primus_mllog/mlperf_sft.py", "lineno": 331, "samples": 3072}}
:::MLLOG {"namespace": "", "time_ms": 1778825583309, "event_type": "POINT_IN_TIME", "key": "throughput", "value": 6.12, "metadata": {"file": "/opt/venv/lib/python3.12/site-packages/primus_mllog/mlperf_sft.py", "lineno": 336, "samples": 3072}}
:::MLLOG {"namespace": "", "time_ms": 1778825631689, "event_type": "POINT_IN_TIME", "key": "submission_benchmark", "value": "llama2_70b_lora", "metadata": {"file": "/opt/venv/lib/python3.12/site-packages/primus_mllog/mlperf_sft.py", "lineno": 120}}
:::MLLOG {"namespace": "", "time_ms": 1778825631696, "event_type": "POINT_IN_TIME", "key": "submission_org", "value": "AMD", "metadata": {"file": "/opt/venv/lib/python3.12/site-packages/primus_mllog/mlperf_sft.py", "lineno": 124}}
:::MLLOG {"namespace": "", "time_ms": 1778825631696, "event_type": "POINT_IN_TIME", "key": "submission_division", "value": "closed", "metadata": {"file": "/opt/venv/lib/python3.12/site-packages/primus_mllog/mlperf_sft.py", "lineno": 128}}
:::MLLOG {"namespace": "", "time_ms": 1778825631696, "event_type": "POINT_IN_TIME", "key": "submission_platform", "value": "MI355X", "metadata": {"file": "/opt/venv/lib/python3.12/site-packages/primus_mllog/mlperf_sft.py", "lineno": 132}}
:::MLLOG {"namespace": "", "time_ms": 1778825631696, "event_type": "POINT_IN_TIME", "key": "submission_status", "value": "onprem", "metadata": {"file": "/opt/venv/lib/python3.12/site-packages/primus_mllog/mlperf_sft.py", "lineno": 136}}
:::MLLOG {"namespace": "", "time_ms": 1778825631696, "event_type": "POINT_IN_TIME", "key": "target_accuracy", "value": 0.925, "metadata": {"file": "/opt/venv/lib/python3.12/site-packages/primus_mllog/mlperf_sft.py", "lineno": 139}}
:::MLLOG {"namespace": "", "time_ms": 1778825631696, "event_type": "POINT_IN_TIME", "key": "global_batch_size", "value": 8, "metadata": {"file": "/opt/venv/lib/python3.12/site-packages/primus_mllog/mlperf_sft.py", "lineno": 172}}
:::MLLOG {"namespace": "", "time_ms": 1778825631696, "event_type": "POINT_IN_TIME", "key": "train_samples", "value": 3901, "metadata": {"file": "/opt/venv/lib/python3.12/site-packages/primus_mllog/mlperf_sft.py", "lineno": 172}}
:::MLLOG {"namespace": "", "time_ms": 1778825631696, "event_type": "POINT_IN_TIME", "key": "eval_samples", "value": 173, "metadata": {"file": "/opt/venv/lib/python3.12/site-packages/primus_mllog/mlperf_sft.py", "lineno": 172}}
:::MLLOG {"namespace": "", "time_ms": 1778825631696, "event_type": "POINT_IN_TIME", "key": "gradient_accumulation_steps", "value": 1, "metadata": {"file": "/opt/venv/lib/python3.12/site-packages/primus_mllog/mlperf_sft.py", "lineno": 172}}
:::MLLOG {"namespace": "", "time_ms": 1778825631696, "event_type": "POINT_IN_TIME", "key": "seed", "value": 14493, "metadata": {"file": "/opt/venv/lib/python3.12/site-packages/primus_mllog/mlperf_sft.py", "lineno": 172}}
:::MLLOG {"namespace": "", "time_ms": 1778825631696, "event_type": "POINT_IN_TIME", "key": "opt_name", "value": "adamw", "metadata": {"file": "/opt/venv/lib/python3.12/site-packages/primus_mllog/mlperf_sft.py", "lineno": 172}}
:::MLLOG {"namespace": "", "time_ms": 1778825631696, "event_type": "POINT_IN_TIME", "key": "opt_base_learning_rate", "value": 0.0006, "metadata": {"file": "/opt/venv/lib/python3.12/site-packages/primus_mllog/mlperf_sft.py", "lineno": 172}}
:::MLLOG {"namespace": "", "time_ms": 1778825631696, "event_type": "POINT_IN_TIME", "key": "opt_adamw_beta_1", "value": 0.9, "metadata": {"file": "/opt/venv/lib/python3.12/site-packages/primus_mllog/mlperf_sft.py", "lineno": 172}}
:::MLLOG {"namespace": "", "time_ms": 1778825631696, "event_type": "POINT_IN_TIME", "key": "opt_adamw_beta_2", "value": 0.999, "metadata": {"file": "/opt/venv/lib/python3.12/site-packages/primus_mllog/mlperf_sft.py", "lineno": 172}}
:::MLLOG {"namespace": "", "time_ms": 1778825631696, "event_type": "POINT_IN_TIME", "key": "opt_adamw_epsilon", "value": 1e-08, "metadata": {"file": "/opt/venv/lib/python3.12/site-packages/primus_mllog/mlperf_sft.py", "lineno": 172}}
:::MLLOG {"namespace": "", "time_ms": 1778825631697, "event_type": "POINT_IN_TIME", "key": "opt_adamw_weight_decay", "value": 0.0001, "metadata": {"file": "/opt/venv/lib/python3.12/site-packages/primus_mllog/mlperf_sft.py", "lineno": 172}}
:::MLLOG {"namespace": "", "time_ms": 1778825631697, "event_type": "POINT_IN_TIME", "key": "opt_gradient_clip_norm", "value": 0.3, "metadata": {"file": "/opt/venv/lib/python3.12/site-packages/primus_mllog/mlperf_sft.py", "lineno": 172}}
:::MLLOG {"namespace": "", "time_ms": 1778825631697, "event_type": "POINT_IN_TIME", "key": "opt_learning_rate_warmup_factor", "value": 0.0, "metadata": {"file": "/opt/venv/lib/python3.12/site-packages/primus_mllog/mlperf_sft.py", "lineno": 172}}
:::MLLOG {"namespace": "", "time_ms": 1778825631697, "event_type": "POINT_IN_TIME", "key": "opt_learning_rate_training_steps", "value": 550, "metadata": {"file": "/opt/venv/lib/python3.12/site-packages/primus_mllog/mlperf_sft.py", "lineno": 172}}
:::MLLOG {"namespace": "", "time_ms": 1778825631697, "event_type": "POINT_IN_TIME", "key": "max_sequence_length", "value": 8192, "metadata": {"file": "/opt/venv/lib/python3.12/site-packages/primus_mllog/mlperf_sft.py", "lineno": 172}}
:::MLLOG {"namespace": "", "time_ms": 1778825631697, "event_type": "POINT_IN_TIME", "key": "max_steps", "value": 550, "metadata": {"file": "/opt/venv/lib/python3.12/site-packages/primus_mllog/mlperf_sft.py", "lineno": 172}}
:::MLLOG {"namespace": "", "time_ms": 1778825631697, "event_type": "POINT_IN_TIME", "key": "lora_rank", "value": 16, "metadata": {"file": "/opt/venv/lib/python3.12/site-packages/primus_mllog/mlperf_sft.py", "lineno": 172}}
:::MLLOG {"namespace": "", "time_ms": 1778825631697, "event_type": "POINT_IN_TIME", "key": "lora_alpha", "value": 32, "metadata": {"file": "/opt/venv/lib/python3.12/site-packages/primus_mllog/mlperf_sft.py", "lineno": 172}}
:::MLLOG {"namespace": "", "time_ms": 1778825631697, "event_type": "POINT_IN_TIME", "key": "tensor_parallelism", "value": 1, "metadata": {"file": "/opt/venv/lib/python3.12/site-packages/primus_mllog/mlperf_sft.py", "lineno": 172}}
:::MLLOG {"namespace": "", "time_ms": 1778825631697, "event_type": "POINT_IN_TIME", "key": "pipeline_parallelism", "value": 1, "metadata": {"file": "/opt/venv/lib/python3.12/site-packages/primus_mllog/mlperf_sft.py", "lineno": 172}}
:::MLLOG {"namespace": "", "time_ms": 1778825631697, "event_type": "POINT_IN_TIME", "key": "context_parallelism", "value": 1, "metadata": {"file": "/opt/venv/lib/python3.12/site-packages/primus_mllog/mlperf_sft.py", "lineno": 172}}
:::MLLOG {"namespace": "", "time_ms": 1778825631697, "event_type": "POINT_IN_TIME", "key": "expert_parallelism", "value": 1, "metadata": {"file": "/opt/venv/lib/python3.12/site-packages/primus_mllog/mlperf_sft.py", "lineno": 172}}
:::MLLOG {"namespace": "", "time_ms": 1778825631697, "event_type": "POINT_IN_TIME", "key": "micro_batch_size", "value": 1, "metadata": {"file": "/opt/venv/lib/python3.12/site-packages/primus_mllog/mlperf_sft.py", "lineno": 172}}
:::MLLOG {"namespace": "", "time_ms": 1778825631697, "event_type": "POINT_IN_TIME", "key": "config_filename", "value": "config_MI355X_1x8x1.sh", "metadata": {"file": "/opt/venv/lib/python3.12/site-packages/primus_mllog/mlperf_sft.py", "lineno": 172}}
:::MLLOG {"namespace": "", "time_ms": 1778825631697, "event_type": "POINT_IN_TIME", "key": "lowest_numerical_precision_linear", "value": "mxfp4", "metadata": {"file": "/opt/venv/lib/python3.12/site-packages/primus_mllog/mlperf_sft.py", "lineno": 172}}
:::MLLOG {"namespace": "", "time_ms": 1778825833970, "event_type": "INTERVAL_END", "key": "init_stop", "value": null, "metadata": {"file": "/opt/venv/lib/python3.12/site-packages/primus_mllog/mlperf_sft.py", "lineno": 186}}
:::MLLOG {"namespace": "", "time_ms": 1778825833971, "event_type": "INTERVAL_START", "key": "run_start", "value": null, "metadata": {"file": "/opt/venv/lib/python3.12/site-packages/primus_mllog/mlperf_sft.py", "lineno": 187}}
:::MLLOG {"namespace": "", "time_ms": 1778825833971, "event_type": "INTERVAL_START", "key": "epoch_start", "value": null, "metadata": {"file": "/opt/venv/lib/python3.12/site-packages/primus_mllog/mlperf_sft.py", "lineno": 189, "samples_count": 0}}
:::MLLOG {"namespace": "", "time_ms": 1778825833971, "event_type": "INTERVAL_START", "key": "block_start", "value": null, "metadata": {"file": "/opt/venv/lib/python3.12/site-packages/primus_mllog/mlperf_sft.py", "lineno": 192, "samples_count": 0}}
:::MLLOG {"namespace": "", "time_ms": 1778826049708, "event_type": "INTERVAL_END", "key": "block_stop", "value": null, "metadata": {"file": "/opt/venv/lib/python3.12/site-packages/primus_mllog/mlperf_sft.py", "lineno": 243, "samples_count": 1536}}
:::MLLOG {"namespace": "", "time_ms": 1778826049708, "event_type": "INTERVAL_START", "key": "eval_start", "value": null, "metadata": {"file": "/opt/venv/lib/python3.12/site-packages/primus_mllog/mlperf_sft.py", "lineno": 247, "samples_count": 1536}}
:::MLLOG {"namespace": "", "time_ms": 1778826059863, "event_type": "POINT_IN_TIME", "key": "eval_accuracy", "value": 0.9707244038581848, "metadata": {"file": "/opt/venv/lib/python3.12/site-packages/primus_mllog/mlperf_sft.py", "lineno": 264, "samples_count": 1536}}
:::MLLOG {"namespace": "", "time_ms": 1778826059864, "event_type": "INTERVAL_END", "key": "eval_stop", "value": null, "metadata": {"file": "/opt/venv/lib/python3.12/site-packages/primus_mllog/mlperf_sft.py", "lineno": 277, "samples_count": 1536}}
:::MLLOG {"namespace": "", "time_ms": 1778826059864, "event_type": "INTERVAL_START", "key": "block_start", "value": null, "metadata": {"file": "/opt/venv/lib/python3.12/site-packages/primus_mllog/mlperf_sft.py", "lineno": 283, "samples_count": 1536}}
:::MLLOG {"namespace": "", "time_ms": 1778826113665, "event_type": "INTERVAL_END", "key": "block_stop", "value": null, "metadata": {"file": "/opt/venv/lib/python3.12/site-packages/primus_mllog/mlperf_sft.py", "lineno": 243, "samples_count": 1920}}
:::MLLOG {"namespace": "", "time_ms": 1778826113665, "event_type": "INTERVAL_START", "key": "eval_start", "value": null, "metadata": {"file": "/opt/venv/lib/python3.12/site-packages/primus_mllog/mlperf_sft.py", "lineno": 247, "samples_count": 1920}}
:::MLLOG {"namespace": "", "time_ms": 1778826123726, "event_type": "POINT_IN_TIME", "key": "eval_accuracy", "value": 0.9605898261070251, "metadata": {"file": "/opt/venv/lib/python3.12/site-packages/primus_mllog/mlperf_sft.py", "lineno": 264, "samples_count": 1920}}
:::MLLOG {"namespace": "", "time_ms": 1778826123727, "event_type": "INTERVAL_END", "key": "eval_stop", "value": null, "metadata": {"file": "/opt/venv/lib/python3.12/site-packages/primus_mllog/mlperf_sft.py", "lineno": 277, "samples_count": 1920}}
:::MLLOG {"namespace": "", "time_ms": 1778826123727, "event_type": "INTERVAL_START", "key": "block_start", "value": null, "metadata": {"file": "/opt/venv/lib/python3.12/site-packages/primus_mllog/mlperf_sft.py", "lineno": 283, "samples_count": 1920}}
:::MLLOG {"namespace": "", "time_ms": 1778826177434, "event_type": "INTERVAL_END", "key": "block_stop", "value": null, "metadata": {"file": "/opt/venv/lib/python3.12/site-packages/primus_mllog/mlperf_sft.py", "lineno": 243, "samples_count": 2304}}
:::MLLOG {"namespace": "", "time_ms": 1778826177434, "event_type": "INTERVAL_START", "key": "eval_start", "value": null, "metadata": {"file": "/opt/venv/lib/python3.12/site-packages/primus_mllog/mlperf_sft.py", "lineno": 247, "samples_count": 2304}}
:::MLLOG {"namespace": "", "time_ms": 1778826187575, "event_type": "POINT_IN_TIME", "key": "eval_accuracy", "value": 0.9520545601844788, "metadata": {"file": "/opt/venv/lib/python3.12/site-packages/primus_mllog/mlperf_sft.py", "lineno": 264, "samples_count": 2304}}
:::MLLOG {"namespace": "", "time_ms": 1778826187576, "event_type": "INTERVAL_END", "key": "eval_stop", "value": null, "metadata": {"file": "/opt/venv/lib/python3.12/site-packages/primus_mllog/mlperf_sft.py", "lineno": 277, "samples_count": 2304}}
:::MLLOG {"namespace": "", "time_ms": 1778826187576, "event_type": "INTERVAL_START", "key": "block_start", "value": null, "metadata": {"file": "/opt/venv/lib/python3.12/site-packages/primus_mllog/mlperf_sft.py", "lineno": 283, "samples_count": 2304}}
:::MLLOG {"namespace": "", "time_ms": 1778826241007, "event_type": "INTERVAL_END", "key": "block_stop", "value": null, "metadata": {"file": "/opt/venv/lib/python3.12/site-packages/primus_mllog/mlperf_sft.py", "lineno": 243, "samples_count": 2688}}
:::MLLOG {"namespace": "", "time_ms": 1778826241007, "event_type": "INTERVAL_START", "key": "eval_start", "value": null, "metadata": {"file": "/opt/venv/lib/python3.12/site-packages/primus_mllog/mlperf_sft.py", "lineno": 247, "samples_count": 2688}}
:::MLLOG {"namespace": "", "time_ms": 1778826251225, "event_type": "POINT_IN_TIME", "key": "eval_accuracy", "value": 0.9487449526786804, "metadata": {"file": "/opt/venv/lib/python3.12/site-packages/primus_mllog/mlperf_sft.py", "lineno": 264, "samples_count": 2688}}
:::MLLOG {"namespace": "", "time_ms": 1778826251225, "event_type": "INTERVAL_END", "key": "eval_stop", "value": null, "metadata": {"file": "/opt/venv/lib/python3.12/site-packages/primus_mllog/mlperf_sft.py", "lineno": 277, "samples_count": 2688}}
:::MLLOG {"namespace": "", "time_ms": 1778826251225, "event_type": "INTERVAL_START", "key": "block_start", "value": null, "metadata": {"file": "/opt/venv/lib/python3.12/site-packages/primus_mllog/mlperf_sft.py", "lineno": 283, "samples_count": 2688}}
:::MLLOG {"namespace": "", "time_ms": 1778826326197, "event_type": "INTERVAL_END", "key": "block_stop", "value": null, "metadata": {"file": "/opt/venv/lib/python3.12/site-packages/primus_mllog/mlperf_sft.py", "lineno": 243, "samples_count": 3072}}
:::MLLOG {"namespace": "", "time_ms": 1778826326198, "event_type": "INTERVAL_START", "key": "eval_start", "value": null, "metadata": {"file": "/opt/venv/lib/python3.12/site-packages/primus_mllog/mlperf_sft.py", "lineno": 247, "samples_count": 3072}}
:::MLLOG {"namespace": "", "time_ms": 1778826340412, "event_type": "POINT_IN_TIME", "key": "eval_accuracy", "value": 0.9231104254722595, "metadata": {"file": "/opt/venv/lib/python3.12/site-packages/primus_mllog/mlperf_sft.py", "lineno": 264, "samples_count": 3072}}
:::MLLOG {"namespace": "", "time_ms": 1778826340412, "event_type": "INTERVAL_END", "key": "eval_stop", "value": null, "metadata": {"file": "/opt/venv/lib/python3.12/site-packages/primus_mllog/mlperf_sft.py", "lineno": 277, "samples_count": 3072}}
:::MLLOG {"namespace": "", "time_ms": 1778826340419, "event_type": "INTERVAL_END", "key": "epoch_stop", "value": null, "metadata": {"file": "/opt/venv/lib/python3.12/site-packages/primus_mllog/mlperf_sft.py", "lineno": 305, "samples_count": 3072}}
:::MLLOG {"namespace": "", "time_ms": 1778826340419, "event_type": "INTERVAL_END", "key": "run_stop", "value": null, "metadata": {"file": "/opt/venv/lib/python3.12/site-packages/primus_mllog/mlperf_sft.py", "lineno": 319, "samples_count": 3072, "status": "success"}}
:::MLLOG {"namespace": "", "time_ms": 1778826340419, "event_type": "POINT_IN_TIME", "key": "run_duration", "value": "506.45s -> 8.44 minutes", "metadata": {"file": "/opt/venv/lib/python3.12/site-packages/primus_mllog/mlperf_sft.py", "lineno": 331, "samples": 3072}}
:::MLLOG {"namespace": "", "time_ms": 1778826340419, "event_type": "POINT_IN_TIME", "key": "throughput", "value": 6.07, "metadata": {"file": "/opt/venv/lib/python3.12/site-packages/primus_mllog/mlperf_sft.py", "lineno": 336, "samples": 3072}}
:::MLLOG {"namespace": "", "time_ms": 1778826388077, "event_type": "POINT_IN_TIME", "key": "submission_benchmark", "value": "llama2_70b_lora", "metadata": {"file": "/opt/venv/lib/python3.12/site-packages/primus_mllog/mlperf_sft.py", "lineno": 120}}
:::MLLOG {"namespace": "", "time_ms": 1778826388083, "event_type": "POINT_IN_TIME", "key": "submission_org", "value": "AMD", "metadata": {"file": "/opt/venv/lib/python3.12/site-packages/primus_mllog/mlperf_sft.py", "lineno": 124}}
:::MLLOG {"namespace": "", "time_ms": 1778826388084, "event_type": "POINT_IN_TIME", "key": "submission_division", "value": "closed", "metadata": {"file": "/opt/venv/lib/python3.12/site-packages/primus_mllog/mlperf_sft.py", "lineno": 128}}
:::MLLOG {"namespace": "", "time_ms": 1778826388084, "event_type": "POINT_IN_TIME", "key": "submission_platform", "value": "MI355X", "metadata": {"file": "/opt/venv/lib/python3.12/site-packages/primus_mllog/mlperf_sft.py", "lineno": 132}}
:::MLLOG {"namespace": "", "time_ms": 1778826388084, "event_type": "POINT_IN_TIME", "key": "submission_status", "value": "onprem", "metadata": {"file": "/opt/venv/lib/python3.12/site-packages/primus_mllog/mlperf_sft.py", "lineno": 136}}
:::MLLOG {"namespace": "", "time_ms": 1778826388084, "event_type": "POINT_IN_TIME", "key": "target_accuracy", "value": 0.925, "metadata": {"file": "/opt/venv/lib/python3.12/site-packages/primus_mllog/mlperf_sft.py", "lineno": 139}}
:::MLLOG {"namespace": "", "time_ms": 1778826388084, "event_type": "POINT_IN_TIME", "key": "global_batch_size", "value": 8, "metadata": {"file": "/opt/venv/lib/python3.12/site-packages/primus_mllog/mlperf_sft.py", "lineno": 172}}
:::MLLOG {"namespace": "", "time_ms": 1778826388084, "event_type": "POINT_IN_TIME", "key": "train_samples", "value": 3901, "metadata": {"file": "/opt/venv/lib/python3.12/site-packages/primus_mllog/mlperf_sft.py", "lineno": 172}}
:::MLLOG {"namespace": "", "time_ms": 1778826388084, "event_type": "POINT_IN_TIME", "key": "eval_samples", "value": 173, "metadata": {"file": "/opt/venv/lib/python3.12/site-packages/primus_mllog/mlperf_sft.py", "lineno": 172}}
:::MLLOG {"namespace": "", "time_ms": 1778826388084, "event_type": "POINT_IN_TIME", "key": "gradient_accumulation_steps", "value": 1, "metadata": {"file": "/opt/venv/lib/python3.12/site-packages/primus_mllog/mlperf_sft.py", "lineno": 172}}
:::MLLOG {"namespace": "", "time_ms": 1778826388084, "event_type": "POINT_IN_TIME", "key": "seed", "value": 10766, "metadata": {"file": "/opt/venv/lib/python3.12/site-packages/primus_mllog/mlperf_sft.py", "lineno": 172}}
:::MLLOG {"namespace": "", "time_ms": 1778826388084, "event_type": "POINT_IN_TIME", "key": "opt_name", "value": "adamw", "metadata": {"file": "/opt/venv/lib/python3.12/site-packages/primus_mllog/mlperf_sft.py", "lineno": 172}}
:::MLLOG {"namespace": "", "time_ms": 1778826388084, "event_type": "POINT_IN_TIME", "key": "opt_base_learning_rate", "value": 0.0006, "metadata": {"file": "/opt/venv/lib/python3.12/site-packages/primus_mllog/mlperf_sft.py", "lineno": 172}}
:::MLLOG {"namespace": "", "time_ms": 1778826388084, "event_type": "POINT_IN_TIME", "key": "opt_adamw_beta_1", "value": 0.9, "metadata": {"file": "/opt/venv/lib/python3.12/site-packages/primus_mllog/mlperf_sft.py", "lineno": 172}}
:::MLLOG {"namespace": "", "time_ms": 1778826388084, "event_type": "POINT_IN_TIME", "key": "opt_adamw_beta_2", "value": 0.999, "metadata": {"file": "/opt/venv/lib/python3.12/site-packages/primus_mllog/mlperf_sft.py", "lineno": 172}}
:::MLLOG {"namespace": "", "time_ms": 1778826388084, "event_type": "POINT_IN_TIME", "key": "opt_adamw_epsilon", "value": 1e-08, "metadata": {"file": "/opt/venv/lib/python3.12/site-packages/primus_mllog/mlperf_sft.py", "lineno": 172}}
:::MLLOG {"namespace": "", "time_ms": 1778826388085, "event_type": "POINT_IN_TIME", "key": "opt_adamw_weight_decay", "value": 0.0001, "metadata": {"file": "/opt/venv/lib/python3.12/site-packages/primus_mllog/mlperf_sft.py", "lineno": 172}}
:::MLLOG {"namespace": "", "time_ms": 1778826388085, "event_type": "POINT_IN_TIME", "key": "opt_gradient_clip_norm", "value": 0.3, "metadata": {"file": "/opt/venv/lib/python3.12/site-packages/primus_mllog/mlperf_sft.py", "lineno": 172}}
:::MLLOG {"namespace": "", "time_ms": 1778826388085, "event_type": "POINT_IN_TIME", "key": "opt_learning_rate_warmup_factor", "value": 0.0, "metadata": {"file": "/opt/venv/lib/python3.12/site-packages/primus_mllog/mlperf_sft.py", "lineno": 172}}
:::MLLOG {"namespace": "", "time_ms": 1778826388085, "event_type": "POINT_IN_TIME", "key": "opt_learning_rate_training_steps", "value": 550, "metadata": {"file": "/opt/venv/lib/python3.12/site-packages/primus_mllog/mlperf_sft.py", "lineno": 172}}
:::MLLOG {"namespace": "", "time_ms": 1778826388085, "event_type": "POINT_IN_TIME", "key": "max_sequence_length", "value": 8192, "metadata": {"file": "/opt/venv/lib/python3.12/site-packages/primus_mllog/mlperf_sft.py", "lineno": 172}}
:::MLLOG {"namespace": "", "time_ms": 1778826388085, "event_type": "POINT_IN_TIME", "key": "max_steps", "value": 550, "metadata": {"file": "/opt/venv/lib/python3.12/site-packages/primus_mllog/mlperf_sft.py", "lineno": 172}}
:::MLLOG {"namespace": "", "time_ms": 1778826388085, "event_type": "POINT_IN_TIME", "key": "lora_rank", "value": 16, "metadata": {"file": "/opt/venv/lib/python3.12/site-packages/primus_mllog/mlperf_sft.py", "lineno": 172}}
:::MLLOG {"namespace": "", "time_ms": 1778826388085, "event_type": "POINT_IN_TIME", "key": "lora_alpha", "value": 32, "metadata": {"file": "/opt/venv/lib/python3.12/site-packages/primus_mllog/mlperf_sft.py", "lineno": 172}}
:::MLLOG {"namespace": "", "time_ms": 1778826388085, "event_type": "POINT_IN_TIME", "key": "tensor_parallelism", "value": 1, "metadata": {"file": "/opt/venv/lib/python3.12/site-packages/primus_mllog/mlperf_sft.py", "lineno": 172}}
:::MLLOG {"namespace": "", "time_ms": 1778826388085, "event_type": "POINT_IN_TIME", "key": "pipeline_parallelism", "value": 1, "metadata": {"file": "/opt/venv/lib/python3.12/site-packages/primus_mllog/mlperf_sft.py", "lineno": 172}}
:::MLLOG {"namespace": "", "time_ms": 1778826388085, "event_type": "POINT_IN_TIME", "key": "context_parallelism", "value": 1, "metadata": {"file": "/opt/venv/lib/python3.12/site-packages/primus_mllog/mlperf_sft.py", "lineno": 172}}
:::MLLOG {"namespace": "", "time_ms": 1778826388085, "event_type": "POINT_IN_TIME", "key": "expert_parallelism", "value": 1, "metadata": {"file": "/opt/venv/lib/python3.12/site-packages/primus_mllog/mlperf_sft.py", "lineno": 172}}
:::MLLOG {"namespace": "", "time_ms": 1778826388085, "event_type": "POINT_IN_TIME", "key": "micro_batch_size", "value": 1, "metadata": {"file": "/opt/venv/lib/python3.12/site-packages/primus_mllog/mlperf_sft.py", "lineno": 172}}
:::MLLOG {"namespace": "", "time_ms": 1778826388085, "event_type": "POINT_IN_TIME", "key": "config_filename", "value": "config_MI355X_1x8x1.sh", "metadata": {"file": "/opt/venv/lib/python3.12/site-packages/primus_mllog/mlperf_sft.py", "lineno": 172}}
:::MLLOG {"namespace": "", "time_ms": 1778826388085, "event_type": "POINT_IN_TIME", "key": "lowest_numerical_precision_linear", "value": "mxfp4", "metadata": {"file": "/opt/venv/lib/python3.12/site-packages/primus_mllog/mlperf_sft.py", "lineno": 172}}
:::MLLOG {"namespace": "", "time_ms": 1778826590638, "event_type": "INTERVAL_END", "key": "init_stop", "value": null, "metadata": {"file": "/opt/venv/lib/python3.12/site-packages/primus_mllog/mlperf_sft.py", "lineno": 186}}
:::MLLOG {"namespace": "", "time_ms": 1778826590639, "event_type": "INTERVAL_START", "key": "run_start", "value": null, "metadata": {"file": "/opt/venv/lib/python3.12/site-packages/primus_mllog/mlperf_sft.py", "lineno": 187}}
:::MLLOG {"namespace": "", "time_ms": 1778826590639, "event_type": "INTERVAL_START", "key": "epoch_start", "value": null, "metadata": {"file": "/opt/venv/lib/python3.12/site-packages/primus_mllog/mlperf_sft.py", "lineno": 189, "samples_count": 0}}
:::MLLOG {"namespace": "", "time_ms": 1778826590639, "event_type": "INTERVAL_START", "key": "block_start", "value": null, "metadata": {"file": "/opt/venv/lib/python3.12/site-packages/primus_mllog/mlperf_sft.py", "lineno": 192, "samples_count": 0}}
:::MLLOG {"namespace": "", "time_ms": 1778826810132, "event_type": "INTERVAL_END", "key": "block_stop", "value": null, "metadata": {"file": "/opt/venv/lib/python3.12/site-packages/primus_mllog/mlperf_sft.py", "lineno": 243, "samples_count": 1536}}
:::MLLOG {"namespace": "", "time_ms": 1778826810132, "event_type": "INTERVAL_START", "key": "eval_start", "value": null, "metadata": {"file": "/opt/venv/lib/python3.12/site-packages/primus_mllog/mlperf_sft.py", "lineno": 247, "samples_count": 1536}}
:::MLLOG {"namespace": "", "time_ms": 1778826820604, "event_type": "POINT_IN_TIME", "key": "eval_accuracy", "value": 0.9701445698738098, "metadata": {"file": "/opt/venv/lib/python3.12/site-packages/primus_mllog/mlperf_sft.py", "lineno": 264, "samples_count": 1536}}
:::MLLOG {"namespace": "", "time_ms": 1778826820604, "event_type": "INTERVAL_END", "key": "eval_stop", "value": null, "metadata": {"file": "/opt/venv/lib/python3.12/site-packages/primus_mllog/mlperf_sft.py", "lineno": 277, "samples_count": 1536}}
:::MLLOG {"namespace": "", "time_ms": 1778826820604, "event_type": "INTERVAL_START", "key": "block_start", "value": null, "metadata": {"file": "/opt/venv/lib/python3.12/site-packages/primus_mllog/mlperf_sft.py", "lineno": 283, "samples_count": 1536}}
:::MLLOG {"namespace": "", "time_ms": 1778826875122, "event_type": "INTERVAL_END", "key": "block_stop", "value": null, "metadata": {"file": "/opt/venv/lib/python3.12/site-packages/primus_mllog/mlperf_sft.py", "lineno": 243, "samples_count": 1920}}
:::MLLOG {"namespace": "", "time_ms": 1778826875122, "event_type": "INTERVAL_START", "key": "eval_start", "value": null, "metadata": {"file": "/opt/venv/lib/python3.12/site-packages/primus_mllog/mlperf_sft.py", "lineno": 247, "samples_count": 1920}}
:::MLLOG {"namespace": "", "time_ms": 1778826885447, "event_type": "POINT_IN_TIME", "key": "eval_accuracy", "value": 0.9613127112388611, "metadata": {"file": "/opt/venv/lib/python3.12/site-packages/primus_mllog/mlperf_sft.py", "lineno": 264, "samples_count": 1920}}
:::MLLOG {"namespace": "", "time_ms": 1778826885448, "event_type": "INTERVAL_END", "key": "eval_stop", "value": null, "metadata": {"file": "/opt/venv/lib/python3.12/site-packages/primus_mllog/mlperf_sft.py", "lineno": 277, "samples_count": 1920}}
:::MLLOG {"namespace": "", "time_ms": 1778826885448, "event_type": "INTERVAL_START", "key": "block_start", "value": null, "metadata": {"file": "/opt/venv/lib/python3.12/site-packages/primus_mllog/mlperf_sft.py", "lineno": 283, "samples_count": 1920}}
:::MLLOG {"namespace": "", "time_ms": 1778826939458, "event_type": "INTERVAL_END", "key": "block_stop", "value": null, "metadata": {"file": "/opt/venv/lib/python3.12/site-packages/primus_mllog/mlperf_sft.py", "lineno": 243, "samples_count": 2304}}
:::MLLOG {"namespace": "", "time_ms": 1778826939458, "event_type": "INTERVAL_START", "key": "eval_start", "value": null, "metadata": {"file": "/opt/venv/lib/python3.12/site-packages/primus_mllog/mlperf_sft.py", "lineno": 247, "samples_count": 2304}}
:::MLLOG {"namespace": "", "time_ms": 1778826949823, "event_type": "POINT_IN_TIME", "key": "eval_accuracy", "value": 0.9523805975914001, "metadata": {"file": "/opt/venv/lib/python3.12/site-packages/primus_mllog/mlperf_sft.py", "lineno": 264, "samples_count": 2304}}
:::MLLOG {"namespace": "", "time_ms": 1778826949824, "event_type": "INTERVAL_END", "key": "eval_stop", "value": null, "metadata": {"file": "/opt/venv/lib/python3.12/site-packages/primus_mllog/mlperf_sft.py", "lineno": 277, "samples_count": 2304}}
:::MLLOG {"namespace": "", "time_ms": 1778826949824, "event_type": "INTERVAL_START", "key": "block_start", "value": null, "metadata": {"file": "/opt/venv/lib/python3.12/site-packages/primus_mllog/mlperf_sft.py", "lineno": 283, "samples_count": 2304}}
:::MLLOG {"namespace": "", "time_ms": 1778827002773, "event_type": "INTERVAL_END", "key": "block_stop", "value": null, "metadata": {"file": "/opt/venv/lib/python3.12/site-packages/primus_mllog/mlperf_sft.py", "lineno": 243, "samples_count": 2688}}
:::MLLOG {"namespace": "", "time_ms": 1778827002773, "event_type": "INTERVAL_START", "key": "eval_start", "value": null, "metadata": {"file": "/opt/venv/lib/python3.12/site-packages/primus_mllog/mlperf_sft.py", "lineno": 247, "samples_count": 2688}}
:::MLLOG {"namespace": "", "time_ms": 1778827012963, "event_type": "POINT_IN_TIME", "key": "eval_accuracy", "value": 0.9501309990882874, "metadata": {"file": "/opt/venv/lib/python3.12/site-packages/primus_mllog/mlperf_sft.py", "lineno": 264, "samples_count": 2688}}
:::MLLOG {"namespace": "", "time_ms": 1778827012964, "event_type": "INTERVAL_END", "key": "eval_stop", "value": null, "metadata": {"file": "/opt/venv/lib/python3.12/site-packages/primus_mllog/mlperf_sft.py", "lineno": 277, "samples_count": 2688}}
:::MLLOG {"namespace": "", "time_ms": 1778827012964, "event_type": "INTERVAL_START", "key": "block_start", "value": null, "metadata": {"file": "/opt/venv/lib/python3.12/site-packages/primus_mllog/mlperf_sft.py", "lineno": 283, "samples_count": 2688}}
:::MLLOG {"namespace": "", "time_ms": 1778827086036, "event_type": "INTERVAL_END", "key": "block_stop", "value": null, "metadata": {"file": "/opt/venv/lib/python3.12/site-packages/primus_mllog/mlperf_sft.py", "lineno": 243, "samples_count": 3072}}
:::MLLOG {"namespace": "", "time_ms": 1778827086036, "event_type": "INTERVAL_START", "key": "eval_start", "value": null, "metadata": {"file": "/opt/venv/lib/python3.12/site-packages/primus_mllog/mlperf_sft.py", "lineno": 247, "samples_count": 3072}}
:::MLLOG {"namespace": "", "time_ms": 1778827099514, "event_type": "POINT_IN_TIME", "key": "eval_accuracy", "value": 0.9245513081550598, "metadata": {"file": "/opt/venv/lib/python3.12/site-packages/primus_mllog/mlperf_sft.py", "lineno": 264, "samples_count": 3072}}
:::MLLOG {"namespace": "", "time_ms": 1778827099514, "event_type": "INTERVAL_END", "key": "eval_stop", "value": null, "metadata": {"file": "/opt/venv/lib/python3.12/site-packages/primus_mllog/mlperf_sft.py", "lineno": 277, "samples_count": 3072}}
:::MLLOG {"namespace": "", "time_ms": 1778827099522, "event_type": "INTERVAL_END", "key": "epoch_stop", "value": null, "metadata": {"file": "/opt/venv/lib/python3.12/site-packages/primus_mllog/mlperf_sft.py", "lineno": 305, "samples_count": 3072}}
:::MLLOG {"namespace": "", "time_ms": 1778827099522, "event_type": "INTERVAL_END", "key": "run_stop", "value": null, "metadata": {"file": "/opt/venv/lib/python3.12/site-packages/primus_mllog/mlperf_sft.py", "lineno": 319, "samples_count": 3072, "status": "success"}}
:::MLLOG {"namespace": "", "time_ms": 1778827099522, "event_type": "POINT_IN_TIME", "key": "run_duration", "value": "508.88s -> 8.48 minutes", "metadata": {"file": "/opt/venv/lib/python3.12/site-packages/primus_mllog/mlperf_sft.py", "lineno": 331, "samples": 3072}}
:::MLLOG {"namespace": "", "time_ms": 1778827099522, "event_type": "POINT_IN_TIME", "key": "throughput", "value": 6.04, "metadata": {"file": "/opt/venv/lib/python3.12/site-packages/primus_mllog/mlperf_sft.py", "lineno": 336, "samples": 3072}}
:::MLLOG {"namespace": "", "time_ms": 1778827147995, "event_type": "POINT_IN_TIME", "key": "submission_benchmark", "value": "llama2_70b_lora", "metadata": {"file": "/opt/venv/lib/python3.12/site-packages/primus_mllog/mlperf_sft.py", "lineno": 120}}
:::MLLOG {"namespace": "", "time_ms": 1778827148002, "event_type": "POINT_IN_TIME", "key": "submission_org", "value": "AMD", "metadata": {"file": "/opt/venv/lib/python3.12/site-packages/primus_mllog/mlperf_sft.py", "lineno": 124}}
:::MLLOG {"namespace": "", "time_ms": 1778827148002, "event_type": "POINT_IN_TIME", "key": "submission_division", "value": "closed", "metadata": {"file": "/opt/venv/lib/python3.12/site-packages/primus_mllog/mlperf_sft.py", "lineno": 128}}
:::MLLOG {"namespace": "", "time_ms": 1778827148002, "event_type": "POINT_IN_TIME", "key": "submission_platform", "value": "MI355X", "metadata": {"file": "/opt/venv/lib/python3.12/site-packages/primus_mllog/mlperf_sft.py", "lineno": 132}}
:::MLLOG {"namespace": "", "time_ms": 1778827148002, "event_type": "POINT_IN_TIME", "key": "submission_status", "value": "onprem", "metadata": {"file": "/opt/venv/lib/python3.12/site-packages/primus_mllog/mlperf_sft.py", "lineno": 136}}
:::MLLOG {"namespace": "", "time_ms": 1778827148003, "event_type": "POINT_IN_TIME", "key": "target_accuracy", "value": 0.925, "metadata": {"file": "/opt/venv/lib/python3.12/site-packages/primus_mllog/mlperf_sft.py", "lineno": 139}}
:::MLLOG {"namespace": "", "time_ms": 1778827148003, "event_type": "POINT_IN_TIME", "key": "global_batch_size", "value": 8, "metadata": {"file": "/opt/venv/lib/python3.12/site-packages/primus_mllog/mlperf_sft.py", "lineno": 172}}
:::MLLOG {"namespace": "", "time_ms": 1778827148003, "event_type": "POINT_IN_TIME", "key": "train_samples", "value": 3901, "metadata": {"file": "/opt/venv/lib/python3.12/site-packages/primus_mllog/mlperf_sft.py", "lineno": 172}}
:::MLLOG {"namespace": "", "time_ms": 1778827148003, "event_type": "POINT_IN_TIME", "key": "eval_samples", "value": 173, "metadata": {"file": "/opt/venv/lib/python3.12/site-packages/primus_mllog/mlperf_sft.py", "lineno": 172}}
:::MLLOG {"namespace": "", "time_ms": 1778827148003, "event_type": "POINT_IN_TIME", "key": "gradient_accumulation_steps", "value": 1, "metadata": {"file": "/opt/venv/lib/python3.12/site-packages/primus_mllog/mlperf_sft.py", "lineno": 172}}
:::MLLOG {"namespace": "", "time_ms": 1778827148003, "event_type": "POINT_IN_TIME", "key": "seed", "value": 11231, "metadata": {"file": "/opt/venv/lib/python3.12/site-packages/primus_mllog/mlperf_sft.py", "lineno": 172}}
:::MLLOG {"namespace": "", "time_ms": 1778827148003, "event_type": "POINT_IN_TIME", "key": "opt_name", "value": "adamw", "metadata": {"file": "/opt/venv/lib/python3.12/site-packages/primus_mllog/mlperf_sft.py", "lineno": 172}}
:::MLLOG {"namespace": "", "time_ms": 1778827148003, "event_type": "POINT_IN_TIME", "key": "opt_base_learning_rate", "value": 0.0006, "metadata": {"file": "/opt/venv/lib/python3.12/site-packages/primus_mllog/mlperf_sft.py", "lineno": 172}}
:::MLLOG {"namespace": "", "time_ms": 1778827148003, "event_type": "POINT_IN_TIME", "key": "opt_adamw_beta_1", "value": 0.9, "metadata": {"file": "/opt/venv/lib/python3.12/site-packages/primus_mllog/mlperf_sft.py", "lineno": 172}}
:::MLLOG {"namespace": "", "time_ms": 1778827148003, "event_type": "POINT_IN_TIME", "key": "opt_adamw_beta_2", "value": 0.999, "metadata": {"file": "/opt/venv/lib/python3.12/site-packages/primus_mllog/mlperf_sft.py", "lineno": 172}}
:::MLLOG {"namespace": "", "time_ms": 1778827148003, "event_type": "POINT_IN_TIME", "key": "opt_adamw_epsilon", "value": 1e-08, "metadata": {"file": "/opt/venv/lib/python3.12/site-packages/primus_mllog/mlperf_sft.py", "lineno": 172}}
:::MLLOG {"namespace": "", "time_ms": 1778827148003, "event_type": "POINT_IN_TIME", "key": "opt_adamw_weight_decay", "value": 0.0001, "metadata": {"file": "/opt/venv/lib/python3.12/site-packages/primus_mllog/mlperf_sft.py", "lineno": 172}}
:::MLLOG {"namespace": "", "time_ms": 1778827148003, "event_type": "POINT_IN_TIME", "key": "opt_gradient_clip_norm", "value": 0.3, "metadata": {"file": "/opt/venv/lib/python3.12/site-packages/primus_mllog/mlperf_sft.py", "lineno": 172}}
:::MLLOG {"namespace": "", "time_ms": 1778827148003, "event_type": "POINT_IN_TIME", "key": "opt_learning_rate_warmup_factor", "value": 0.0, "metadata": {"file": "/opt/venv/lib/python3.12/site-packages/primus_mllog/mlperf_sft.py", "lineno": 172}}
:::MLLOG {"namespace": "", "time_ms": 1778827148003, "event_type": "POINT_IN_TIME", "key": "opt_learning_rate_training_steps", "value": 550, "metadata": {"file": "/opt/venv/lib/python3.12/site-packages/primus_mllog/mlperf_sft.py", "lineno": 172}}
:::MLLOG {"namespace": "", "time_ms": 1778827148004, "event_type": "POINT_IN_TIME", "key": "max_sequence_length", "value": 8192, "metadata": {"file": "/opt/venv/lib/python3.12/site-packages/primus_mllog/mlperf_sft.py", "lineno": 172}}
:::MLLOG {"namespace": "", "time_ms": 1778827148004, "event_type": "POINT_IN_TIME", "key": "max_steps", "value": 550, "metadata": {"file": "/opt/venv/lib/python3.12/site-packages/primus_mllog/mlperf_sft.py", "lineno": 172}}
:::MLLOG {"namespace": "", "time_ms": 1778827148004, "event_type": "POINT_IN_TIME", "key": "lora_rank", "value": 16, "metadata": {"file": "/opt/venv/lib/python3.12/site-packages/primus_mllog/mlperf_sft.py", "lineno": 172}}
:::MLLOG {"namespace": "", "time_ms": 1778827148004, "event_type": "POINT_IN_TIME", "key": "lora_alpha", "value": 32, "metadata": {"file": "/opt/venv/lib/python3.12/site-packages/primus_mllog/mlperf_sft.py", "lineno": 172}}
:::MLLOG {"namespace": "", "time_ms": 1778827148004, "event_type": "POINT_IN_TIME", "key": "tensor_parallelism", "value": 1, "metadata": {"file": "/opt/venv/lib/python3.12/site-packages/primus_mllog/mlperf_sft.py", "lineno": 172}}
:::MLLOG {"namespace": "", "time_ms": 1778827148004, "event_type": "POINT_IN_TIME", "key": "pipeline_parallelism", "value": 1, "metadata": {"file": "/opt/venv/lib/python3.12/site-packages/primus_mllog/mlperf_sft.py", "lineno": 172}}
:::MLLOG {"namespace": "", "time_ms": 1778827148004, "event_type": "POINT_IN_TIME", "key": "context_parallelism", "value": 1, "metadata": {"file": "/opt/venv/lib/python3.12/site-packages/primus_mllog/mlperf_sft.py", "lineno": 172}}
:::MLLOG {"namespace": "", "time_ms": 1778827148004, "event_type": "POINT_IN_TIME", "key": "expert_parallelism", "value": 1, "metadata": {"file": "/opt/venv/lib/python3.12/site-packages/primus_mllog/mlperf_sft.py", "lineno": 172}}
:::MLLOG {"namespace": "", "time_ms": 1778827148004, "event_type": "POINT_IN_TIME", "key": "micro_batch_size", "value": 1, "metadata": {"file": "/opt/venv/lib/python3.12/site-packages/primus_mllog/mlperf_sft.py", "lineno": 172}}
:::MLLOG {"namespace": "", "time_ms": 1778827148004, "event_type": "POINT_IN_TIME", "key": "config_filename", "value": "config_MI355X_1x8x1.sh", "metadata": {"file": "/opt/venv/lib/python3.12/site-packages/primus_mllog/mlperf_sft.py", "lineno": 172}}
:::MLLOG {"namespace": "", "time_ms": 1778827148004, "event_type": "POINT_IN_TIME", "key": "lowest_numerical_precision_linear", "value": "mxfp4", "metadata": {"file": "/opt/venv/lib/python3.12/site-packages/primus_mllog/mlperf_sft.py", "lineno": 172}}
:::MLLOG {"namespace": "", "time_ms": 1778827352486, "event_type": "INTERVAL_END", "key": "init_stop", "value": null, "metadata": {"file": "/opt/venv/lib/python3.12/site-packages/primus_mllog/mlperf_sft.py", "lineno": 186}}
:::MLLOG {"namespace": "", "time_ms": 1778827352486, "event_type": "INTERVAL_START", "key": "run_start", "value": null, "metadata": {"file": "/opt/venv/lib/python3.12/site-packages/primus_mllog/mlperf_sft.py", "lineno": 187}}
:::MLLOG {"namespace": "", "time_ms": 1778827352486, "event_type": "INTERVAL_START", "key": "epoch_start", "value": null, "metadata": {"file": "/opt/venv/lib/python3.12/site-packages/primus_mllog/mlperf_sft.py", "lineno": 189, "samples_count": 0}}
:::MLLOG {"namespace": "", "time_ms": 1778827352486, "event_type": "INTERVAL_START", "key": "block_start", "value": null, "metadata": {"file": "/opt/venv/lib/python3.12/site-packages/primus_mllog/mlperf_sft.py", "lineno": 192, "samples_count": 0}}
:::MLLOG {"namespace": "", "time_ms": 1778827566629, "event_type": "INTERVAL_END", "key": "block_stop", "value": null, "metadata": {"file": "/opt/venv/lib/python3.12/site-packages/primus_mllog/mlperf_sft.py", "lineno": 243, "samples_count": 1536}}
:::MLLOG {"namespace": "", "time_ms": 1778827566629, "event_type": "INTERVAL_START", "key": "eval_start", "value": null, "metadata": {"file": "/opt/venv/lib/python3.12/site-packages/primus_mllog/mlperf_sft.py", "lineno": 247, "samples_count": 1536}}
:::MLLOG {"namespace": "", "time_ms": 1778827576985, "event_type": "POINT_IN_TIME", "key": "eval_accuracy", "value": 0.9734563827514648, "metadata": {"file": "/opt/venv/lib/python3.12/site-packages/primus_mllog/mlperf_sft.py", "lineno": 264, "samples_count": 1536}}
:::MLLOG {"namespace": "", "time_ms": 1778827576986, "event_type": "INTERVAL_END", "key": "eval_stop", "value": null, "metadata": {"file": "/opt/venv/lib/python3.12/site-packages/primus_mllog/mlperf_sft.py", "lineno": 277, "samples_count": 1536}}
:::MLLOG {"namespace": "", "time_ms": 1778827576986, "event_type": "INTERVAL_START", "key": "block_start", "value": null, "metadata": {"file": "/opt/venv/lib/python3.12/site-packages/primus_mllog/mlperf_sft.py", "lineno": 283, "samples_count": 1536}}
:::MLLOG {"namespace": "", "time_ms": 1778827631267, "event_type": "INTERVAL_END", "key": "block_stop", "value": null, "metadata": {"file": "/opt/venv/lib/python3.12/site-packages/primus_mllog/mlperf_sft.py", "lineno": 243, "samples_count": 1920}}
:::MLLOG {"namespace": "", "time_ms": 1778827631267, "event_type": "INTERVAL_START", "key": "eval_start", "value": null, "metadata": {"file": "/opt/venv/lib/python3.12/site-packages/primus_mllog/mlperf_sft.py", "lineno": 247, "samples_count": 1920}}
:::MLLOG {"namespace": "", "time_ms": 1778827641328, "event_type": "POINT_IN_TIME", "key": "eval_accuracy", "value": 0.960738480091095, "metadata": {"file": "/opt/venv/lib/python3.12/site-packages/primus_mllog/mlperf_sft.py", "lineno": 264, "samples_count": 1920}}
:::MLLOG {"namespace": "", "time_ms": 1778827641328, "event_type": "INTERVAL_END", "key": "eval_stop", "value": null, "metadata": {"file": "/opt/venv/lib/python3.12/site-packages/primus_mllog/mlperf_sft.py", "lineno": 277, "samples_count": 1920}}
:::MLLOG {"namespace": "", "time_ms": 1778827641328, "event_type": "INTERVAL_START", "key": "block_start", "value": null, "metadata": {"file": "/opt/venv/lib/python3.12/site-packages/primus_mllog/mlperf_sft.py", "lineno": 283, "samples_count": 1920}}
:::MLLOG {"namespace": "", "time_ms": 1778827694562, "event_type": "INTERVAL_END", "key": "block_stop", "value": null, "metadata": {"file": "/opt/venv/lib/python3.12/site-packages/primus_mllog/mlperf_sft.py", "lineno": 243, "samples_count": 2304}}
:::MLLOG {"namespace": "", "time_ms": 1778827694563, "event_type": "INTERVAL_START", "key": "eval_start", "value": null, "metadata": {"file": "/opt/venv/lib/python3.12/site-packages/primus_mllog/mlperf_sft.py", "lineno": 247, "samples_count": 2304}}
:::MLLOG {"namespace": "", "time_ms": 1778827704354, "event_type": "POINT_IN_TIME", "key": "eval_accuracy", "value": 0.9522489905357361, "metadata": {"file": "/opt/venv/lib/python3.12/site-packages/primus_mllog/mlperf_sft.py", "lineno": 264, "samples_count": 2304}}
:::MLLOG {"namespace": "", "time_ms": 1778827704354, "event_type": "INTERVAL_END", "key": "eval_stop", "value": null, "metadata": {"file": "/opt/venv/lib/python3.12/site-packages/primus_mllog/mlperf_sft.py", "lineno": 277, "samples_count": 2304}}
:::MLLOG {"namespace": "", "time_ms": 1778827704355, "event_type": "INTERVAL_START", "key": "block_start", "value": null, "metadata": {"file": "/opt/venv/lib/python3.12/site-packages/primus_mllog/mlperf_sft.py", "lineno": 283, "samples_count": 2304}}
:::MLLOG {"namespace": "", "time_ms": 1778827757715, "event_type": "INTERVAL_END", "key": "block_stop", "value": null, "metadata": {"file": "/opt/venv/lib/python3.12/site-packages/primus_mllog/mlperf_sft.py", "lineno": 243, "samples_count": 2688}}
:::MLLOG {"namespace": "", "time_ms": 1778827757716, "event_type": "INTERVAL_START", "key": "eval_start", "value": null, "metadata": {"file": "/opt/venv/lib/python3.12/site-packages/primus_mllog/mlperf_sft.py", "lineno": 247, "samples_count": 2688}}
:::MLLOG {"namespace": "", "time_ms": 1778827767852, "event_type": "POINT_IN_TIME", "key": "eval_accuracy", "value": 0.9482812881469727, "metadata": {"file": "/opt/venv/lib/python3.12/site-packages/primus_mllog/mlperf_sft.py", "lineno": 264, "samples_count": 2688}}
:::MLLOG {"namespace": "", "time_ms": 1778827767852, "event_type": "INTERVAL_END", "key": "eval_stop", "value": null, "metadata": {"file": "/opt/venv/lib/python3.12/site-packages/primus_mllog/mlperf_sft.py", "lineno": 277, "samples_count": 2688}}
:::MLLOG {"namespace": "", "time_ms": 1778827767852, "event_type": "INTERVAL_START", "key": "block_start", "value": null, "metadata": {"file": "/opt/venv/lib/python3.12/site-packages/primus_mllog/mlperf_sft.py", "lineno": 283, "samples_count": 2688}}
:::MLLOG {"namespace": "", "time_ms": 1778827841409, "event_type": "INTERVAL_END", "key": "block_stop", "value": null, "metadata": {"file": "/opt/venv/lib/python3.12/site-packages/primus_mllog/mlperf_sft.py", "lineno": 243, "samples_count": 3072}}
:::MLLOG {"namespace": "", "time_ms": 1778827841410, "event_type": "INTERVAL_START", "key": "eval_start", "value": null, "metadata": {"file": "/opt/venv/lib/python3.12/site-packages/primus_mllog/mlperf_sft.py", "lineno": 247, "samples_count": 3072}}
:::MLLOG {"namespace": "", "time_ms": 1778827855359, "event_type": "POINT_IN_TIME", "key": "eval_accuracy", "value": 0.9221222996711731, "metadata": {"file": "/opt/venv/lib/python3.12/site-packages/primus_mllog/mlperf_sft.py", "lineno": 264, "samples_count": 3072}}
:::MLLOG {"namespace": "", "time_ms": 1778827855360, "event_type": "INTERVAL_END", "key": "eval_stop", "value": null, "metadata": {"file": "/opt/venv/lib/python3.12/site-packages/primus_mllog/mlperf_sft.py", "lineno": 277, "samples_count": 3072}}
:::MLLOG {"namespace": "", "time_ms": 1778827855367, "event_type": "INTERVAL_END", "key": "epoch_stop", "value": null, "metadata": {"file": "/opt/venv/lib/python3.12/site-packages/primus_mllog/mlperf_sft.py", "lineno": 305, "samples_count": 3072}}
:::MLLOG {"namespace": "", "time_ms": 1778827855367, "event_type": "INTERVAL_END", "key": "run_stop", "value": null, "metadata": {"file": "/opt/venv/lib/python3.12/site-packages/primus_mllog/mlperf_sft.py", "lineno": 319, "samples_count": 3072, "status": "success"}}
:::MLLOG {"namespace": "", "time_ms": 1778827855367, "event_type": "POINT_IN_TIME", "key": "run_duration", "value": "502.88s -> 8.38 minutes", "metadata": {"file": "/opt/venv/lib/python3.12/site-packages/primus_mllog/mlperf_sft.py", "lineno": 331, "samples": 3072}}
:::MLLOG {"namespace": "", "time_ms": 1778827855367, "event_type": "POINT_IN_TIME", "key": "throughput", "value": 6.11, "metadata": {"file": "/opt/venv/lib/python3.12/site-packages/primus_mllog/mlperf_sft.py", "lineno": 336, "samples": 3072}}
:::MLLOG {"namespace": "", "time_ms": 1778827903706, "event_type": "POINT_IN_TIME", "key": "submission_benchmark", "value": "llama2_70b_lora", "metadata": {"file": "/opt/venv/lib/python3.12/site-packages/primus_mllog/mlperf_sft.py", "lineno": 120}}
:::MLLOG {"namespace": "", "time_ms": 1778827903715, "event_type": "POINT_IN_TIME", "key": "submission_org", "value": "AMD", "metadata": {"file": "/opt/venv/lib/python3.12/site-packages/primus_mllog/mlperf_sft.py", "lineno": 124}}
:::MLLOG {"namespace": "", "time_ms": 1778827903715, "event_type": "POINT_IN_TIME", "key": "submission_division", "value": "closed", "metadata": {"file": "/opt/venv/lib/python3.12/site-packages/primus_mllog/mlperf_sft.py", "lineno": 128}}
:::MLLOG {"namespace": "", "time_ms": 1778827903715, "event_type": "POINT_IN_TIME", "key": "submission_platform", "value": "MI355X", "metadata": {"file": "/opt/venv/lib/python3.12/site-packages/primus_mllog/mlperf_sft.py", "lineno": 132}}
:::MLLOG {"namespace": "", "time_ms": 1778827903715, "event_type": "POINT_IN_TIME", "key": "submission_status", "value": "onprem", "metadata": {"file": "/opt/venv/lib/python3.12/site-packages/primus_mllog/mlperf_sft.py", "lineno": 136}}
:::MLLOG {"namespace": "", "time_ms": 1778827903715, "event_type": "POINT_IN_TIME", "key": "target_accuracy", "value": 0.925, "metadata": {"file": "/opt/venv/lib/python3.12/site-packages/primus_mllog/mlperf_sft.py", "lineno": 139}}
:::MLLOG {"namespace": "", "time_ms": 1778827903715, "event_type": "POINT_IN_TIME", "key": "global_batch_size", "value": 8, "metadata": {"file": "/opt/venv/lib/python3.12/site-packages/primus_mllog/mlperf_sft.py", "lineno": 172}}
:::MLLOG {"namespace": "", "time_ms": 1778827903715, "event_type": "POINT_IN_TIME", "key": "train_samples", "value": 3901, "metadata": {"file": "/opt/venv/lib/python3.12/site-packages/primus_mllog/mlperf_sft.py", "lineno": 172}}
:::MLLOG {"namespace": "", "time_ms": 1778827903715, "event_type": "POINT_IN_TIME", "key": "eval_samples", "value": 173, "metadata": {"file": "/opt/venv/lib/python3.12/site-packages/primus_mllog/mlperf_sft.py", "lineno": 172}}
:::MLLOG {"namespace": "", "time_ms": 1778827903715, "event_type": "POINT_IN_TIME", "key": "gradient_accumulation_steps", "value": 1, "metadata": {"file": "/opt/venv/lib/python3.12/site-packages/primus_mllog/mlperf_sft.py", "lineno": 172}}
:::MLLOG {"namespace": "", "time_ms": 1778827903715, "event_type": "POINT_IN_TIME", "key": "seed", "value": 4511, "metadata": {"file": "/opt/venv/lib/python3.12/site-packages/primus_mllog/mlperf_sft.py", "lineno": 172}}
:::MLLOG {"namespace": "", "time_ms": 1778827903716, "event_type": "POINT_IN_TIME", "key": "opt_name", "value": "adamw", "metadata": {"file": "/opt/venv/lib/python3.12/site-packages/primus_mllog/mlperf_sft.py", "lineno": 172}}
:::MLLOG {"namespace": "", "time_ms": 1778827903716, "event_type": "POINT_IN_TIME", "key": "opt_base_learning_rate", "value": 0.0006, "metadata": {"file": "/opt/venv/lib/python3.12/site-packages/primus_mllog/mlperf_sft.py", "lineno": 172}}
:::MLLOG {"namespace": "", "time_ms": 1778827903716, "event_type": "POINT_IN_TIME", "key": "opt_adamw_beta_1", "value": 0.9, "metadata": {"file": "/opt/venv/lib/python3.12/site-packages/primus_mllog/mlperf_sft.py", "lineno": 172}}
:::MLLOG {"namespace": "", "time_ms": 1778827903716, "event_type": "POINT_IN_TIME", "key": "opt_adamw_beta_2", "value": 0.999, "metadata": {"file": "/opt/venv/lib/python3.12/site-packages/primus_mllog/mlperf_sft.py", "lineno": 172}}
:::MLLOG {"namespace": "", "time_ms": 1778827903716, "event_type": "POINT_IN_TIME", "key": "opt_adamw_epsilon", "value": 1e-08, "metadata": {"file": "/opt/venv/lib/python3.12/site-packages/primus_mllog/mlperf_sft.py", "lineno": 172}}
:::MLLOG {"namespace": "", "time_ms": 1778827903716, "event_type": "POINT_IN_TIME", "key": "opt_adamw_weight_decay", "value": 0.0001, "metadata": {"file": "/opt/venv/lib/python3.12/site-packages/primus_mllog/mlperf_sft.py", "lineno": 172}}
:::MLLOG {"namespace": "", "time_ms": 1778827903716, "event_type": "POINT_IN_TIME", "key": "opt_gradient_clip_norm", "value": 0.3, "metadata": {"file": "/opt/venv/lib/python3.12/site-packages/primus_mllog/mlperf_sft.py", "lineno": 172}}
:::MLLOG {"namespace": "", "time_ms": 1778827903716, "event_type": "POINT_IN_TIME", "key": "opt_learning_rate_warmup_factor", "value": 0.0, "metadata": {"file": "/opt/venv/lib/python3.12/site-packages/primus_mllog/mlperf_sft.py", "lineno": 172}}
:::MLLOG {"namespace": "", "time_ms": 1778827903716, "event_type": "POINT_IN_TIME", "key": "opt_learning_rate_training_steps", "value": 550, "metadata": {"file": "/opt/venv/lib/python3.12/site-packages/primus_mllog/mlperf_sft.py", "lineno": 172}}
:::MLLOG {"namespace": "", "time_ms": 1778827903716, "event_type": "POINT_IN_TIME", "key": "max_sequence_length", "value": 8192, "metadata": {"file": "/opt/venv/lib/python3.12/site-packages/primus_mllog/mlperf_sft.py", "lineno": 172}}
:::MLLOG {"namespace": "", "time_ms": 1778827903716, "event_type": "POINT_IN_TIME", "key": "max_steps", "value": 550, "metadata": {"file": "/opt/venv/lib/python3.12/site-packages/primus_mllog/mlperf_sft.py", "lineno": 172}}
:::MLLOG {"namespace": "", "time_ms": 1778827903716, "event_type": "POINT_IN_TIME", "key": "lora_rank", "value": 16, "metadata": {"file": "/opt/venv/lib/python3.12/site-packages/primus_mllog/mlperf_sft.py", "lineno": 172}}
:::MLLOG {"namespace": "", "time_ms": 1778827903716, "event_type": "POINT_IN_TIME", "key": "lora_alpha", "value": 32, "metadata": {"file": "/opt/venv/lib/python3.12/site-packages/primus_mllog/mlperf_sft.py", "lineno": 172}}
:::MLLOG {"namespace": "", "time_ms": 1778827903716, "event_type": "POINT_IN_TIME", "key": "tensor_parallelism", "value": 1, "metadata": {"file": "/opt/venv/lib/python3.12/site-packages/primus_mllog/mlperf_sft.py", "lineno": 172}}
:::MLLOG {"namespace": "", "time_ms": 1778827903716, "event_type": "POINT_IN_TIME", "key": "pipeline_parallelism", "value": 1, "metadata": {"file": "/opt/venv/lib/python3.12/site-packages/primus_mllog/mlperf_sft.py", "lineno": 172}}
:::MLLOG {"namespace": "", "time_ms": 1778827903717, "event_type": "POINT_IN_TIME", "key": "context_parallelism", "value": 1, "metadata": {"file": "/opt/venv/lib/python3.12/site-packages/primus_mllog/mlperf_sft.py", "lineno": 172}}
:::MLLOG {"namespace": "", "time_ms": 1778827903717, "event_type": "POINT_IN_TIME", "key": "expert_parallelism", "value": 1, "metadata": {"file": "/opt/venv/lib/python3.12/site-packages/primus_mllog/mlperf_sft.py", "lineno": 172}}
:::MLLOG {"namespace": "", "time_ms": 1778827903717, "event_type": "POINT_IN_TIME", "key": "micro_batch_size", "value": 1, "metadata": {"file": "/opt/venv/lib/python3.12/site-packages/primus_mllog/mlperf_sft.py", "lineno": 172}}
:::MLLOG {"namespace": "", "time_ms": 1778827903717, "event_type": "POINT_IN_TIME", "key": "config_filename", "value": "config_MI355X_1x8x1.sh", "metadata": {"file": "/opt/venv/lib/python3.12/site-packages/primus_mllog/mlperf_sft.py", "lineno": 172}}
:::MLLOG {"namespace": "", "time_ms": 1778827903717, "event_type": "POINT_IN_TIME", "key": "lowest_numerical_precision_linear", "value": "mxfp4", "metadata": {"file": "/opt/venv/lib/python3.12/site-packages/primus_mllog/mlperf_sft.py", "lineno": 172}}
:::MLLOG {"namespace": "", "time_ms": 1778828110226, "event_type": "INTERVAL_END", "key": "init_stop", "value": null, "metadata": {"file": "/opt/venv/lib/python3.12/site-packages/primus_mllog/mlperf_sft.py", "lineno": 186}}
:::MLLOG {"namespace": "", "time_ms": 1778828110227, "event_type": "INTERVAL_START", "key": "run_start", "value": null, "metadata": {"file": "/opt/venv/lib/python3.12/site-packages/primus_mllog/mlperf_sft.py", "lineno": 187}}
:::MLLOG {"namespace": "", "time_ms": 1778828110227, "event_type": "INTERVAL_START", "key": "epoch_start", "value": null, "metadata": {"file": "/opt/venv/lib/python3.12/site-packages/primus_mllog/mlperf_sft.py", "lineno": 189, "samples_count": 0}}
:::MLLOG {"namespace": "", "time_ms": 1778828110227, "event_type": "INTERVAL_START", "key": "block_start", "value": null, "metadata": {"file": "/opt/venv/lib/python3.12/site-packages/primus_mllog/mlperf_sft.py", "lineno": 192, "samples_count": 0}}
:::MLLOG {"namespace": "", "time_ms": 1778828324712, "event_type": "INTERVAL_END", "key": "block_stop", "value": null, "metadata": {"file": "/opt/venv/lib/python3.12/site-packages/primus_mllog/mlperf_sft.py", "lineno": 243, "samples_count": 1536}}
:::MLLOG {"namespace": "", "time_ms": 1778828324713, "event_type": "INTERVAL_START", "key": "eval_start", "value": null, "metadata": {"file": "/opt/venv/lib/python3.12/site-packages/primus_mllog/mlperf_sft.py", "lineno": 247, "samples_count": 1536}}
:::MLLOG {"namespace": "", "time_ms": 1778828335429, "event_type": "POINT_IN_TIME", "key": "eval_accuracy", "value": 0.9711862206459045, "metadata": {"file": "/opt/venv/lib/python3.12/site-packages/primus_mllog/mlperf_sft.py", "lineno": 264, "samples_count": 1536}}
:::MLLOG {"namespace": "", "time_ms": 1778828335429, "event_type": "INTERVAL_END", "key": "eval_stop", "value": null, "metadata": {"file": "/opt/venv/lib/python3.12/site-packages/primus_mllog/mlperf_sft.py", "lineno": 277, "samples_count": 1536}}
:::MLLOG {"namespace": "", "time_ms": 1778828335429, "event_type": "INTERVAL_START", "key": "block_start", "value": null, "metadata": {"file": "/opt/venv/lib/python3.12/site-packages/primus_mllog/mlperf_sft.py", "lineno": 283, "samples_count": 1536}}
:::MLLOG {"namespace": "", "time_ms": 1778828389035, "event_type": "INTERVAL_END", "key": "block_stop", "value": null, "metadata": {"file": "/opt/venv/lib/python3.12/site-packages/primus_mllog/mlperf_sft.py", "lineno": 243, "samples_count": 1920}}
:::MLLOG {"namespace": "", "time_ms": 1778828389035, "event_type": "INTERVAL_START", "key": "eval_start", "value": null, "metadata": {"file": "/opt/venv/lib/python3.12/site-packages/primus_mllog/mlperf_sft.py", "lineno": 247, "samples_count": 1920}}
:::MLLOG {"namespace": "", "time_ms": 1778828399281, "event_type": "POINT_IN_TIME", "key": "eval_accuracy", "value": 0.9637985229492188, "metadata": {"file": "/opt/venv/lib/python3.12/site-packages/primus_mllog/mlperf_sft.py", "lineno": 264, "samples_count": 1920}}
:::MLLOG {"namespace": "", "time_ms": 1778828399281, "event_type": "INTERVAL_END", "key": "eval_stop", "value": null, "metadata": {"file": "/opt/venv/lib/python3.12/site-packages/primus_mllog/mlperf_sft.py", "lineno": 277, "samples_count": 1920}}
:::MLLOG {"namespace": "", "time_ms": 1778828399281, "event_type": "INTERVAL_START", "key": "block_start", "value": null, "metadata": {"file": "/opt/venv/lib/python3.12/site-packages/primus_mllog/mlperf_sft.py", "lineno": 283, "samples_count": 1920}}
:::MLLOG {"namespace": "", "time_ms": 1778828452884, "event_type": "INTERVAL_END", "key": "block_stop", "value": null, "metadata": {"file": "/opt/venv/lib/python3.12/site-packages/primus_mllog/mlperf_sft.py", "lineno": 243, "samples_count": 2304}}
:::MLLOG {"namespace": "", "time_ms": 1778828452885, "event_type": "INTERVAL_START", "key": "eval_start", "value": null, "metadata": {"file": "/opt/venv/lib/python3.12/site-packages/primus_mllog/mlperf_sft.py", "lineno": 247, "samples_count": 2304}}
:::MLLOG {"namespace": "", "time_ms": 1778828462849, "event_type": "POINT_IN_TIME", "key": "eval_accuracy", "value": 0.9531931281089783, "metadata": {"file": "/opt/venv/lib/python3.12/site-packages/primus_mllog/mlperf_sft.py", "lineno": 264, "samples_count": 2304}}
:::MLLOG {"namespace": "", "time_ms": 1778828462849, "event_type": "INTERVAL_END", "key": "eval_stop", "value": null, "metadata": {"file": "/opt/venv/lib/python3.12/site-packages/primus_mllog/mlperf_sft.py", "lineno": 277, "samples_count": 2304}}
:::MLLOG {"namespace": "", "time_ms": 1778828462849, "event_type": "INTERVAL_START", "key": "block_start", "value": null, "metadata": {"file": "/opt/venv/lib/python3.12/site-packages/primus_mllog/mlperf_sft.py", "lineno": 283, "samples_count": 2304}}
:::MLLOG {"namespace": "", "time_ms": 1778828516404, "event_type": "INTERVAL_END", "key": "block_stop", "value": null, "metadata": {"file": "/opt/venv/lib/python3.12/site-packages/primus_mllog/mlperf_sft.py", "lineno": 243, "samples_count": 2688}}
:::MLLOG {"namespace": "", "time_ms": 1778828516404, "event_type": "INTERVAL_START", "key": "eval_start", "value": null, "metadata": {"file": "/opt/venv/lib/python3.12/site-packages/primus_mllog/mlperf_sft.py", "lineno": 247, "samples_count": 2688}}
:::MLLOG {"namespace": "", "time_ms": 1778828526462, "event_type": "POINT_IN_TIME", "key": "eval_accuracy", "value": 0.9491773247718811, "metadata": {"file": "/opt/venv/lib/python3.12/site-packages/primus_mllog/mlperf_sft.py", "lineno": 264, "samples_count": 2688}}
:::MLLOG {"namespace": "", "time_ms": 1778828526462, "event_type": "INTERVAL_END", "key": "eval_stop", "value": null, "metadata": {"file": "/opt/venv/lib/python3.12/site-packages/primus_mllog/mlperf_sft.py", "lineno": 277, "samples_count": 2688}}
:::MLLOG {"namespace": "", "time_ms": 1778828526462, "event_type": "INTERVAL_START", "key": "block_start", "value": null, "metadata": {"file": "/opt/venv/lib/python3.12/site-packages/primus_mllog/mlperf_sft.py", "lineno": 283, "samples_count": 2688}}
:::MLLOG {"namespace": "", "time_ms": 1778828601720, "event_type": "INTERVAL_END", "key": "block_stop", "value": null, "metadata": {"file": "/opt/venv/lib/python3.12/site-packages/primus_mllog/mlperf_sft.py", "lineno": 243, "samples_count": 3072}}
:::MLLOG {"namespace": "", "time_ms": 1778828601720, "event_type": "INTERVAL_START", "key": "eval_start", "value": null, "metadata": {"file": "/opt/venv/lib/python3.12/site-packages/primus_mllog/mlperf_sft.py", "lineno": 247, "samples_count": 3072}}
:::MLLOG {"namespace": "", "time_ms": 1778828615310, "event_type": "POINT_IN_TIME", "key": "eval_accuracy", "value": 0.9241060614585876, "metadata": {"file": "/opt/venv/lib/python3.12/site-packages/primus_mllog/mlperf_sft.py", "lineno": 264, "samples_count": 3072}}
:::MLLOG {"namespace": "", "time_ms": 1778828615311, "event_type": "INTERVAL_END", "key": "eval_stop", "value": null, "metadata": {"file": "/opt/venv/lib/python3.12/site-packages/primus_mllog/mlperf_sft.py", "lineno": 277, "samples_count": 3072}}
:::MLLOG {"namespace": "", "time_ms": 1778828615318, "event_type": "INTERVAL_END", "key": "epoch_stop", "value": null, "metadata": {"file": "/opt/venv/lib/python3.12/site-packages/primus_mllog/mlperf_sft.py", "lineno": 305, "samples_count": 3072}}
:::MLLOG {"namespace": "", "time_ms": 1778828615318, "event_type": "INTERVAL_END", "key": "run_stop", "value": null, "metadata": {"file": "/opt/venv/lib/python3.12/site-packages/primus_mllog/mlperf_sft.py", "lineno": 319, "samples_count": 3072, "status": "success"}}
:::MLLOG {"namespace": "", "time_ms": 1778828615319, "event_type": "POINT_IN_TIME", "key": "run_duration", "value": "505.09s -> 8.42 minutes", "metadata": {"file": "/opt/venv/lib/python3.12/site-packages/primus_mllog/mlperf_sft.py", "lineno": 331, "samples": 3072}}
:::MLLOG {"namespace": "", "time_ms": 1778828615319, "event_type": "POINT_IN_TIME", "key": "throughput", "value": 6.08, "metadata": {"file": "/opt/venv/lib/python3.12/site-packages/primus_mllog/mlperf_sft.py", "lineno": 336, "samples": 3072}}
:::MLLOG {"namespace": "", "time_ms": 1778828664006, "event_type": "POINT_IN_TIME", "key": "submission_benchmark", "value": "llama2_70b_lora", "metadata": {"file": "/opt/venv/lib/python3.12/site-packages/primus_mllog/mlperf_sft.py", "lineno": 120}}
:::MLLOG {"namespace": "", "time_ms": 1778828664014, "event_type": "POINT_IN_TIME", "key": "submission_org", "value": "AMD", "metadata": {"file": "/opt/venv/lib/python3.12/site-packages/primus_mllog/mlperf_sft.py", "lineno": 124}}
:::MLLOG {"namespace": "", "time_ms": 1778828664014, "event_type": "POINT_IN_TIME", "key": "submission_division", "value": "closed", "metadata": {"file": "/opt/venv/lib/python3.12/site-packages/primus_mllog/mlperf_sft.py", "lineno": 128}}
:::MLLOG {"namespace": "", "time_ms": 1778828664014, "event_type": "POINT_IN_TIME", "key": "submission_platform", "value": "MI355X", "metadata": {"file": "/opt/venv/lib/python3.12/site-packages/primus_mllog/mlperf_sft.py", "lineno": 132}}
:::MLLOG {"namespace": "", "time_ms": 1778828664014, "event_type": "POINT_IN_TIME", "key": "submission_status", "value": "onprem", "metadata": {"file": "/opt/venv/lib/python3.12/site-packages/primus_mllog/mlperf_sft.py", "lineno": 136}}
:::MLLOG {"namespace": "", "time_ms": 1778828664014, "event_type": "POINT_IN_TIME", "key": "target_accuracy", "value": 0.925, "metadata": {"file": "/opt/venv/lib/python3.12/site-packages/primus_mllog/mlperf_sft.py", "lineno": 139}}
:::MLLOG {"namespace": "", "time_ms": 1778828664014, "event_type": "POINT_IN_TIME", "key": "global_batch_size", "value": 8, "metadata": {"file": "/opt/venv/lib/python3.12/site-packages/primus_mllog/mlperf_sft.py", "lineno": 172}}
:::MLLOG {"namespace": "", "time_ms": 1778828664014, "event_type": "POINT_IN_TIME", "key": "train_samples", "value": 3901, "metadata": {"file": "/opt/venv/lib/python3.12/site-packages/primus_mllog/mlperf_sft.py", "lineno": 172}}
:::MLLOG {"namespace": "", "time_ms": 1778828664014, "event_type": "POINT_IN_TIME", "key": "eval_samples", "value": 173, "metadata": {"file": "/opt/venv/lib/python3.12/site-packages/primus_mllog/mlperf_sft.py", "lineno": 172}}
:::MLLOG {"namespace": "", "time_ms": 1778828664014, "event_type": "POINT_IN_TIME", "key": "gradient_accumulation_steps", "value": 1, "metadata": {"file": "/opt/venv/lib/python3.12/site-packages/primus_mllog/mlperf_sft.py", "lineno": 172}}
:::MLLOG {"namespace": "", "time_ms": 1778828664014, "event_type": "POINT_IN_TIME", "key": "seed", "value": 18307, "metadata": {"file": "/opt/venv/lib/python3.12/site-packages/primus_mllog/mlperf_sft.py", "lineno": 172}}
:::MLLOG {"namespace": "", "time_ms": 1778828664014, "event_type": "POINT_IN_TIME", "key": "opt_name", "value": "adamw", "metadata": {"file": "/opt/venv/lib/python3.12/site-packages/primus_mllog/mlperf_sft.py", "lineno": 172}}
:::MLLOG {"namespace": "", "time_ms": 1778828664014, "event_type": "POINT_IN_TIME", "key": "opt_base_learning_rate", "value": 0.0006, "metadata": {"file": "/opt/venv/lib/python3.12/site-packages/primus_mllog/mlperf_sft.py", "lineno": 172}}
:::MLLOG {"namespace": "", "time_ms": 1778828664015, "event_type": "POINT_IN_TIME", "key": "opt_adamw_beta_1", "value": 0.9, "metadata": {"file": "/opt/venv/lib/python3.12/site-packages/primus_mllog/mlperf_sft.py", "lineno": 172}}
:::MLLOG {"namespace": "", "time_ms": 1778828664015, "event_type": "POINT_IN_TIME", "key": "opt_adamw_beta_2", "value": 0.999, "metadata": {"file": "/opt/venv/lib/python3.12/site-packages/primus_mllog/mlperf_sft.py", "lineno": 172}}
:::MLLOG {"namespace": "", "time_ms": 1778828664015, "event_type": "POINT_IN_TIME", "key": "opt_adamw_epsilon", "value": 1e-08, "metadata": {"file": "/opt/venv/lib/python3.12/site-packages/primus_mllog/mlperf_sft.py", "lineno": 172}}
:::MLLOG {"namespace": "", "time_ms": 1778828664015, "event_type": "POINT_IN_TIME", "key": "opt_adamw_weight_decay", "value": 0.0001, "metadata": {"file": "/opt/venv/lib/python3.12/site-packages/primus_mllog/mlperf_sft.py", "lineno": 172}}
:::MLLOG {"namespace": "", "time_ms": 1778828664015, "event_type": "POINT_IN_TIME", "key": "opt_gradient_clip_norm", "value": 0.3, "metadata": {"file": "/opt/venv/lib/python3.12/site-packages/primus_mllog/mlperf_sft.py", "lineno": 172}}
:::MLLOG {"namespace": "", "time_ms": 1778828664015, "event_type": "POINT_IN_TIME", "key": "opt_learning_rate_warmup_factor", "value": 0.0, "metadata": {"file": "/opt/venv/lib/python3.12/site-packages/primus_mllog/mlperf_sft.py", "lineno": 172}}
:::MLLOG {"namespace": "", "time_ms": 1778828664015, "event_type": "POINT_IN_TIME", "key": "opt_learning_rate_training_steps", "value": 550, "metadata": {"file": "/opt/venv/lib/python3.12/site-packages/primus_mllog/mlperf_sft.py", "lineno": 172}}
:::MLLOG {"namespace": "", "time_ms": 1778828664015, "event_type": "POINT_IN_TIME", "key": "max_sequence_length", "value": 8192, "metadata": {"file": "/opt/venv/lib/python3.12/site-packages/primus_mllog/mlperf_sft.py", "lineno": 172}}
:::MLLOG {"namespace": "", "time_ms": 1778828664015, "event_type": "POINT_IN_TIME", "key": "max_steps", "value": 550, "metadata": {"file": "/opt/venv/lib/python3.12/site-packages/primus_mllog/mlperf_sft.py", "lineno": 172}}
:::MLLOG {"namespace": "", "time_ms": 1778828664015, "event_type": "POINT_IN_TIME", "key": "lora_rank", "value": 16, "metadata": {"file": "/opt/venv/lib/python3.12/site-packages/primus_mllog/mlperf_sft.py", "lineno": 172}}
:::MLLOG {"namespace": "", "time_ms": 1778828664015, "event_type": "POINT_IN_TIME", "key": "lora_alpha", "value": 32, "metadata": {"file": "/opt/venv/lib/python3.12/site-packages/primus_mllog/mlperf_sft.py", "lineno": 172}}
:::MLLOG {"namespace": "", "time_ms": 1778828664015, "event_type": "POINT_IN_TIME", "key": "tensor_parallelism", "value": 1, "metadata": {"file": "/opt/venv/lib/python3.12/site-packages/primus_mllog/mlperf_sft.py", "lineno": 172}}
:::MLLOG {"namespace": "", "time_ms": 1778828664015, "event_type": "POINT_IN_TIME", "key": "pipeline_parallelism", "value": 1, "metadata": {"file": "/opt/venv/lib/python3.12/site-packages/primus_mllog/mlperf_sft.py", "lineno": 172}}
:::MLLOG {"namespace": "", "time_ms": 1778828664015, "event_type": "POINT_IN_TIME", "key": "context_parallelism", "value": 1, "metadata": {"file": "/opt/venv/lib/python3.12/site-packages/primus_mllog/mlperf_sft.py", "lineno": 172}}
:::MLLOG {"namespace": "", "time_ms": 1778828664015, "event_type": "POINT_IN_TIME", "key": "expert_parallelism", "value": 1, "metadata": {"file": "/opt/venv/lib/python3.12/site-packages/primus_mllog/mlperf_sft.py", "lineno": 172}}
:::MLLOG {"namespace": "", "time_ms": 1778828664015, "event_type": "POINT_IN_TIME", "key": "micro_batch_size", "value": 1, "metadata": {"file": "/opt/venv/lib/python3.12/site-packages/primus_mllog/mlperf_sft.py", "lineno": 172}}
:::MLLOG {"namespace": "", "time_ms": 1778828664016, "event_type": "POINT_IN_TIME", "key": "config_filename", "value": "config_MI355X_1x8x1.sh", "metadata": {"file": "/opt/venv/lib/python3.12/site-packages/primus_mllog/mlperf_sft.py", "lineno": 172}}
:::MLLOG {"namespace": "", "time_ms": 1778828664016, "event_type": "POINT_IN_TIME", "key": "lowest_numerical_precision_linear", "value": "mxfp4", "metadata": {"file": "/opt/venv/lib/python3.12/site-packages/primus_mllog/mlperf_sft.py", "lineno": 172}}
:::MLLOG {"namespace": "", "time_ms": 1778828868105, "event_type": "INTERVAL_END", "key": "init_stop", "value": null, "metadata": {"file": "/opt/venv/lib/python3.12/site-packages/primus_mllog/mlperf_sft.py", "lineno": 186}}
:::MLLOG {"namespace": "", "time_ms": 1778828868106, "event_type": "INTERVAL_START", "key": "run_start", "value": null, "metadata": {"file": "/opt/venv/lib/python3.12/site-packages/primus_mllog/mlperf_sft.py", "lineno": 187}}
:::MLLOG {"namespace": "", "time_ms": 1778828868106, "event_type": "INTERVAL_START", "key": "epoch_start", "value": null, "metadata": {"file": "/opt/venv/lib/python3.12/site-packages/primus_mllog/mlperf_sft.py", "lineno": 189, "samples_count": 0}}
:::MLLOG {"namespace": "", "time_ms": 1778828868106, "event_type": "INTERVAL_START", "key": "block_start", "value": null, "metadata": {"file": "/opt/venv/lib/python3.12/site-packages/primus_mllog/mlperf_sft.py", "lineno": 192, "samples_count": 0}}
:::MLLOG {"namespace": "", "time_ms": 1778829083408, "event_type": "INTERVAL_END", "key": "block_stop", "value": null, "metadata": {"file": "/opt/venv/lib/python3.12/site-packages/primus_mllog/mlperf_sft.py", "lineno": 243, "samples_count": 1536}}
:::MLLOG {"namespace": "", "time_ms": 1778829083408, "event_type": "INTERVAL_START", "key": "eval_start", "value": null, "metadata": {"file": "/opt/venv/lib/python3.12/site-packages/primus_mllog/mlperf_sft.py", "lineno": 247, "samples_count": 1536}}
:::MLLOG {"namespace": "", "time_ms": 1778829093458, "event_type": "POINT_IN_TIME", "key": "eval_accuracy", "value": 0.9749162197113037, "metadata": {"file": "/opt/venv/lib/python3.12/site-packages/primus_mllog/mlperf_sft.py", "lineno": 264, "samples_count": 1536}}
:::MLLOG {"namespace": "", "time_ms": 1778829093458, "event_type": "INTERVAL_END", "key": "eval_stop", "value": null, "metadata": {"file": "/opt/venv/lib/python3.12/site-packages/primus_mllog/mlperf_sft.py", "lineno": 277, "samples_count": 1536}}
:::MLLOG {"namespace": "", "time_ms": 1778829093458, "event_type": "INTERVAL_START", "key": "block_start", "value": null, "metadata": {"file": "/opt/venv/lib/python3.12/site-packages/primus_mllog/mlperf_sft.py", "lineno": 283, "samples_count": 1536}}
:::MLLOG {"namespace": "", "time_ms": 1778829148058, "event_type": "INTERVAL_END", "key": "block_stop", "value": null, "metadata": {"file": "/opt/venv/lib/python3.12/site-packages/primus_mllog/mlperf_sft.py", "lineno": 243, "samples_count": 1920}}
:::MLLOG {"namespace": "", "time_ms": 1778829148058, "event_type": "INTERVAL_START", "key": "eval_start", "value": null, "metadata": {"file": "/opt/venv/lib/python3.12/site-packages/primus_mllog/mlperf_sft.py", "lineno": 247, "samples_count": 1920}}
:::MLLOG {"namespace": "", "time_ms": 1778829158558, "event_type": "POINT_IN_TIME", "key": "eval_accuracy", "value": 0.9608345627784729, "metadata": {"file": "/opt/venv/lib/python3.12/site-packages/primus_mllog/mlperf_sft.py", "lineno": 264, "samples_count": 1920}}
:::MLLOG {"namespace": "", "time_ms": 1778829158559, "event_type": "INTERVAL_END", "key": "eval_stop", "value": null, "metadata": {"file": "/opt/venv/lib/python3.12/site-packages/primus_mllog/mlperf_sft.py", "lineno": 277, "samples_count": 1920}}
:::MLLOG {"namespace": "", "time_ms": 1778829158559, "event_type": "INTERVAL_START", "key": "block_start", "value": null, "metadata": {"file": "/opt/venv/lib/python3.12/site-packages/primus_mllog/mlperf_sft.py", "lineno": 283, "samples_count": 1920}}
:::MLLOG {"namespace": "", "time_ms": 1778829213733, "event_type": "INTERVAL_END", "key": "block_stop", "value": null, "metadata": {"file": "/opt/venv/lib/python3.12/site-packages/primus_mllog/mlperf_sft.py", "lineno": 243, "samples_count": 2304}}
:::MLLOG {"namespace": "", "time_ms": 1778829213733, "event_type": "INTERVAL_START", "key": "eval_start", "value": null, "metadata": {"file": "/opt/venv/lib/python3.12/site-packages/primus_mllog/mlperf_sft.py", "lineno": 247, "samples_count": 2304}}
:::MLLOG {"namespace": "", "time_ms": 1778829224030, "event_type": "POINT_IN_TIME", "key": "eval_accuracy", "value": 0.9526944160461426, "metadata": {"file": "/opt/venv/lib/python3.12/site-packages/primus_mllog/mlperf_sft.py", "lineno": 264, "samples_count": 2304}}
:::MLLOG {"namespace": "", "time_ms": 1778829224030, "event_type": "INTERVAL_END", "key": "eval_stop", "value": null, "metadata": {"file": "/opt/venv/lib/python3.12/site-packages/primus_mllog/mlperf_sft.py", "lineno": 277, "samples_count": 2304}}
:::MLLOG {"namespace": "", "time_ms": 1778829224030, "event_type": "INTERVAL_START", "key": "block_start", "value": null, "metadata": {"file": "/opt/venv/lib/python3.12/site-packages/primus_mllog/mlperf_sft.py", "lineno": 283, "samples_count": 2304}}
:::MLLOG {"namespace": "", "time_ms": 1778829278786, "event_type": "INTERVAL_END", "key": "block_stop", "value": null, "metadata": {"file": "/opt/venv/lib/python3.12/site-packages/primus_mllog/mlperf_sft.py", "lineno": 243, "samples_count": 2688}}
:::MLLOG {"namespace": "", "time_ms": 1778829278786, "event_type": "INTERVAL_START", "key": "eval_start", "value": null, "metadata": {"file": "/opt/venv/lib/python3.12/site-packages/primus_mllog/mlperf_sft.py", "lineno": 247, "samples_count": 2688}}
:::MLLOG {"namespace": "", "time_ms": 1778829289554, "event_type": "POINT_IN_TIME", "key": "eval_accuracy", "value": 0.9461602568626404, "metadata": {"file": "/opt/venv/lib/python3.12/site-packages/primus_mllog/mlperf_sft.py", "lineno": 264, "samples_count": 2688}}
:::MLLOG {"namespace": "", "time_ms": 1778829289554, "event_type": "INTERVAL_END", "key": "eval_stop", "value": null, "metadata": {"file": "/opt/venv/lib/python3.12/site-packages/primus_mllog/mlperf_sft.py", "lineno": 277, "samples_count": 2688}}
:::MLLOG {"namespace": "", "time_ms": 1778829289555, "event_type": "INTERVAL_START", "key": "block_start", "value": null, "metadata": {"file": "/opt/venv/lib/python3.12/site-packages/primus_mllog/mlperf_sft.py", "lineno": 283, "samples_count": 2688}}
:::MLLOG {"namespace": "", "time_ms": 1778829365505, "event_type": "INTERVAL_END", "key": "block_stop", "value": null, "metadata": {"file": "/opt/venv/lib/python3.12/site-packages/primus_mllog/mlperf_sft.py", "lineno": 243, "samples_count": 3072}}
:::MLLOG {"namespace": "", "time_ms": 1778829365505, "event_type": "INTERVAL_START", "key": "eval_start", "value": null, "metadata": {"file": "/opt/venv/lib/python3.12/site-packages/primus_mllog/mlperf_sft.py", "lineno": 247, "samples_count": 3072}}
:::MLLOG {"namespace": "", "time_ms": 1778829379096, "event_type": "POINT_IN_TIME", "key": "eval_accuracy", "value": 0.9235153794288635, "metadata": {"file": "/opt/venv/lib/python3.12/site-packages/primus_mllog/mlperf_sft.py", "lineno": 264, "samples_count": 3072}}
:::MLLOG {"namespace": "", "time_ms": 1778829379096, "event_type": "INTERVAL_END", "key": "eval_stop", "value": null, "metadata": {"file": "/opt/venv/lib/python3.12/site-packages/primus_mllog/mlperf_sft.py", "lineno": 277, "samples_count": 3072}}
:::MLLOG {"namespace": "", "time_ms": 1778829379103, "event_type": "INTERVAL_END", "key": "epoch_stop", "value": null, "metadata": {"file": "/opt/venv/lib/python3.12/site-packages/primus_mllog/mlperf_sft.py", "lineno": 305, "samples_count": 3072}}
:::MLLOG {"namespace": "", "time_ms": 1778829379103, "event_type": "INTERVAL_END", "key": "run_stop", "value": null, "metadata": {"file": "/opt/venv/lib/python3.12/site-packages/primus_mllog/mlperf_sft.py", "lineno": 319, "samples_count": 3072, "status": "success"}}
:::MLLOG {"namespace": "", "time_ms": 1778829379103, "event_type": "POINT_IN_TIME", "key": "run_duration", "value": "511.0s -> 8.52 minutes", "metadata": {"file": "/opt/venv/lib/python3.12/site-packages/primus_mllog/mlperf_sft.py", "lineno": 331, "samples": 3072}}
:::MLLOG {"namespace": "", "time_ms": 1778829379103, "event_type": "POINT_IN_TIME", "key": "throughput", "value": 6.01, "metadata": {"file": "/opt/venv/lib/python3.12/site-packages/primus_mllog/mlperf_sft.py", "lineno": 336, "samples": 3072}}
:::MLLOG {"namespace": "", "time_ms": 1778829427893, "event_type": "POINT_IN_TIME", "key": "submission_benchmark", "value": "llama2_70b_lora", "metadata": {"file": "/opt/venv/lib/python3.12/site-packages/primus_mllog/mlperf_sft.py", "lineno": 120}}
:::MLLOG {"namespace": "", "time_ms": 1778829427900, "event_type": "POINT_IN_TIME", "key": "submission_org", "value": "AMD", "metadata": {"file": "/opt/venv/lib/python3.12/site-packages/primus_mllog/mlperf_sft.py", "lineno": 124}}
:::MLLOG {"namespace": "", "time_ms": 1778829427900, "event_type": "POINT_IN_TIME", "key": "submission_division", "value": "closed", "metadata": {"file": "/opt/venv/lib/python3.12/site-packages/primus_mllog/mlperf_sft.py", "lineno": 128}}
:::MLLOG {"namespace": "", "time_ms": 1778829427900, "event_type": "POINT_IN_TIME", "key": "submission_platform", "value": "MI355X", "metadata": {"file": "/opt/venv/lib/python3.12/site-packages/primus_mllog/mlperf_sft.py", "lineno": 132}}
:::MLLOG {"namespace": "", "time_ms": 1778829427901, "event_type": "POINT_IN_TIME", "key": "submission_status", "value": "onprem", "metadata": {"file": "/opt/venv/lib/python3.12/site-packages/primus_mllog/mlperf_sft.py", "lineno": 136}}
:::MLLOG {"namespace": "", "time_ms": 1778829427901, "event_type": "POINT_IN_TIME", "key": "target_accuracy", "value": 0.925, "metadata": {"file": "/opt/venv/lib/python3.12/site-packages/primus_mllog/mlperf_sft.py", "lineno": 139}}
:::MLLOG {"namespace": "", "time_ms": 1778829427901, "event_type": "POINT_IN_TIME", "key": "global_batch_size", "value": 8, "metadata": {"file": "/opt/venv/lib/python3.12/site-packages/primus_mllog/mlperf_sft.py", "lineno": 172}}
:::MLLOG {"namespace": "", "time_ms": 1778829427901, "event_type": "POINT_IN_TIME", "key": "train_samples", "value": 3901, "metadata": {"file": "/opt/venv/lib/python3.12/site-packages/primus_mllog/mlperf_sft.py", "lineno": 172}}
:::MLLOG {"namespace": "", "time_ms": 1778829427901, "event_type": "POINT_IN_TIME", "key": "eval_samples", "value": 173, "metadata": {"file": "/opt/venv/lib/python3.12/site-packages/primus_mllog/mlperf_sft.py", "lineno": 172}}
:::MLLOG {"namespace": "", "time_ms": 1778829427901, "event_type": "POINT_IN_TIME", "key": "gradient_accumulation_steps", "value": 1, "metadata": {"file": "/opt/venv/lib/python3.12/site-packages/primus_mllog/mlperf_sft.py", "lineno": 172}}
:::MLLOG {"namespace": "", "time_ms": 1778829427901, "event_type": "POINT_IN_TIME", "key": "seed", "value": 24034, "metadata": {"file": "/opt/venv/lib/python3.12/site-packages/primus_mllog/mlperf_sft.py", "lineno": 172}}
:::MLLOG {"namespace": "", "time_ms": 1778829427901, "event_type": "POINT_IN_TIME", "key": "opt_name", "value": "adamw", "metadata": {"file": "/opt/venv/lib/python3.12/site-packages/primus_mllog/mlperf_sft.py", "lineno": 172}}
:::MLLOG {"namespace": "", "time_ms": 1778829427901, "event_type": "POINT_IN_TIME", "key": "opt_base_learning_rate", "value": 0.0006, "metadata": {"file": "/opt/venv/lib/python3.12/site-packages/primus_mllog/mlperf_sft.py", "lineno": 172}}
:::MLLOG {"namespace": "", "time_ms": 1778829427901, "event_type": "POINT_IN_TIME", "key": "opt_adamw_beta_1", "value": 0.9, "metadata": {"file": "/opt/venv/lib/python3.12/site-packages/primus_mllog/mlperf_sft.py", "lineno": 172}}
:::MLLOG {"namespace": "", "time_ms": 1778829427901, "event_type": "POINT_IN_TIME", "key": "opt_adamw_beta_2", "value": 0.999, "metadata": {"file": "/opt/venv/lib/python3.12/site-packages/primus_mllog/mlperf_sft.py", "lineno": 172}}
:::MLLOG {"namespace": "", "time_ms": 1778829427901, "event_type": "POINT_IN_TIME", "key": "opt_adamw_epsilon", "value": 1e-08, "metadata": {"file": "/opt/venv/lib/python3.12/site-packages/primus_mllog/mlperf_sft.py", "lineno": 172}}
:::MLLOG {"namespace": "", "time_ms": 1778829427901, "event_type": "POINT_IN_TIME", "key": "opt_adamw_weight_decay", "value": 0.0001, "metadata": {"file": "/opt/venv/lib/python3.12/site-packages/primus_mllog/mlperf_sft.py", "lineno": 172}}
:::MLLOG {"namespace": "", "time_ms": 1778829427901, "event_type": "POINT_IN_TIME", "key": "opt_gradient_clip_norm", "value": 0.3, "metadata": {"file": "/opt/venv/lib/python3.12/site-packages/primus_mllog/mlperf_sft.py", "lineno": 172}}
:::MLLOG {"namespace": "", "time_ms": 1778829427901, "event_type": "POINT_IN_TIME", "key": "opt_learning_rate_warmup_factor", "value": 0.0, "metadata": {"file": "/opt/venv/lib/python3.12/site-packages/primus_mllog/mlperf_sft.py", "lineno": 172}}
:::MLLOG {"namespace": "", "time_ms": 1778829427902, "event_type": "POINT_IN_TIME", "key": "opt_learning_rate_training_steps", "value": 550, "metadata": {"file": "/opt/venv/lib/python3.12/site-packages/primus_mllog/mlperf_sft.py", "lineno": 172}}
:::MLLOG {"namespace": "", "time_ms": 1778829427902, "event_type": "POINT_IN_TIME", "key": "max_sequence_length", "value": 8192, "metadata": {"file": "/opt/venv/lib/python3.12/site-packages/primus_mllog/mlperf_sft.py", "lineno": 172}}
:::MLLOG {"namespace": "", "time_ms": 1778829427902, "event_type": "POINT_IN_TIME", "key": "max_steps", "value": 550, "metadata": {"file": "/opt/venv/lib/python3.12/site-packages/primus_mllog/mlperf_sft.py", "lineno": 172}}
:::MLLOG {"namespace": "", "time_ms": 1778829427902, "event_type": "POINT_IN_TIME", "key": "lora_rank", "value": 16, "metadata": {"file": "/opt/venv/lib/python3.12/site-packages/primus_mllog/mlperf_sft.py", "lineno": 172}}
:::MLLOG {"namespace": "", "time_ms": 1778829427902, "event_type": "POINT_IN_TIME", "key": "lora_alpha", "value": 32, "metadata": {"file": "/opt/venv/lib/python3.12/site-packages/primus_mllog/mlperf_sft.py", "lineno": 172}}
:::MLLOG {"namespace": "", "time_ms": 1778829427902, "event_type": "POINT_IN_TIME", "key": "tensor_parallelism", "value": 1, "metadata": {"file": "/opt/venv/lib/python3.12/site-packages/primus_mllog/mlperf_sft.py", "lineno": 172}}
:::MLLOG {"namespace": "", "time_ms": 1778829427902, "event_type": "POINT_IN_TIME", "key": "pipeline_parallelism", "value": 1, "metadata": {"file": "/opt/venv/lib/python3.12/site-packages/primus_mllog/mlperf_sft.py", "lineno": 172}}
:::MLLOG {"namespace": "", "time_ms": 1778829427902, "event_type": "POINT_IN_TIME", "key": "context_parallelism", "value": 1, "metadata": {"file": "/opt/venv/lib/python3.12/site-packages/primus_mllog/mlperf_sft.py", "lineno": 172}}
:::MLLOG {"namespace": "", "time_ms": 1778829427902, "event_type": "POINT_IN_TIME", "key": "expert_parallelism", "value": 1, "metadata": {"file": "/opt/venv/lib/python3.12/site-packages/primus_mllog/mlperf_sft.py", "lineno": 172}}
:::MLLOG {"namespace": "", "time_ms": 1778829427902, "event_type": "POINT_IN_TIME", "key": "micro_batch_size", "value": 1, "metadata": {"file": "/opt/venv/lib/python3.12/site-packages/primus_mllog/mlperf_sft.py", "lineno": 172}}
:::MLLOG {"namespace": "", "time_ms": 1778829427902, "event_type": "POINT_IN_TIME", "key": "config_filename", "value": "config_MI355X_1x8x1.sh", "metadata": {"file": "/opt/venv/lib/python3.12/site-packages/primus_mllog/mlperf_sft.py", "lineno": 172}}
:::MLLOG {"namespace": "", "time_ms": 1778829427902, "event_type": "POINT_IN_TIME", "key": "lowest_numerical_precision_linear", "value": "mxfp4", "metadata": {"file": "/opt/venv/lib/python3.12/site-packages/primus_mllog/mlperf_sft.py", "lineno": 172}}
:::MLLOG {"namespace": "", "time_ms": 1778829631988, "event_type": "INTERVAL_END", "key": "init_stop", "value": null, "metadata": {"file": "/opt/venv/lib/python3.12/site-packages/primus_mllog/mlperf_sft.py", "lineno": 186}}
:::MLLOG {"namespace": "", "time_ms": 1778829631988, "event_type": "INTERVAL_START", "key": "run_start", "value": null, "metadata": {"file": "/opt/venv/lib/python3.12/site-packages/primus_mllog/mlperf_sft.py", "lineno": 187}}
:::MLLOG {"namespace": "", "time_ms": 1778829631988, "event_type": "INTERVAL_START", "key": "epoch_start", "value": null, "metadata": {"file": "/opt/venv/lib/python3.12/site-packages/primus_mllog/mlperf_sft.py", "lineno": 189, "samples_count": 0}}
:::MLLOG {"namespace": "", "time_ms": 1778829631988, "event_type": "INTERVAL_START", "key": "block_start", "value": null, "metadata": {"file": "/opt/venv/lib/python3.12/site-packages/primus_mllog/mlperf_sft.py", "lineno": 192, "samples_count": 0}}
:::MLLOG {"namespace": "", "time_ms": 1778829847123, "event_type": "INTERVAL_END", "key": "block_stop", "value": null, "metadata": {"file": "/opt/venv/lib/python3.12/site-packages/primus_mllog/mlperf_sft.py", "lineno": 243, "samples_count": 1536}}
:::MLLOG {"namespace": "", "time_ms": 1778829847123, "event_type": "INTERVAL_START", "key": "eval_start", "value": null, "metadata": {"file": "/opt/venv/lib/python3.12/site-packages/primus_mllog/mlperf_sft.py", "lineno": 247, "samples_count": 1536}}
:::MLLOG {"namespace": "", "time_ms": 1778829857589, "event_type": "POINT_IN_TIME", "key": "eval_accuracy", "value": 0.9734577536582947, "metadata": {"file": "/opt/venv/lib/python3.12/site-packages/primus_mllog/mlperf_sft.py", "lineno": 264, "samples_count": 1536}}
:::MLLOG {"namespace": "", "time_ms": 1778829857589, "event_type": "INTERVAL_END", "key": "eval_stop", "value": null, "metadata": {"file": "/opt/venv/lib/python3.12/site-packages/primus_mllog/mlperf_sft.py", "lineno": 277, "samples_count": 1536}}
:::MLLOG {"namespace": "", "time_ms": 1778829857589, "event_type": "INTERVAL_START", "key": "block_start", "value": null, "metadata": {"file": "/opt/venv/lib/python3.12/site-packages/primus_mllog/mlperf_sft.py", "lineno": 283, "samples_count": 1536}}
:::MLLOG {"namespace": "", "time_ms": 1778829912950, "event_type": "INTERVAL_END", "key": "block_stop", "value": null, "metadata": {"file": "/opt/venv/lib/python3.12/site-packages/primus_mllog/mlperf_sft.py", "lineno": 243, "samples_count": 1920}}
:::MLLOG {"namespace": "", "time_ms": 1778829912950, "event_type": "INTERVAL_START", "key": "eval_start", "value": null, "metadata": {"file": "/opt/venv/lib/python3.12/site-packages/primus_mllog/mlperf_sft.py", "lineno": 247, "samples_count": 1920}}
:::MLLOG {"namespace": "", "time_ms": 1778829923261, "event_type": "POINT_IN_TIME", "key": "eval_accuracy", "value": 0.9613712430000305, "metadata": {"file": "/opt/venv/lib/python3.12/site-packages/primus_mllog/mlperf_sft.py", "lineno": 264, "samples_count": 1920}}
:::MLLOG {"namespace": "", "time_ms": 1778829923262, "event_type": "INTERVAL_END", "key": "eval_stop", "value": null, "metadata": {"file": "/opt/venv/lib/python3.12/site-packages/primus_mllog/mlperf_sft.py", "lineno": 277, "samples_count": 1920}}
:::MLLOG {"namespace": "", "time_ms": 1778829923262, "event_type": "INTERVAL_START", "key": "block_start", "value": null, "metadata": {"file": "/opt/venv/lib/python3.12/site-packages/primus_mllog/mlperf_sft.py", "lineno": 283, "samples_count": 1920}}
:::MLLOG {"namespace": "", "time_ms": 1778829978306, "event_type": "INTERVAL_END", "key": "block_stop", "value": null, "metadata": {"file": "/opt/venv/lib/python3.12/site-packages/primus_mllog/mlperf_sft.py", "lineno": 243, "samples_count": 2304}}
:::MLLOG {"namespace": "", "time_ms": 1778829978306, "event_type": "INTERVAL_START", "key": "eval_start", "value": null, "metadata": {"file": "/opt/venv/lib/python3.12/site-packages/primus_mllog/mlperf_sft.py", "lineno": 247, "samples_count": 2304}}
:::MLLOG {"namespace": "", "time_ms": 1778829988610, "event_type": "POINT_IN_TIME", "key": "eval_accuracy", "value": 0.9567470550537109, "metadata": {"file": "/opt/venv/lib/python3.12/site-packages/primus_mllog/mlperf_sft.py", "lineno": 264, "samples_count": 2304}}
:::MLLOG {"namespace": "", "time_ms": 1778829988610, "event_type": "INTERVAL_END", "key": "eval_stop", "value": null, "metadata": {"file": "/opt/venv/lib/python3.12/site-packages/primus_mllog/mlperf_sft.py", "lineno": 277, "samples_count": 2304}}
:::MLLOG {"namespace": "", "time_ms": 1778829988610, "event_type": "INTERVAL_START", "key": "block_start", "value": null, "metadata": {"file": "/opt/venv/lib/python3.12/site-packages/primus_mllog/mlperf_sft.py", "lineno": 283, "samples_count": 2304}}
:::MLLOG {"namespace": "", "time_ms": 1778830041660, "event_type": "INTERVAL_END", "key": "block_stop", "value": null, "metadata": {"file": "/opt/venv/lib/python3.12/site-packages/primus_mllog/mlperf_sft.py", "lineno": 243, "samples_count": 2688}}
:::MLLOG {"namespace": "", "time_ms": 1778830041660, "event_type": "INTERVAL_START", "key": "eval_start", "value": null, "metadata": {"file": "/opt/venv/lib/python3.12/site-packages/primus_mllog/mlperf_sft.py", "lineno": 247, "samples_count": 2688}}
:::MLLOG {"namespace": "", "time_ms": 1778830051721, "event_type": "POINT_IN_TIME", "key": "eval_accuracy", "value": 0.9512930512428284, "metadata": {"file": "/opt/venv/lib/python3.12/site-packages/primus_mllog/mlperf_sft.py", "lineno": 264, "samples_count": 2688}}
:::MLLOG {"namespace": "", "time_ms": 1778830051721, "event_type": "INTERVAL_END", "key": "eval_stop", "value": null, "metadata": {"file": "/opt/venv/lib/python3.12/site-packages/primus_mllog/mlperf_sft.py", "lineno": 277, "samples_count": 2688}}
:::MLLOG {"namespace": "", "time_ms": 1778830051721, "event_type": "INTERVAL_START", "key": "block_start", "value": null, "metadata": {"file": "/opt/venv/lib/python3.12/site-packages/primus_mllog/mlperf_sft.py", "lineno": 283, "samples_count": 2688}}
:::MLLOG {"namespace": "", "time_ms": 1778830124868, "event_type": "INTERVAL_END", "key": "block_stop", "value": null, "metadata": {"file": "/opt/venv/lib/python3.12/site-packages/primus_mllog/mlperf_sft.py", "lineno": 243, "samples_count": 3072}}
:::MLLOG {"namespace": "", "time_ms": 1778830124868, "event_type": "INTERVAL_START", "key": "eval_start", "value": null, "metadata": {"file": "/opt/venv/lib/python3.12/site-packages/primus_mllog/mlperf_sft.py", "lineno": 247, "samples_count": 3072}}
:::MLLOG {"namespace": "", "time_ms": 1778830138384, "event_type": "POINT_IN_TIME", "key": "eval_accuracy", "value": 0.923900842666626, "metadata": {"file": "/opt/venv/lib/python3.12/site-packages/primus_mllog/mlperf_sft.py", "lineno": 264, "samples_count": 3072}}
:::MLLOG {"namespace": "", "time_ms": 1778830138384, "event_type": "INTERVAL_END", "key": "eval_stop", "value": null, "metadata": {"file": "/opt/venv/lib/python3.12/site-packages/primus_mllog/mlperf_sft.py", "lineno": 277, "samples_count": 3072}}
:::MLLOG {"namespace": "", "time_ms": 1778830138392, "event_type": "INTERVAL_END", "key": "epoch_stop", "value": null, "metadata": {"file": "/opt/venv/lib/python3.12/site-packages/primus_mllog/mlperf_sft.py", "lineno": 305, "samples_count": 3072}}
:::MLLOG {"namespace": "", "time_ms": 1778830138393, "event_type": "INTERVAL_END", "key": "run_stop", "value": null, "metadata": {"file": "/opt/venv/lib/python3.12/site-packages/primus_mllog/mlperf_sft.py", "lineno": 319, "samples_count": 3072, "status": "success"}}
:::MLLOG {"namespace": "", "time_ms": 1778830138393, "event_type": "POINT_IN_TIME", "key": "run_duration", "value": "506.4s -> 8.44 minutes", "metadata": {"file": "/opt/venv/lib/python3.12/site-packages/primus_mllog/mlperf_sft.py", "lineno": 331, "samples": 3072}}
:::MLLOG {"namespace": "", "time_ms": 1778830138393, "event_type": "POINT_IN_TIME", "key": "throughput", "value": 6.07, "metadata": {"file": "/opt/venv/lib/python3.12/site-packages/primus_mllog/mlperf_sft.py", "lineno": 336, "samples": 3072}}
:::MLLOG {"namespace": "", "time_ms": 1778830186555, "event_type": "POINT_IN_TIME", "key": "submission_benchmark", "value": "llama2_70b_lora", "metadata": {"file": "/opt/venv/lib/python3.12/site-packages/primus_mllog/mlperf_sft.py", "lineno": 120}}
:::MLLOG {"namespace": "", "time_ms": 1778830186562, "event_type": "POINT_IN_TIME", "key": "submission_org", "value": "AMD", "metadata": {"file": "/opt/venv/lib/python3.12/site-packages/primus_mllog/mlperf_sft.py", "lineno": 124}}
:::MLLOG {"namespace": "", "time_ms": 1778830186562, "event_type": "POINT_IN_TIME", "key": "submission_division", "value": "closed", "metadata": {"file": "/opt/venv/lib/python3.12/site-packages/primus_mllog/mlperf_sft.py", "lineno": 128}}
:::MLLOG {"namespace": "", "time_ms": 1778830186562, "event_type": "POINT_IN_TIME", "key": "submission_platform", "value": "MI355X", "metadata": {"file": "/opt/venv/lib/python3.12/site-packages/primus_mllog/mlperf_sft.py", "lineno": 132}}
:::MLLOG {"namespace": "", "time_ms": 1778830186562, "event_type": "POINT_IN_TIME", "key": "submission_status", "value": "onprem", "metadata": {"file": "/opt/venv/lib/python3.12/site-packages/primus_mllog/mlperf_sft.py", "lineno": 136}}
:::MLLOG {"namespace": "", "time_ms": 1778830186562, "event_type": "POINT_IN_TIME", "key": "target_accuracy", "value": 0.925, "metadata": {"file": "/opt/venv/lib/python3.12/site-packages/primus_mllog/mlperf_sft.py", "lineno": 139}}
:::MLLOG {"namespace": "", "time_ms": 1778830186562, "event_type": "POINT_IN_TIME", "key": "global_batch_size", "value": 8, "metadata": {"file": "/opt/venv/lib/python3.12/site-packages/primus_mllog/mlperf_sft.py", "lineno": 172}}
:::MLLOG {"namespace": "", "time_ms": 1778830186562, "event_type": "POINT_IN_TIME", "key": "train_samples", "value": 3901, "metadata": {"file": "/opt/venv/lib/python3.12/site-packages/primus_mllog/mlperf_sft.py", "lineno": 172}}
:::MLLOG {"namespace": "", "time_ms": 1778830186562, "event_type": "POINT_IN_TIME", "key": "eval_samples", "value": 173, "metadata": {"file": "/opt/venv/lib/python3.12/site-packages/primus_mllog/mlperf_sft.py", "lineno": 172}}
:::MLLOG {"namespace": "", "time_ms": 1778830186562, "event_type": "POINT_IN_TIME", "key": "gradient_accumulation_steps", "value": 1, "metadata": {"file": "/opt/venv/lib/python3.12/site-packages/primus_mllog/mlperf_sft.py", "lineno": 172}}
:::MLLOG {"namespace": "", "time_ms": 1778830186562, "event_type": "POINT_IN_TIME", "key": "seed", "value": 18774, "metadata": {"file": "/opt/venv/lib/python3.12/site-packages/primus_mllog/mlperf_sft.py", "lineno": 172}}
:::MLLOG {"namespace": "", "time_ms": 1778830186562, "event_type": "POINT_IN_TIME", "key": "opt_name", "value": "adamw", "metadata": {"file": "/opt/venv/lib/python3.12/site-packages/primus_mllog/mlperf_sft.py", "lineno": 172}}
:::MLLOG {"namespace": "", "time_ms": 1778830186562, "event_type": "POINT_IN_TIME", "key": "opt_base_learning_rate", "value": 0.0006, "metadata": {"file": "/opt/venv/lib/python3.12/site-packages/primus_mllog/mlperf_sft.py", "lineno": 172}}
:::MLLOG {"namespace": "", "time_ms": 1778830186562, "event_type": "POINT_IN_TIME", "key": "opt_adamw_beta_1", "value": 0.9, "metadata": {"file": "/opt/venv/lib/python3.12/site-packages/primus_mllog/mlperf_sft.py", "lineno": 172}}
:::MLLOG {"namespace": "", "time_ms": 1778830186563, "event_type": "POINT_IN_TIME", "key": "opt_adamw_beta_2", "value": 0.999, "metadata": {"file": "/opt/venv/lib/python3.12/site-packages/primus_mllog/mlperf_sft.py", "lineno": 172}}
:::MLLOG {"namespace": "", "time_ms": 1778830186563, "event_type": "POINT_IN_TIME", "key": "opt_adamw_epsilon", "value": 1e-08, "metadata": {"file": "/opt/venv/lib/python3.12/site-packages/primus_mllog/mlperf_sft.py", "lineno": 172}}
:::MLLOG {"namespace": "", "time_ms": 1778830186563, "event_type": "POINT_IN_TIME", "key": "opt_adamw_weight_decay", "value": 0.0001, "metadata": {"file": "/opt/venv/lib/python3.12/site-packages/primus_mllog/mlperf_sft.py", "lineno": 172}}
:::MLLOG {"namespace": "", "time_ms": 1778830186563, "event_type": "POINT_IN_TIME", "key": "opt_gradient_clip_norm", "value": 0.3, "metadata": {"file": "/opt/venv/lib/python3.12/site-packages/primus_mllog/mlperf_sft.py", "lineno": 172}}
:::MLLOG {"namespace": "", "time_ms": 1778830186563, "event_type": "POINT_IN_TIME", "key": "opt_learning_rate_warmup_factor", "value": 0.0, "metadata": {"file": "/opt/venv/lib/python3.12/site-packages/primus_mllog/mlperf_sft.py", "lineno": 172}}
:::MLLOG {"namespace": "", "time_ms": 1778830186563, "event_type": "POINT_IN_TIME", "key": "opt_learning_rate_training_steps", "value": 550, "metadata": {"file": "/opt/venv/lib/python3.12/site-packages/primus_mllog/mlperf_sft.py", "lineno": 172}}
:::MLLOG {"namespace": "", "time_ms": 1778830186563, "event_type": "POINT_IN_TIME", "key": "max_sequence_length", "value": 8192, "metadata": {"file": "/opt/venv/lib/python3.12/site-packages/primus_mllog/mlperf_sft.py", "lineno": 172}}
:::MLLOG {"namespace": "", "time_ms": 1778830186563, "event_type": "POINT_IN_TIME", "key": "max_steps", "value": 550, "metadata": {"file": "/opt/venv/lib/python3.12/site-packages/primus_mllog/mlperf_sft.py", "lineno": 172}}
:::MLLOG {"namespace": "", "time_ms": 1778830186563, "event_type": "POINT_IN_TIME", "key": "lora_rank", "value": 16, "metadata": {"file": "/opt/venv/lib/python3.12/site-packages/primus_mllog/mlperf_sft.py", "lineno": 172}}
:::MLLOG {"namespace": "", "time_ms": 1778830186563, "event_type": "POINT_IN_TIME", "key": "lora_alpha", "value": 32, "metadata": {"file": "/opt/venv/lib/python3.12/site-packages/primus_mllog/mlperf_sft.py", "lineno": 172}}
:::MLLOG {"namespace": "", "time_ms": 1778830186563, "event_type": "POINT_IN_TIME", "key": "tensor_parallelism", "value": 1, "metadata": {"file": "/opt/venv/lib/python3.12/site-packages/primus_mllog/mlperf_sft.py", "lineno": 172}}
:::MLLOG {"namespace": "", "time_ms": 1778830186563, "event_type": "POINT_IN_TIME", "key": "pipeline_parallelism", "value": 1, "metadata": {"file": "/opt/venv/lib/python3.12/site-packages/primus_mllog/mlperf_sft.py", "lineno": 172}}
:::MLLOG {"namespace": "", "time_ms": 1778830186563, "event_type": "POINT_IN_TIME", "key": "context_parallelism", "value": 1, "metadata": {"file": "/opt/venv/lib/python3.12/site-packages/primus_mllog/mlperf_sft.py", "lineno": 172}}
:::MLLOG {"namespace": "", "time_ms": 1778830186563, "event_type": "POINT_IN_TIME", "key": "expert_parallelism", "value": 1, "metadata": {"file": "/opt/venv/lib/python3.12/site-packages/primus_mllog/mlperf_sft.py", "lineno": 172}}
:::MLLOG {"namespace": "", "time_ms": 1778830186563, "event_type": "POINT_IN_TIME", "key": "micro_batch_size", "value": 1, "metadata": {"file": "/opt/venv/lib/python3.12/site-packages/primus_mllog/mlperf_sft.py", "lineno": 172}}
:::MLLOG {"namespace": "", "time_ms": 1778830186564, "event_type": "POINT_IN_TIME", "key": "config_filename", "value": "config_MI355X_1x8x1.sh", "metadata": {"file": "/opt/venv/lib/python3.12/site-packages/primus_mllog/mlperf_sft.py", "lineno": 172}}
:::MLLOG {"namespace": "", "time_ms": 1778830186564, "event_type": "POINT_IN_TIME", "key": "lowest_numerical_precision_linear", "value": "mxfp4", "metadata": {"file": "/opt/venv/lib/python3.12/site-packages/primus_mllog/mlperf_sft.py", "lineno": 172}}
:::MLLOG {"namespace": "", "time_ms": 1778830389326, "event_type": "INTERVAL_END", "key": "init_stop", "value": null, "metadata": {"file": "/opt/venv/lib/python3.12/site-packages/primus_mllog/mlperf_sft.py", "lineno": 186}}
:::MLLOG {"namespace": "", "time_ms": 1778830389327, "event_type": "INTERVAL_START", "key": "run_start", "value": null, "metadata": {"file": "/opt/venv/lib/python3.12/site-packages/primus_mllog/mlperf_sft.py", "lineno": 187}}
:::MLLOG {"namespace": "", "time_ms": 1778830389327, "event_type": "INTERVAL_START", "key": "epoch_start", "value": null, "metadata": {"file": "/opt/venv/lib/python3.12/site-packages/primus_mllog/mlperf_sft.py", "lineno": 189, "samples_count": 0}}
:::MLLOG {"namespace": "", "time_ms": 1778830389327, "event_type": "INTERVAL_START", "key": "block_start", "value": null, "metadata": {"file": "/opt/venv/lib/python3.12/site-packages/primus_mllog/mlperf_sft.py", "lineno": 192, "samples_count": 0}}
:::MLLOG {"namespace": "", "time_ms": 1778830605644, "event_type": "INTERVAL_END", "key": "block_stop", "value": null, "metadata": {"file": "/opt/venv/lib/python3.12/site-packages/primus_mllog/mlperf_sft.py", "lineno": 243, "samples_count": 1536}}
:::MLLOG {"namespace": "", "time_ms": 1778830605644, "event_type": "INTERVAL_START", "key": "eval_start", "value": null, "metadata": {"file": "/opt/venv/lib/python3.12/site-packages/primus_mllog/mlperf_sft.py", "lineno": 247, "samples_count": 1536}}
:::MLLOG {"namespace": "", "time_ms": 1778830616077, "event_type": "POINT_IN_TIME", "key": "eval_accuracy", "value": 1.0540281534194946, "metadata": {"file": "/opt/venv/lib/python3.12/site-packages/primus_mllog/mlperf_sft.py", "lineno": 264, "samples_count": 1536}}
:::MLLOG {"namespace": "", "time_ms": 1778830616077, "event_type": "INTERVAL_END", "key": "eval_stop", "value": null, "metadata": {"file": "/opt/venv/lib/python3.12/site-packages/primus_mllog/mlperf_sft.py", "lineno": 277, "samples_count": 1536}}
:::MLLOG {"namespace": "", "time_ms": 1778830616077, "event_type": "INTERVAL_START", "key": "block_start", "value": null, "metadata": {"file": "/opt/venv/lib/python3.12/site-packages/primus_mllog/mlperf_sft.py", "lineno": 283, "samples_count": 1536}}
:::MLLOG {"namespace": "", "time_ms": 1778830671274, "event_type": "INTERVAL_END", "key": "block_stop", "value": null, "metadata": {"file": "/opt/venv/lib/python3.12/site-packages/primus_mllog/mlperf_sft.py", "lineno": 243, "samples_count": 1920}}
:::MLLOG {"namespace": "", "time_ms": 1778830671275, "event_type": "INTERVAL_START", "key": "eval_start", "value": null, "metadata": {"file": "/opt/venv/lib/python3.12/site-packages/primus_mllog/mlperf_sft.py", "lineno": 247, "samples_count": 1920}}
:::MLLOG {"namespace": "", "time_ms": 1778830681640, "event_type": "POINT_IN_TIME", "key": "eval_accuracy", "value": 0.9610759615898132, "metadata": {"file": "/opt/venv/lib/python3.12/site-packages/primus_mllog/mlperf_sft.py", "lineno": 264, "samples_count": 1920}}
:::MLLOG {"namespace": "", "time_ms": 1778830681640, "event_type": "INTERVAL_END", "key": "eval_stop", "value": null, "metadata": {"file": "/opt/venv/lib/python3.12/site-packages/primus_mllog/mlperf_sft.py", "lineno": 277, "samples_count": 1920}}
:::MLLOG {"namespace": "", "time_ms": 1778830681640, "event_type": "INTERVAL_START", "key": "block_start", "value": null, "metadata": {"file": "/opt/venv/lib/python3.12/site-packages/primus_mllog/mlperf_sft.py", "lineno": 283, "samples_count": 1920}}
:::MLLOG {"namespace": "", "time_ms": 1778830736532, "event_type": "INTERVAL_END", "key": "block_stop", "value": null, "metadata": {"file": "/opt/venv/lib/python3.12/site-packages/primus_mllog/mlperf_sft.py", "lineno": 243, "samples_count": 2304}}
:::MLLOG {"namespace": "", "time_ms": 1778830736533, "event_type": "INTERVAL_START", "key": "eval_start", "value": null, "metadata": {"file": "/opt/venv/lib/python3.12/site-packages/primus_mllog/mlperf_sft.py", "lineno": 247, "samples_count": 2304}}
:::MLLOG {"namespace": "", "time_ms": 1778830746946, "event_type": "POINT_IN_TIME", "key": "eval_accuracy", "value": 0.9507012367248535, "metadata": {"file": "/opt/venv/lib/python3.12/site-packages/primus_mllog/mlperf_sft.py", "lineno": 264, "samples_count": 2304}}
:::MLLOG {"namespace": "", "time_ms": 1778830746947, "event_type": "INTERVAL_END", "key": "eval_stop", "value": null, "metadata": {"file": "/opt/venv/lib/python3.12/site-packages/primus_mllog/mlperf_sft.py", "lineno": 277, "samples_count": 2304}}
:::MLLOG {"namespace": "", "time_ms": 1778830746947, "event_type": "INTERVAL_START", "key": "block_start", "value": null, "metadata": {"file": "/opt/venv/lib/python3.12/site-packages/primus_mllog/mlperf_sft.py", "lineno": 283, "samples_count": 2304}}
:::MLLOG {"namespace": "", "time_ms": 1778830801410, "event_type": "INTERVAL_END", "key": "block_stop", "value": null, "metadata": {"file": "/opt/venv/lib/python3.12/site-packages/primus_mllog/mlperf_sft.py", "lineno": 243, "samples_count": 2688}}
:::MLLOG {"namespace": "", "time_ms": 1778830801411, "event_type": "INTERVAL_START", "key": "eval_start", "value": null, "metadata": {"file": "/opt/venv/lib/python3.12/site-packages/primus_mllog/mlperf_sft.py", "lineno": 247, "samples_count": 2688}}
:::MLLOG {"namespace": "", "time_ms": 1778830811885, "event_type": "POINT_IN_TIME", "key": "eval_accuracy", "value": 0.9472514986991882, "metadata": {"file": "/opt/venv/lib/python3.12/site-packages/primus_mllog/mlperf_sft.py", "lineno": 264, "samples_count": 2688}}
:::MLLOG {"namespace": "", "time_ms": 1778830811885, "event_type": "INTERVAL_END", "key": "eval_stop", "value": null, "metadata": {"file": "/opt/venv/lib/python3.12/site-packages/primus_mllog/mlperf_sft.py", "lineno": 277, "samples_count": 2688}}
:::MLLOG {"namespace": "", "time_ms": 1778830811886, "event_type": "INTERVAL_START", "key": "block_start", "value": null, "metadata": {"file": "/opt/venv/lib/python3.12/site-packages/primus_mllog/mlperf_sft.py", "lineno": 283, "samples_count": 2688}}
:::MLLOG {"namespace": "", "time_ms": 1778830884870, "event_type": "INTERVAL_END", "key": "block_stop", "value": null, "metadata": {"file": "/opt/venv/lib/python3.12/site-packages/primus_mllog/mlperf_sft.py", "lineno": 243, "samples_count": 3072}}
:::MLLOG {"namespace": "", "time_ms": 1778830884870, "event_type": "INTERVAL_START", "key": "eval_start", "value": null, "metadata": {"file": "/opt/venv/lib/python3.12/site-packages/primus_mllog/mlperf_sft.py", "lineno": 247, "samples_count": 3072}}
:::MLLOG {"namespace": "", "time_ms": 1778830898343, "event_type": "POINT_IN_TIME", "key": "eval_accuracy", "value": 0.9240762591362, "metadata": {"file": "/opt/venv/lib/python3.12/site-packages/primus_mllog/mlperf_sft.py", "lineno": 264, "samples_count": 3072}}
:::MLLOG {"namespace": "", "time_ms": 1778830898344, "event_type": "INTERVAL_END", "key": "eval_stop", "value": null, "metadata": {"file": "/opt/venv/lib/python3.12/site-packages/primus_mllog/mlperf_sft.py", "lineno": 277, "samples_count": 3072}}
:::MLLOG {"namespace": "", "time_ms": 1778830898352, "event_type": "INTERVAL_END", "key": "epoch_stop", "value": null, "metadata": {"file": "/opt/venv/lib/python3.12/site-packages/primus_mllog/mlperf_sft.py", "lineno": 305, "samples_count": 3072}}
:::MLLOG {"namespace": "", "time_ms": 1778830898352, "event_type": "INTERVAL_END", "key": "run_stop", "value": null, "metadata": {"file": "/opt/venv/lib/python3.12/site-packages/primus_mllog/mlperf_sft.py", "lineno": 319, "samples_count": 3072, "status": "success"}}
:::MLLOG {"namespace": "", "time_ms": 1778830898352, "event_type": "POINT_IN_TIME", "key": "run_duration", "value": "509.03s -> 8.48 minutes", "metadata": {"file": "/opt/venv/lib/python3.12/site-packages/primus_mllog/mlperf_sft.py", "lineno": 331, "samples": 3072}}
:::MLLOG {"namespace": "", "time_ms": 1778830898352, "event_type": "POINT_IN_TIME", "key": "throughput", "value": 6.04, "metadata": {"file": "/opt/venv/lib/python3.12/site-packages/primus_mllog/mlperf_sft.py", "lineno": 336, "samples": 3072}}
:::MLLOG {"namespace": "", "time_ms": 1778830945695, "event_type": "POINT_IN_TIME", "key": "submission_benchmark", "value": "llama2_70b_lora", "metadata": {"file": "/opt/venv/lib/python3.12/site-packages/primus_mllog/mlperf_sft.py", "lineno": 120}}
:::MLLOG {"namespace": "", "time_ms": 1778830945703, "event_type": "POINT_IN_TIME", "key": "submission_org", "value": "AMD", "metadata": {"file": "/opt/venv/lib/python3.12/site-packages/primus_mllog/mlperf_sft.py", "lineno": 124}}
:::MLLOG {"namespace": "", "time_ms": 1778830945703, "event_type": "POINT_IN_TIME", "key": "submission_division", "value": "closed", "metadata": {"file": "/opt/venv/lib/python3.12/site-packages/primus_mllog/mlperf_sft.py", "lineno": 128}}
:::MLLOG {"namespace": "", "time_ms": 1778830945703, "event_type": "POINT_IN_TIME", "key": "submission_platform", "value": "MI355X", "metadata": {"file": "/opt/venv/lib/python3.12/site-packages/primus_mllog/mlperf_sft.py", "lineno": 132}}
:::MLLOG {"namespace": "", "time_ms": 1778830945703, "event_type": "POINT_IN_TIME", "key": "submission_status", "value": "onprem", "metadata": {"file": "/opt/venv/lib/python3.12/site-packages/primus_mllog/mlperf_sft.py", "lineno": 136}}
:::MLLOG {"namespace": "", "time_ms": 1778830945703, "event_type": "POINT_IN_TIME", "key": "target_accuracy", "value": 0.925, "metadata": {"file": "/opt/venv/lib/python3.12/site-packages/primus_mllog/mlperf_sft.py", "lineno": 139}}
:::MLLOG {"namespace": "", "time_ms": 1778830945703, "event_type": "POINT_IN_TIME", "key": "global_batch_size", "value": 8, "metadata": {"file": "/opt/venv/lib/python3.12/site-packages/primus_mllog/mlperf_sft.py", "lineno": 172}}
:::MLLOG {"namespace": "", "time_ms": 1778830945703, "event_type": "POINT_IN_TIME", "key": "train_samples", "value": 3901, "metadata": {"file": "/opt/venv/lib/python3.12/site-packages/primus_mllog/mlperf_sft.py", "lineno": 172}}
:::MLLOG {"namespace": "", "time_ms": 1778830945703, "event_type": "POINT_IN_TIME", "key": "eval_samples", "value": 173, "metadata": {"file": "/opt/venv/lib/python3.12/site-packages/primus_mllog/mlperf_sft.py", "lineno": 172}}
:::MLLOG {"namespace": "", "time_ms": 1778830945703, "event_type": "POINT_IN_TIME", "key": "gradient_accumulation_steps", "value": 1, "metadata": {"file": "/opt/venv/lib/python3.12/site-packages/primus_mllog/mlperf_sft.py", "lineno": 172}}
:::MLLOG {"namespace": "", "time_ms": 1778830945703, "event_type": "POINT_IN_TIME", "key": "seed", "value": 14193, "metadata": {"file": "/opt/venv/lib/python3.12/site-packages/primus_mllog/mlperf_sft.py", "lineno": 172}}
:::MLLOG {"namespace": "", "time_ms": 1778830945703, "event_type": "POINT_IN_TIME", "key": "opt_name", "value": "adamw", "metadata": {"file": "/opt/venv/lib/python3.12/site-packages/primus_mllog/mlperf_sft.py", "lineno": 172}}
:::MLLOG {"namespace": "", "time_ms": 1778830945703, "event_type": "POINT_IN_TIME", "key": "opt_base_learning_rate", "value": 0.0006, "metadata": {"file": "/opt/venv/lib/python3.12/site-packages/primus_mllog/mlperf_sft.py", "lineno": 172}}
:::MLLOG {"namespace": "", "time_ms": 1778830945704, "event_type": "POINT_IN_TIME", "key": "opt_adamw_beta_1", "value": 0.9, "metadata": {"file": "/opt/venv/lib/python3.12/site-packages/primus_mllog/mlperf_sft.py", "lineno": 172}}
:::MLLOG {"namespace": "", "time_ms": 1778830945704, "event_type": "POINT_IN_TIME", "key": "opt_adamw_beta_2", "value": 0.999, "metadata": {"file": "/opt/venv/lib/python3.12/site-packages/primus_mllog/mlperf_sft.py", "lineno": 172}}
:::MLLOG {"namespace": "", "time_ms": 1778830945704, "event_type": "POINT_IN_TIME", "key": "opt_adamw_epsilon", "value": 1e-08, "metadata": {"file": "/opt/venv/lib/python3.12/site-packages/primus_mllog/mlperf_sft.py", "lineno": 172}}
:::MLLOG {"namespace": "", "time_ms": 1778830945704, "event_type": "POINT_IN_TIME", "key": "opt_adamw_weight_decay", "value": 0.0001, "metadata": {"file": "/opt/venv/lib/python3.12/site-packages/primus_mllog/mlperf_sft.py", "lineno": 172}}
:::MLLOG {"namespace": "", "time_ms": 1778830945704, "event_type": "POINT_IN_TIME", "key": "opt_gradient_clip_norm", "value": 0.3, "metadata": {"file": "/opt/venv/lib/python3.12/site-packages/primus_mllog/mlperf_sft.py", "lineno": 172}}
:::MLLOG {"namespace": "", "time_ms": 1778830945704, "event_type": "POINT_IN_TIME", "key": "opt_learning_rate_warmup_factor", "value": 0.0, "metadata": {"file": "/opt/venv/lib/python3.12/site-packages/primus_mllog/mlperf_sft.py", "lineno": 172}}
:::MLLOG {"namespace": "", "time_ms": 1778830945704, "event_type": "POINT_IN_TIME", "key": "opt_learning_rate_training_steps", "value": 550, "metadata": {"file": "/opt/venv/lib/python3.12/site-packages/primus_mllog/mlperf_sft.py", "lineno": 172}}
:::MLLOG {"namespace": "", "time_ms": 1778830945704, "event_type": "POINT_IN_TIME", "key": "max_sequence_length", "value": 8192, "metadata": {"file": "/opt/venv/lib/python3.12/site-packages/primus_mllog/mlperf_sft.py", "lineno": 172}}
:::MLLOG {"namespace": "", "time_ms": 1778830945704, "event_type": "POINT_IN_TIME", "key": "max_steps", "value": 550, "metadata": {"file": "/opt/venv/lib/python3.12/site-packages/primus_mllog/mlperf_sft.py", "lineno": 172}}
:::MLLOG {"namespace": "", "time_ms": 1778830945704, "event_type": "POINT_IN_TIME", "key": "lora_rank", "value": 16, "metadata": {"file": "/opt/venv/lib/python3.12/site-packages/primus_mllog/mlperf_sft.py", "lineno": 172}}
:::MLLOG {"namespace": "", "time_ms": 1778830945704, "event_type": "POINT_IN_TIME", "key": "lora_alpha", "value": 32, "metadata": {"file": "/opt/venv/lib/python3.12/site-packages/primus_mllog/mlperf_sft.py", "lineno": 172}}
:::MLLOG {"namespace": "", "time_ms": 1778830945704, "event_type": "POINT_IN_TIME", "key": "tensor_parallelism", "value": 1, "metadata": {"file": "/opt/venv/lib/python3.12/site-packages/primus_mllog/mlperf_sft.py", "lineno": 172}}
:::MLLOG {"namespace": "", "time_ms": 1778830945704, "event_type": "POINT_IN_TIME", "key": "pipeline_parallelism", "value": 1, "metadata": {"file": "/opt/venv/lib/python3.12/site-packages/primus_mllog/mlperf_sft.py", "lineno": 172}}
:::MLLOG {"namespace": "", "time_ms": 1778830945704, "event_type": "POINT_IN_TIME", "key": "context_parallelism", "value": 1, "metadata": {"file": "/opt/venv/lib/python3.12/site-packages/primus_mllog/mlperf_sft.py", "lineno": 172}}
:::MLLOG {"namespace": "", "time_ms": 1778830945704, "event_type": "POINT_IN_TIME", "key": "expert_parallelism", "value": 1, "metadata": {"file": "/opt/venv/lib/python3.12/site-packages/primus_mllog/mlperf_sft.py", "lineno": 172}}
:::MLLOG {"namespace": "", "time_ms": 1778830945705, "event_type": "POINT_IN_TIME", "key": "micro_batch_size", "value": 1, "metadata": {"file": "/opt/venv/lib/python3.12/site-packages/primus_mllog/mlperf_sft.py", "lineno": 172}}
:::MLLOG {"namespace": "", "time_ms": 1778830945705, "event_type": "POINT_IN_TIME", "key": "config_filename", "value": "config_MI355X_1x8x1.sh", "metadata": {"file": "/opt/venv/lib/python3.12/site-packages/primus_mllog/mlperf_sft.py", "lineno": 172}}
:::MLLOG {"namespace": "", "time_ms": 1778830945705, "event_type": "POINT_IN_TIME", "key": "lowest_numerical_precision_linear", "value": "mxfp4", "metadata": {"file": "/opt/venv/lib/python3.12/site-packages/primus_mllog/mlperf_sft.py", "lineno": 172}}
:::MLLOG {"namespace": "", "time_ms": 1778831147406, "event_type": "INTERVAL_END", "key": "init_stop", "value": null, "metadata": {"file": "/opt/venv/lib/python3.12/site-packages/primus_mllog/mlperf_sft.py", "lineno": 186}}
:::MLLOG {"namespace": "", "time_ms": 1778831147407, "event_type": "INTERVAL_START", "key": "run_start", "value": null, "metadata": {"file": "/opt/venv/lib/python3.12/site-packages/primus_mllog/mlperf_sft.py", "lineno": 187}}
:::MLLOG {"namespace": "", "time_ms": 1778831147407, "event_type": "INTERVAL_START", "key": "epoch_start", "value": null, "metadata": {"file": "/opt/venv/lib/python3.12/site-packages/primus_mllog/mlperf_sft.py", "lineno": 189, "samples_count": 0}}
:::MLLOG {"namespace": "", "time_ms": 1778831147407, "event_type": "INTERVAL_START", "key": "block_start", "value": null, "metadata": {"file": "/opt/venv/lib/python3.12/site-packages/primus_mllog/mlperf_sft.py", "lineno": 192, "samples_count": 0}}
:::MLLOG {"namespace": "", "time_ms": 1778831367024, "event_type": "INTERVAL_END", "key": "block_stop", "value": null, "metadata": {"file": "/opt/venv/lib/python3.12/site-packages/primus_mllog/mlperf_sft.py", "lineno": 243, "samples_count": 1536}}
:::MLLOG {"namespace": "", "time_ms": 1778831367025, "event_type": "INTERVAL_START", "key": "eval_start", "value": null, "metadata": {"file": "/opt/venv/lib/python3.12/site-packages/primus_mllog/mlperf_sft.py", "lineno": 247, "samples_count": 1536}}
:::MLLOG {"namespace": "", "time_ms": 1778831377427, "event_type": "POINT_IN_TIME", "key": "eval_accuracy", "value": 0.9706059098243713, "metadata": {"file": "/opt/venv/lib/python3.12/site-packages/primus_mllog/mlperf_sft.py", "lineno": 264, "samples_count": 1536}}
:::MLLOG {"namespace": "", "time_ms": 1778831377427, "event_type": "INTERVAL_END", "key": "eval_stop", "value": null, "metadata": {"file": "/opt/venv/lib/python3.12/site-packages/primus_mllog/mlperf_sft.py", "lineno": 277, "samples_count": 1536}}
:::MLLOG {"namespace": "", "time_ms": 1778831377427, "event_type": "INTERVAL_START", "key": "block_start", "value": null, "metadata": {"file": "/opt/venv/lib/python3.12/site-packages/primus_mllog/mlperf_sft.py", "lineno": 283, "samples_count": 1536}}
:::MLLOG {"namespace": "", "time_ms": 1778831432068, "event_type": "INTERVAL_END", "key": "block_stop", "value": null, "metadata": {"file": "/opt/venv/lib/python3.12/site-packages/primus_mllog/mlperf_sft.py", "lineno": 243, "samples_count": 1920}}
:::MLLOG {"namespace": "", "time_ms": 1778831432069, "event_type": "INTERVAL_START", "key": "eval_start", "value": null, "metadata": {"file": "/opt/venv/lib/python3.12/site-packages/primus_mllog/mlperf_sft.py", "lineno": 247, "samples_count": 1920}}
:::MLLOG {"namespace": "", "time_ms": 1778831442547, "event_type": "POINT_IN_TIME", "key": "eval_accuracy", "value": 0.9773602485656738, "metadata": {"file": "/opt/venv/lib/python3.12/site-packages/primus_mllog/mlperf_sft.py", "lineno": 264, "samples_count": 1920}}
:::MLLOG {"namespace": "", "time_ms": 1778831442547, "event_type": "INTERVAL_END", "key": "eval_stop", "value": null, "metadata": {"file": "/opt/venv/lib/python3.12/site-packages/primus_mllog/mlperf_sft.py", "lineno": 277, "samples_count": 1920}}
:::MLLOG {"namespace": "", "time_ms": 1778831442547, "event_type": "INTERVAL_START", "key": "block_start", "value": null, "metadata": {"file": "/opt/venv/lib/python3.12/site-packages/primus_mllog/mlperf_sft.py", "lineno": 283, "samples_count": 1920}}
:::MLLOG {"namespace": "", "time_ms": 1778831497162, "event_type": "INTERVAL_END", "key": "block_stop", "value": null, "metadata": {"file": "/opt/venv/lib/python3.12/site-packages/primus_mllog/mlperf_sft.py", "lineno": 243, "samples_count": 2304}}
:::MLLOG {"namespace": "", "time_ms": 1778831497163, "event_type": "INTERVAL_START", "key": "eval_start", "value": null, "metadata": {"file": "/opt/venv/lib/python3.12/site-packages/primus_mllog/mlperf_sft.py", "lineno": 247, "samples_count": 2304}}
:::MLLOG {"namespace": "", "time_ms": 1778831507187, "event_type": "POINT_IN_TIME", "key": "eval_accuracy", "value": 0.9535462856292725, "metadata": {"file": "/opt/venv/lib/python3.12/site-packages/primus_mllog/mlperf_sft.py", "lineno": 264, "samples_count": 2304}}
:::MLLOG {"namespace": "", "time_ms": 1778831507188, "event_type": "INTERVAL_END", "key": "eval_stop", "value": null, "metadata": {"file": "/opt/venv/lib/python3.12/site-packages/primus_mllog/mlperf_sft.py", "lineno": 277, "samples_count": 2304}}
:::MLLOG {"namespace": "", "time_ms": 1778831507188, "event_type": "INTERVAL_START", "key": "block_start", "value": null, "metadata": {"file": "/opt/venv/lib/python3.12/site-packages/primus_mllog/mlperf_sft.py", "lineno": 283, "samples_count": 2304}}
:::MLLOG {"namespace": "", "time_ms": 1778831561131, "event_type": "INTERVAL_END", "key": "block_stop", "value": null, "metadata": {"file": "/opt/venv/lib/python3.12/site-packages/primus_mllog/mlperf_sft.py", "lineno": 243, "samples_count": 2688}}
:::MLLOG {"namespace": "", "time_ms": 1778831561131, "event_type": "INTERVAL_START", "key": "eval_start", "value": null, "metadata": {"file": "/opt/venv/lib/python3.12/site-packages/primus_mllog/mlperf_sft.py", "lineno": 247, "samples_count": 2688}}
:::MLLOG {"namespace": "", "time_ms": 1778831571162, "event_type": "POINT_IN_TIME", "key": "eval_accuracy", "value": 0.9487717151641846, "metadata": {"file": "/opt/venv/lib/python3.12/site-packages/primus_mllog/mlperf_sft.py", "lineno": 264, "samples_count": 2688}}
:::MLLOG {"namespace": "", "time_ms": 1778831571163, "event_type": "INTERVAL_END", "key": "eval_stop", "value": null, "metadata": {"file": "/opt/venv/lib/python3.12/site-packages/primus_mllog/mlperf_sft.py", "lineno": 277, "samples_count": 2688}}
:::MLLOG {"namespace": "", "time_ms": 1778831571163, "event_type": "INTERVAL_START", "key": "block_start", "value": null, "metadata": {"file": "/opt/venv/lib/python3.12/site-packages/primus_mllog/mlperf_sft.py", "lineno": 283, "samples_count": 2688}}
:::MLLOG {"namespace": "", "time_ms": 1778831646743, "event_type": "INTERVAL_END", "key": "block_stop", "value": null, "metadata": {"file": "/opt/venv/lib/python3.12/site-packages/primus_mllog/mlperf_sft.py", "lineno": 243, "samples_count": 3072}}
:::MLLOG {"namespace": "", "time_ms": 1778831646743, "event_type": "INTERVAL_START", "key": "eval_start", "value": null, "metadata": {"file": "/opt/venv/lib/python3.12/site-packages/primus_mllog/mlperf_sft.py", "lineno": 247, "samples_count": 3072}}
:::MLLOG {"namespace": "", "time_ms": 1778831661334, "event_type": "POINT_IN_TIME", "key": "eval_accuracy", "value": 0.9240944981575012, "metadata": {"file": "/opt/venv/lib/python3.12/site-packages/primus_mllog/mlperf_sft.py", "lineno": 264, "samples_count": 3072}}
:::MLLOG {"namespace": "", "time_ms": 1778831661334, "event_type": "INTERVAL_END", "key": "eval_stop", "value": null, "metadata": {"file": "/opt/venv/lib/python3.12/site-packages/primus_mllog/mlperf_sft.py", "lineno": 277, "samples_count": 3072}}
:::MLLOG {"namespace": "", "time_ms": 1778831661342, "event_type": "INTERVAL_END", "key": "epoch_stop", "value": null, "metadata": {"file": "/opt/venv/lib/python3.12/site-packages/primus_mllog/mlperf_sft.py", "lineno": 305, "samples_count": 3072}}
:::MLLOG {"namespace": "", "time_ms": 1778831661342, "event_type": "INTERVAL_END", "key": "run_stop", "value": null, "metadata": {"file": "/opt/venv/lib/python3.12/site-packages/primus_mllog/mlperf_sft.py", "lineno": 319, "samples_count": 3072, "status": "success"}}
:::MLLOG {"namespace": "", "time_ms": 1778831661342, "event_type": "POINT_IN_TIME", "key": "run_duration", "value": "513.94s -> 8.57 minutes", "metadata": {"file": "/opt/venv/lib/python3.12/site-packages/primus_mllog/mlperf_sft.py", "lineno": 331, "samples": 3072}}
:::MLLOG {"namespace": "", "time_ms": 1778831661342, "event_type": "POINT_IN_TIME", "key": "throughput", "value": 5.98, "metadata": {"file": "/opt/venv/lib/python3.12/site-packages/primus_mllog/mlperf_sft.py", "lineno": 336, "samples": 3072}}
:::MLLOG {"namespace": "", "time_ms": 1778831709510, "event_type": "POINT_IN_TIME", "key": "submission_benchmark", "value": "llama2_70b_lora", "metadata": {"file": "/opt/venv/lib/python3.12/site-packages/primus_mllog/mlperf_sft.py", "lineno": 120}}
:::MLLOG {"namespace": "", "time_ms": 1778831709517, "event_type": "POINT_IN_TIME", "key": "submission_org", "value": "AMD", "metadata": {"file": "/opt/venv/lib/python3.12/site-packages/primus_mllog/mlperf_sft.py", "lineno": 124}}
:::MLLOG {"namespace": "", "time_ms": 1778831709517, "event_type": "POINT_IN_TIME", "key": "submission_division", "value": "closed", "metadata": {"file": "/opt/venv/lib/python3.12/site-packages/primus_mllog/mlperf_sft.py", "lineno": 128}}
:::MLLOG {"namespace": "", "time_ms": 1778831709517, "event_type": "POINT_IN_TIME", "key": "submission_platform", "value": "MI355X", "metadata": {"file": "/opt/venv/lib/python3.12/site-packages/primus_mllog/mlperf_sft.py", "lineno": 132}}
:::MLLOG {"namespace": "", "time_ms": 1778831709517, "event_type": "POINT_IN_TIME", "key": "submission_status", "value": "onprem", "metadata": {"file": "/opt/venv/lib/python3.12/site-packages/primus_mllog/mlperf_sft.py", "lineno": 136}}
:::MLLOG {"namespace": "", "time_ms": 1778831709517, "event_type": "POINT_IN_TIME", "key": "target_accuracy", "value": 0.925, "metadata": {"file": "/opt/venv/lib/python3.12/site-packages/primus_mllog/mlperf_sft.py", "lineno": 139}}
:::MLLOG {"namespace": "", "time_ms": 1778831709517, "event_type": "POINT_IN_TIME", "key": "global_batch_size", "value": 8, "metadata": {"file": "/opt/venv/lib/python3.12/site-packages/primus_mllog/mlperf_sft.py", "lineno": 172}}
:::MLLOG {"namespace": "", "time_ms": 1778831709517, "event_type": "POINT_IN_TIME", "key": "train_samples", "value": 3901, "metadata": {"file": "/opt/venv/lib/python3.12/site-packages/primus_mllog/mlperf_sft.py", "lineno": 172}}
:::MLLOG {"namespace": "", "time_ms": 1778831709517, "event_type": "POINT_IN_TIME", "key": "eval_samples", "value": 173, "metadata": {"file": "/opt/venv/lib/python3.12/site-packages/primus_mllog/mlperf_sft.py", "lineno": 172}}
:::MLLOG {"namespace": "", "time_ms": 1778831709518, "event_type": "POINT_IN_TIME", "key": "gradient_accumulation_steps", "value": 1, "metadata": {"file": "/opt/venv/lib/python3.12/site-packages/primus_mllog/mlperf_sft.py", "lineno": 172}}
:::MLLOG {"namespace": "", "time_ms": 1778831709518, "event_type": "POINT_IN_TIME", "key": "seed", "value": 12477, "metadata": {"file": "/opt/venv/lib/python3.12/site-packages/primus_mllog/mlperf_sft.py", "lineno": 172}}
:::MLLOG {"namespace": "", "time_ms": 1778831709518, "event_type": "POINT_IN_TIME", "key": "opt_name", "value": "adamw", "metadata": {"file": "/opt/venv/lib/python3.12/site-packages/primus_mllog/mlperf_sft.py", "lineno": 172}}
:::MLLOG {"namespace": "", "time_ms": 1778831709518, "event_type": "POINT_IN_TIME", "key": "opt_base_learning_rate", "value": 0.0006, "metadata": {"file": "/opt/venv/lib/python3.12/site-packages/primus_mllog/mlperf_sft.py", "lineno": 172}}
:::MLLOG {"namespace": "", "time_ms": 1778831709518, "event_type": "POINT_IN_TIME", "key": "opt_adamw_beta_1", "value": 0.9, "metadata": {"file": "/opt/venv/lib/python3.12/site-packages/primus_mllog/mlperf_sft.py", "lineno": 172}}
:::MLLOG {"namespace": "", "time_ms": 1778831709518, "event_type": "POINT_IN_TIME", "key": "opt_adamw_beta_2", "value": 0.999, "metadata": {"file": "/opt/venv/lib/python3.12/site-packages/primus_mllog/mlperf_sft.py", "lineno": 172}}
:::MLLOG {"namespace": "", "time_ms": 1778831709518, "event_type": "POINT_IN_TIME", "key": "opt_adamw_epsilon", "value": 1e-08, "metadata": {"file": "/opt/venv/lib/python3.12/site-packages/primus_mllog/mlperf_sft.py", "lineno": 172}}
:::MLLOG {"namespace": "", "time_ms": 1778831709518, "event_type": "POINT_IN_TIME", "key": "opt_adamw_weight_decay", "value": 0.0001, "metadata": {"file": "/opt/venv/lib/python3.12/site-packages/primus_mllog/mlperf_sft.py", "lineno": 172}}
:::MLLOG {"namespace": "", "time_ms": 1778831709518, "event_type": "POINT_IN_TIME", "key": "opt_gradient_clip_norm", "value": 0.3, "metadata": {"file": "/opt/venv/lib/python3.12/site-packages/primus_mllog/mlperf_sft.py", "lineno": 172}}
:::MLLOG {"namespace": "", "time_ms": 1778831709518, "event_type": "POINT_IN_TIME", "key": "opt_learning_rate_warmup_factor", "value": 0.0, "metadata": {"file": "/opt/venv/lib/python3.12/site-packages/primus_mllog/mlperf_sft.py", "lineno": 172}}
:::MLLOG {"namespace": "", "time_ms": 1778831709518, "event_type": "POINT_IN_TIME", "key": "opt_learning_rate_training_steps", "value": 550, "metadata": {"file": "/opt/venv/lib/python3.12/site-packages/primus_mllog/mlperf_sft.py", "lineno": 172}}
:::MLLOG {"namespace": "", "time_ms": 1778831709518, "event_type": "POINT_IN_TIME", "key": "max_sequence_length", "value": 8192, "metadata": {"file": "/opt/venv/lib/python3.12/site-packages/primus_mllog/mlperf_sft.py", "lineno": 172}}
:::MLLOG {"namespace": "", "time_ms": 1778831709518, "event_type": "POINT_IN_TIME", "key": "max_steps", "value": 550, "metadata": {"file": "/opt/venv/lib/python3.12/site-packages/primus_mllog/mlperf_sft.py", "lineno": 172}}
:::MLLOG {"namespace": "", "time_ms": 1778831709518, "event_type": "POINT_IN_TIME", "key": "lora_rank", "value": 16, "metadata": {"file": "/opt/venv/lib/python3.12/site-packages/primus_mllog/mlperf_sft.py", "lineno": 172}}
:::MLLOG {"namespace": "", "time_ms": 1778831709518, "event_type": "POINT_IN_TIME", "key": "lora_alpha", "value": 32, "metadata": {"file": "/opt/venv/lib/python3.12/site-packages/primus_mllog/mlperf_sft.py", "lineno": 172}}
:::MLLOG {"namespace": "", "time_ms": 1778831709518, "event_type": "POINT_IN_TIME", "key": "tensor_parallelism", "value": 1, "metadata": {"file": "/opt/venv/lib/python3.12/site-packages/primus_mllog/mlperf_sft.py", "lineno": 172}}
:::MLLOG {"namespace": "", "time_ms": 1778831709519, "event_type": "POINT_IN_TIME", "key": "pipeline_parallelism", "value": 1, "metadata": {"file": "/opt/venv/lib/python3.12/site-packages/primus_mllog/mlperf_sft.py", "lineno": 172}}
:::MLLOG {"namespace": "", "time_ms": 1778831709519, "event_type": "POINT_IN_TIME", "key": "context_parallelism", "value": 1, "metadata": {"file": "/opt/venv/lib/python3.12/site-packages/primus_mllog/mlperf_sft.py", "lineno": 172}}
:::MLLOG {"namespace": "", "time_ms": 1778831709519, "event_type": "POINT_IN_TIME", "key": "expert_parallelism", "value": 1, "metadata": {"file": "/opt/venv/lib/python3.12/site-packages/primus_mllog/mlperf_sft.py", "lineno": 172}}
:::MLLOG {"namespace": "", "time_ms": 1778831709519, "event_type": "POINT_IN_TIME", "key": "micro_batch_size", "value": 1, "metadata": {"file": "/opt/venv/lib/python3.12/site-packages/primus_mllog/mlperf_sft.py", "lineno": 172}}
:::MLLOG {"namespace": "", "time_ms": 1778831709519, "event_type": "POINT_IN_TIME", "key": "config_filename", "value": "config_MI355X_1x8x1.sh", "metadata": {"file": "/opt/venv/lib/python3.12/site-packages/primus_mllog/mlperf_sft.py", "lineno": 172}}
:::MLLOG {"namespace": "", "time_ms": 1778831709519, "event_type": "POINT_IN_TIME", "key": "lowest_numerical_precision_linear", "value": "mxfp4", "metadata": {"file": "/opt/venv/lib/python3.12/site-packages/primus_mllog/mlperf_sft.py", "lineno": 172}}
:::MLLOG {"namespace": "", "time_ms": 1778831913107, "event_type": "INTERVAL_END", "key": "init_stop", "value": null, "metadata": {"file": "/opt/venv/lib/python3.12/site-packages/primus_mllog/mlperf_sft.py", "lineno": 186}}
:::MLLOG {"namespace": "", "time_ms": 1778831913108, "event_type": "INTERVAL_START", "key": "run_start", "value": null, "metadata": {"file": "/opt/venv/lib/python3.12/site-packages/primus_mllog/mlperf_sft.py", "lineno": 187}}
:::MLLOG {"namespace": "", "time_ms": 1778831913108, "event_type": "INTERVAL_START", "key": "epoch_start", "value": null, "metadata": {"file": "/opt/venv/lib/python3.12/site-packages/primus_mllog/mlperf_sft.py", "lineno": 189, "samples_count": 0}}
:::MLLOG {"namespace": "", "time_ms": 1778831913108, "event_type": "INTERVAL_START", "key": "block_start", "value": null, "metadata": {"file": "/opt/venv/lib/python3.12/site-packages/primus_mllog/mlperf_sft.py", "lineno": 192, "samples_count": 0}}
:::MLLOG {"namespace": "", "time_ms": 1778832129576, "event_type": "INTERVAL_END", "key": "block_stop", "value": null, "metadata": {"file": "/opt/venv/lib/python3.12/site-packages/primus_mllog/mlperf_sft.py", "lineno": 243, "samples_count": 1536}}
:::MLLOG {"namespace": "", "time_ms": 1778832129577, "event_type": "INTERVAL_START", "key": "eval_start", "value": null, "metadata": {"file": "/opt/venv/lib/python3.12/site-packages/primus_mllog/mlperf_sft.py", "lineno": 247, "samples_count": 1536}}
:::MLLOG {"namespace": "", "time_ms": 1778832139744, "event_type": "POINT_IN_TIME", "key": "eval_accuracy", "value": 0.9682145118713379, "metadata": {"file": "/opt/venv/lib/python3.12/site-packages/primus_mllog/mlperf_sft.py", "lineno": 264, "samples_count": 1536}}
:::MLLOG {"namespace": "", "time_ms": 1778832139745, "event_type": "INTERVAL_END", "key": "eval_stop", "value": null, "metadata": {"file": "/opt/venv/lib/python3.12/site-packages/primus_mllog/mlperf_sft.py", "lineno": 277, "samples_count": 1536}}
:::MLLOG {"namespace": "", "time_ms": 1778832139745, "event_type": "INTERVAL_START", "key": "block_start", "value": null, "metadata": {"file": "/opt/venv/lib/python3.12/site-packages/primus_mllog/mlperf_sft.py", "lineno": 283, "samples_count": 1536}}
:::MLLOG {"namespace": "", "time_ms": 1778832191874, "event_type": "INTERVAL_END", "key": "block_stop", "value": null, "metadata": {"file": "/opt/venv/lib/python3.12/site-packages/primus_mllog/mlperf_sft.py", "lineno": 243, "samples_count": 1920}}
:::MLLOG {"namespace": "", "time_ms": 1778832191874, "event_type": "INTERVAL_START", "key": "eval_start", "value": null, "metadata": {"file": "/opt/venv/lib/python3.12/site-packages/primus_mllog/mlperf_sft.py", "lineno": 247, "samples_count": 1920}}
:::MLLOG {"namespace": "", "time_ms": 1778832201580, "event_type": "POINT_IN_TIME", "key": "eval_accuracy", "value": 0.9600977897644043, "metadata": {"file": "/opt/venv/lib/python3.12/site-packages/primus_mllog/mlperf_sft.py", "lineno": 264, "samples_count": 1920}}
:::MLLOG {"namespace": "", "time_ms": 1778832201580, "event_type": "INTERVAL_END", "key": "eval_stop", "value": null, "metadata": {"file": "/opt/venv/lib/python3.12/site-packages/primus_mllog/mlperf_sft.py", "lineno": 277, "samples_count": 1920}}
:::MLLOG {"namespace": "", "time_ms": 1778832201580, "event_type": "INTERVAL_START", "key": "block_start", "value": null, "metadata": {"file": "/opt/venv/lib/python3.12/site-packages/primus_mllog/mlperf_sft.py", "lineno": 283, "samples_count": 1920}}
:::MLLOG {"namespace": "", "time_ms": 1778832253797, "event_type": "INTERVAL_END", "key": "block_stop", "value": null, "metadata": {"file": "/opt/venv/lib/python3.12/site-packages/primus_mllog/mlperf_sft.py", "lineno": 243, "samples_count": 2304}}
:::MLLOG {"namespace": "", "time_ms": 1778832253797, "event_type": "INTERVAL_START", "key": "eval_start", "value": null, "metadata": {"file": "/opt/venv/lib/python3.12/site-packages/primus_mllog/mlperf_sft.py", "lineno": 247, "samples_count": 2304}}
:::MLLOG {"namespace": "", "time_ms": 1778832263664, "event_type": "POINT_IN_TIME", "key": "eval_accuracy", "value": 0.9540724754333496, "metadata": {"file": "/opt/venv/lib/python3.12/site-packages/primus_mllog/mlperf_sft.py", "lineno": 264, "samples_count": 2304}}
:::MLLOG {"namespace": "", "time_ms": 1778832263665, "event_type": "INTERVAL_END", "key": "eval_stop", "value": null, "metadata": {"file": "/opt/venv/lib/python3.12/site-packages/primus_mllog/mlperf_sft.py", "lineno": 277, "samples_count": 2304}}
:::MLLOG {"namespace": "", "time_ms": 1778832263665, "event_type": "INTERVAL_START", "key": "block_start", "value": null, "metadata": {"file": "/opt/venv/lib/python3.12/site-packages/primus_mllog/mlperf_sft.py", "lineno": 283, "samples_count": 2304}}
:::MLLOG {"namespace": "", "time_ms": 1778832316221, "event_type": "INTERVAL_END", "key": "block_stop", "value": null, "metadata": {"file": "/opt/venv/lib/python3.12/site-packages/primus_mllog/mlperf_sft.py", "lineno": 243, "samples_count": 2688}}
:::MLLOG {"namespace": "", "time_ms": 1778832316221, "event_type": "INTERVAL_START", "key": "eval_start", "value": null, "metadata": {"file": "/opt/venv/lib/python3.12/site-packages/primus_mllog/mlperf_sft.py", "lineno": 247, "samples_count": 2688}}
:::MLLOG {"namespace": "", "time_ms": 1778832326017, "event_type": "POINT_IN_TIME", "key": "eval_accuracy", "value": 0.9525763988494873, "metadata": {"file": "/opt/venv/lib/python3.12/site-packages/primus_mllog/mlperf_sft.py", "lineno": 264, "samples_count": 2688}}
:::MLLOG {"namespace": "", "time_ms": 1778832326017, "event_type": "INTERVAL_END", "key": "eval_stop", "value": null, "metadata": {"file": "/opt/venv/lib/python3.12/site-packages/primus_mllog/mlperf_sft.py", "lineno": 277, "samples_count": 2688}}
:::MLLOG {"namespace": "", "time_ms": 1778832326017, "event_type": "INTERVAL_START", "key": "block_start", "value": null, "metadata": {"file": "/opt/venv/lib/python3.12/site-packages/primus_mllog/mlperf_sft.py", "lineno": 283, "samples_count": 2688}}
:::MLLOG {"namespace": "", "time_ms": 1778832399101, "event_type": "INTERVAL_END", "key": "block_stop", "value": null, "metadata": {"file": "/opt/venv/lib/python3.12/site-packages/primus_mllog/mlperf_sft.py", "lineno": 243, "samples_count": 3072}}
:::MLLOG {"namespace": "", "time_ms": 1778832399101, "event_type": "INTERVAL_START", "key": "eval_start", "value": null, "metadata": {"file": "/opt/venv/lib/python3.12/site-packages/primus_mllog/mlperf_sft.py", "lineno": 247, "samples_count": 3072}}
:::MLLOG {"namespace": "", "time_ms": 1778832412602, "event_type": "POINT_IN_TIME", "key": "eval_accuracy", "value": 0.9249396324157715, "metadata": {"file": "/opt/venv/lib/python3.12/site-packages/primus_mllog/mlperf_sft.py", "lineno": 264, "samples_count": 3072}}
:::MLLOG {"namespace": "", "time_ms": 1778832412603, "event_type": "INTERVAL_END", "key": "eval_stop", "value": null, "metadata": {"file": "/opt/venv/lib/python3.12/site-packages/primus_mllog/mlperf_sft.py", "lineno": 277, "samples_count": 3072}}
:::MLLOG {"namespace": "", "time_ms": 1778832412612, "event_type": "INTERVAL_END", "key": "epoch_stop", "value": null, "metadata": {"file": "/opt/venv/lib/python3.12/site-packages/primus_mllog/mlperf_sft.py", "lineno": 305, "samples_count": 3072}}
:::MLLOG {"namespace": "", "time_ms": 1778832412612, "event_type": "INTERVAL_END", "key": "run_stop", "value": null, "metadata": {"file": "/opt/venv/lib/python3.12/site-packages/primus_mllog/mlperf_sft.py", "lineno": 319, "samples_count": 3072, "status": "success"}}
:::MLLOG {"namespace": "", "time_ms": 1778832412612, "event_type": "POINT_IN_TIME", "key": "run_duration", "value": "499.5s -> 8.33 minutes", "metadata": {"file": "/opt/venv/lib/python3.12/site-packages/primus_mllog/mlperf_sft.py", "lineno": 331, "samples": 3072}}
:::MLLOG {"namespace": "", "time_ms": 1778832412612, "event_type": "POINT_IN_TIME", "key": "throughput", "value": 6.15, "metadata": {"file": "/opt/venv/lib/python3.12/site-packages/primus_mllog/mlperf_sft.py", "lineno": 336, "samples": 3072}}
