:::MLLOG {"namespace": "", "time_ms": 1778399336137, "event_type": "POINT_IN_TIME", "key": "global_batch_size", "value": 32, "metadata": {"file": "/opt/venv/lib/python3.12/site-packages/primus_mllog/mlperf_pre_training.py", "lineno": 66}}
:::MLLOG {"namespace": "", "time_ms": 1778399336138, "event_type": "POINT_IN_TIME", "key": "gradient_accumulation_steps", "value": 2, "metadata": {"file": "/opt/venv/lib/python3.12/site-packages/primus_mllog/mlperf_pre_training.py", "lineno": 66}}
:::MLLOG {"namespace": "", "time_ms": 1778399336138, "event_type": "POINT_IN_TIME", "key": "max_sequence_length", "value": 8192, "metadata": {"file": "/opt/venv/lib/python3.12/site-packages/primus_mllog/mlperf_pre_training.py", "lineno": 66}}
:::MLLOG {"namespace": "", "time_ms": 1778399336138, "event_type": "POINT_IN_TIME", "key": "train_samples", "value": 38400000, "metadata": {"file": "/opt/venv/lib/python3.12/site-packages/primus_mllog/mlperf_pre_training.py", "lineno": 66}}
:::MLLOG {"namespace": "", "time_ms": 1778399336138, "event_type": "POINT_IN_TIME", "key": "eval_samples", "value": 1024, "metadata": {"file": "/opt/venv/lib/python3.12/site-packages/primus_mllog/mlperf_pre_training.py", "lineno": 66}}
:::MLLOG {"namespace": "", "time_ms": 1778399336138, "event_type": "POINT_IN_TIME", "key": "seed", "value": 12022, "metadata": {"file": "/opt/venv/lib/python3.12/site-packages/primus_mllog/mlperf_pre_training.py", "lineno": 66}}
:::MLLOG {"namespace": "", "time_ms": 1778399336138, "event_type": "POINT_IN_TIME", "key": "init_checkpoint_step", "value": 0, "metadata": {"file": "/opt/venv/lib/python3.12/site-packages/primus_mllog/mlperf_pre_training.py", "lineno": 66}}
:::MLLOG {"namespace": "", "time_ms": 1778399336138, "event_type": "POINT_IN_TIME", "key": "opt_name", "value": "adamw", "metadata": {"file": "/opt/venv/lib/python3.12/site-packages/primus_mllog/mlperf_pre_training.py", "lineno": 66}}
:::MLLOG {"namespace": "", "time_ms": 1778399336138, "event_type": "POINT_IN_TIME", "key": "opt_base_learning_rate", "value": 0.0008, "metadata": {"file": "/opt/venv/lib/python3.12/site-packages/primus_mllog/mlperf_pre_training.py", "lineno": 66}}
:::MLLOG {"namespace": "", "time_ms": 1778399336138, "event_type": "POINT_IN_TIME", "key": "opt_adamw_beta_1", "value": 0.9, "metadata": {"file": "/opt/venv/lib/python3.12/site-packages/primus_mllog/mlperf_pre_training.py", "lineno": 66}}
:::MLLOG {"namespace": "", "time_ms": 1778399336138, "event_type": "POINT_IN_TIME", "key": "opt_adamw_beta_2", "value": 0.95, "metadata": {"file": "/opt/venv/lib/python3.12/site-packages/primus_mllog/mlperf_pre_training.py", "lineno": 66}}
:::MLLOG {"namespace": "", "time_ms": 1778399336138, "event_type": "POINT_IN_TIME", "key": "opt_adamw_epsilon", "value": 1e-05, "metadata": {"file": "/opt/venv/lib/python3.12/site-packages/primus_mllog/mlperf_pre_training.py", "lineno": 66}}
:::MLLOG {"namespace": "", "time_ms": 1778399336138, "event_type": "POINT_IN_TIME", "key": "opt_adamw_weight_decay", "value": 0.1, "metadata": {"file": "/opt/venv/lib/python3.12/site-packages/primus_mllog/mlperf_pre_training.py", "lineno": 66}}
:::MLLOG {"namespace": "", "time_ms": 1778399336138, "event_type": "POINT_IN_TIME", "key": "opt_gradient_clip_norm", "value": 1.0, "metadata": {"file": "/opt/venv/lib/python3.12/site-packages/primus_mllog/mlperf_pre_training.py", "lineno": 66}}
:::MLLOG {"namespace": "", "time_ms": 1778399336138, "event_type": "POINT_IN_TIME", "key": "opt_end_learning_rate", "value": 8e-05, "metadata": {"file": "/opt/venv/lib/python3.12/site-packages/primus_mllog/mlperf_pre_training.py", "lineno": 66}}
:::MLLOG {"namespace": "", "time_ms": 1778399336138, "event_type": "POINT_IN_TIME", "key": "opt_learning_rate_warmup_steps", "value": 64, "metadata": {"file": "/opt/venv/lib/python3.12/site-packages/primus_mllog/mlperf_pre_training.py", "lineno": 66}}
:::MLLOG {"namespace": "", "time_ms": 1778399336138, "event_type": "POINT_IN_TIME", "key": "opt_learning_rate_decay_steps", "value": 1199936, "metadata": {"file": "/opt/venv/lib/python3.12/site-packages/primus_mllog/mlperf_pre_training.py", "lineno": 66}}
:::MLLOG {"namespace": "", "time_ms": 1778399336138, "event_type": "POINT_IN_TIME", "key": "opt_learning_rate_decay_schedule", "value": "cosine with linear warmup", "metadata": {"file": "/opt/venv/lib/python3.12/site-packages/primus_mllog/mlperf_pre_training.py", "lineno": 66}}
:::MLLOG {"namespace": "", "time_ms": 1778399336138, "event_type": "POINT_IN_TIME", "key": "max_steps", "value": 1200000, "metadata": {"file": "/opt/venv/lib/python3.12/site-packages/primus_mllog/mlperf_pre_training.py", "lineno": 66}}
:::MLLOG {"namespace": "", "time_ms": 1778399336138, "event_type": "POINT_IN_TIME", "key": "submission_benchmark", "value": "llama31_8b", "metadata": {"file": "/opt/venv/lib/python3.12/site-packages/primus_mllog/mlperf_pre_training.py", "lineno": 66}}
:::MLLOG {"namespace": "", "time_ms": 1778399336138, "event_type": "POINT_IN_TIME", "key": "submission_division", "value": "closed", "metadata": {"file": "/opt/venv/lib/python3.12/site-packages/primus_mllog/mlperf_pre_training.py", "lineno": 66}}
:::MLLOG {"namespace": "", "time_ms": 1778399336138, "event_type": "POINT_IN_TIME", "key": "submission_status", "value": "", "metadata": {"file": "/opt/venv/lib/python3.12/site-packages/primus_mllog/mlperf_pre_training.py", "lineno": 66}}
:::MLLOG {"namespace": "", "time_ms": 1778399336138, "event_type": "POINT_IN_TIME", "key": "submission_org", "value": "AMD", "metadata": {"file": "/opt/venv/lib/python3.12/site-packages/primus_mllog/mlperf_pre_training.py", "lineno": 66}}
:::MLLOG {"namespace": "", "time_ms": 1778399336138, "event_type": "POINT_IN_TIME", "key": "submission_platform", "value": "MI350X", "metadata": {"file": "/opt/venv/lib/python3.12/site-packages/primus_mllog/mlperf_pre_training.py", "lineno": 66}}
:::MLLOG {"namespace": "", "time_ms": 1778399336138, "event_type": "INTERVAL_END", "key": "init_stop", "value": null, "metadata": {"file": "/opt/venv/lib/python3.12/site-packages/primus_mllog/mlperf_pre_training.py", "lineno": 68}}
:::MLLOG {"namespace": "", "time_ms": 1778399603316, "event_type": "INTERVAL_START", "key": "run_start", "value": null, "metadata": {"file": "/opt/venv/lib/python3.12/site-packages/primus_mllog/mlperf_pre_training.py", "lineno": 193}}
:::MLLOG {"namespace": "", "time_ms": 1778399603317, "event_type": "INTERVAL_START", "key": "epoch_start", "value": null, "metadata": {"file": "/opt/venv/lib/python3.12/site-packages/primus_mllog/mlperf_pre_training.py", "lineno": 196, "samples_count": 0}}
:::MLLOG {"namespace": "", "time_ms": 1778399603317, "event_type": "INTERVAL_START", "key": "block_start", "value": null, "metadata": {"file": "/opt/venv/lib/python3.12/site-packages/primus_mllog/mlperf_pre_training.py", "lineno": 198, "samples_count": 0}}
:::MLLOG {"namespace": "", "time_ms": 1778400021732, "event_type": "INTERVAL_END", "key": "block_stop", "value": null, "metadata": {"file": "/opt/venv/lib/python3.12/site-packages/primus_mllog/mlperf_pre_training.py", "lineno": 139, "samples_count": 12288}}
:::MLLOG {"namespace": "", "time_ms": 1778400021733, "event_type": "INTERVAL_START", "key": "eval_start", "value": null, "metadata": {"file": "/opt/venv/lib/python3.12/site-packages/primus_mllog/mlperf_pre_training.py", "lineno": 141, "samples_count": 12288}}
:::MLLOG {"namespace": "", "time_ms": 1778400034184, "event_type": "POINT_IN_TIME", "key": "eval_accuracy", "value": 5.846553325653076, "metadata": {"file": "/opt/venv/lib/python3.12/site-packages/primus_mllog/mlperf_pre_training.py", "lineno": 156, "samples_count": 12288}}
:::MLLOG {"namespace": "", "time_ms": 1778400034185, "event_type": "INTERVAL_END", "key": "eval_stop", "value": null, "metadata": {"file": "/opt/venv/lib/python3.12/site-packages/primus_mllog/mlperf_pre_training.py", "lineno": 170, "samples_count": 12288}}
:::MLLOG {"namespace": "", "time_ms": 1778400034185, "event_type": "INTERVAL_START", "key": "block_start", "value": null, "metadata": {"file": "/opt/venv/lib/python3.12/site-packages/primus_mllog/mlperf_pre_training.py", "lineno": 174, "samples_count": 12288}}
:::MLLOG {"namespace": "", "time_ms": 1778400453279, "event_type": "INTERVAL_END", "key": "block_stop", "value": null, "metadata": {"file": "/opt/venv/lib/python3.12/site-packages/primus_mllog/mlperf_pre_training.py", "lineno": 139, "samples_count": 24576}}
:::MLLOG {"namespace": "", "time_ms": 1778400453280, "event_type": "INTERVAL_START", "key": "eval_start", "value": null, "metadata": {"file": "/opt/venv/lib/python3.12/site-packages/primus_mllog/mlperf_pre_training.py", "lineno": 141, "samples_count": 24576}}
:::MLLOG {"namespace": "", "time_ms": 1778400464123, "event_type": "POINT_IN_TIME", "key": "eval_accuracy", "value": 4.537243843078613, "metadata": {"file": "/opt/venv/lib/python3.12/site-packages/primus_mllog/mlperf_pre_training.py", "lineno": 156, "samples_count": 24576}}
:::MLLOG {"namespace": "", "time_ms": 1778400464123, "event_type": "INTERVAL_END", "key": "eval_stop", "value": null, "metadata": {"file": "/opt/venv/lib/python3.12/site-packages/primus_mllog/mlperf_pre_training.py", "lineno": 170, "samples_count": 24576}}
:::MLLOG {"namespace": "", "time_ms": 1778400464123, "event_type": "INTERVAL_START", "key": "block_start", "value": null, "metadata": {"file": "/opt/venv/lib/python3.12/site-packages/primus_mllog/mlperf_pre_training.py", "lineno": 174, "samples_count": 24576}}
:::MLLOG {"namespace": "", "time_ms": 1778400883114, "event_type": "INTERVAL_END", "key": "block_stop", "value": null, "metadata": {"file": "/opt/venv/lib/python3.12/site-packages/primus_mllog/mlperf_pre_training.py", "lineno": 139, "samples_count": 36864}}
:::MLLOG {"namespace": "", "time_ms": 1778400883115, "event_type": "INTERVAL_START", "key": "eval_start", "value": null, "metadata": {"file": "/opt/venv/lib/python3.12/site-packages/primus_mllog/mlperf_pre_training.py", "lineno": 141, "samples_count": 36864}}
:::MLLOG {"namespace": "", "time_ms": 1778400894006, "event_type": "POINT_IN_TIME", "key": "eval_accuracy", "value": 4.094851016998291, "metadata": {"file": "/opt/venv/lib/python3.12/site-packages/primus_mllog/mlperf_pre_training.py", "lineno": 156, "samples_count": 36864}}
:::MLLOG {"namespace": "", "time_ms": 1778400894006, "event_type": "INTERVAL_END", "key": "eval_stop", "value": null, "metadata": {"file": "/opt/venv/lib/python3.12/site-packages/primus_mllog/mlperf_pre_training.py", "lineno": 170, "samples_count": 36864}}
:::MLLOG {"namespace": "", "time_ms": 1778400894006, "event_type": "INTERVAL_START", "key": "block_start", "value": null, "metadata": {"file": "/opt/venv/lib/python3.12/site-packages/primus_mllog/mlperf_pre_training.py", "lineno": 174, "samples_count": 36864}}
:::MLLOG {"namespace": "", "time_ms": 1778401311999, "event_type": "INTERVAL_END", "key": "block_stop", "value": null, "metadata": {"file": "/opt/venv/lib/python3.12/site-packages/primus_mllog/mlperf_pre_training.py", "lineno": 139, "samples_count": 49152}}
:::MLLOG {"namespace": "", "time_ms": 1778401311999, "event_type": "INTERVAL_START", "key": "eval_start", "value": null, "metadata": {"file": "/opt/venv/lib/python3.12/site-packages/primus_mllog/mlperf_pre_training.py", "lineno": 141, "samples_count": 49152}}
:::MLLOG {"namespace": "", "time_ms": 1778401322866, "event_type": "POINT_IN_TIME", "key": "eval_accuracy", "value": 3.887632369995117, "metadata": {"file": "/opt/venv/lib/python3.12/site-packages/primus_mllog/mlperf_pre_training.py", "lineno": 156, "samples_count": 49152}}
:::MLLOG {"namespace": "", "time_ms": 1778401322866, "event_type": "INTERVAL_END", "key": "eval_stop", "value": null, "metadata": {"file": "/opt/venv/lib/python3.12/site-packages/primus_mllog/mlperf_pre_training.py", "lineno": 170, "samples_count": 49152}}
:::MLLOG {"namespace": "", "time_ms": 1778401322866, "event_type": "INTERVAL_START", "key": "block_start", "value": null, "metadata": {"file": "/opt/venv/lib/python3.12/site-packages/primus_mllog/mlperf_pre_training.py", "lineno": 174, "samples_count": 49152}}
:::MLLOG {"namespace": "", "time_ms": 1778401741469, "event_type": "INTERVAL_END", "key": "block_stop", "value": null, "metadata": {"file": "/opt/venv/lib/python3.12/site-packages/primus_mllog/mlperf_pre_training.py", "lineno": 139, "samples_count": 61440}}
:::MLLOG {"namespace": "", "time_ms": 1778401741469, "event_type": "INTERVAL_START", "key": "eval_start", "value": null, "metadata": {"file": "/opt/venv/lib/python3.12/site-packages/primus_mllog/mlperf_pre_training.py", "lineno": 141, "samples_count": 61440}}
:::MLLOG {"namespace": "", "time_ms": 1778401752321, "event_type": "POINT_IN_TIME", "key": "eval_accuracy", "value": 3.7528128623962402, "metadata": {"file": "/opt/venv/lib/python3.12/site-packages/primus_mllog/mlperf_pre_training.py", "lineno": 156, "samples_count": 61440}}
:::MLLOG {"namespace": "", "time_ms": 1778401752321, "event_type": "INTERVAL_END", "key": "eval_stop", "value": null, "metadata": {"file": "/opt/venv/lib/python3.12/site-packages/primus_mllog/mlperf_pre_training.py", "lineno": 170, "samples_count": 61440}}
:::MLLOG {"namespace": "", "time_ms": 1778401752321, "event_type": "INTERVAL_START", "key": "block_start", "value": null, "metadata": {"file": "/opt/venv/lib/python3.12/site-packages/primus_mllog/mlperf_pre_training.py", "lineno": 174, "samples_count": 61440}}
:::MLLOG {"namespace": "", "time_ms": 1778402170404, "event_type": "INTERVAL_END", "key": "block_stop", "value": null, "metadata": {"file": "/opt/venv/lib/python3.12/site-packages/primus_mllog/mlperf_pre_training.py", "lineno": 139, "samples_count": 73728}}
:::MLLOG {"namespace": "", "time_ms": 1778402170405, "event_type": "INTERVAL_START", "key": "eval_start", "value": null, "metadata": {"file": "/opt/venv/lib/python3.12/site-packages/primus_mllog/mlperf_pre_training.py", "lineno": 141, "samples_count": 73728}}
:::MLLOG {"namespace": "", "time_ms": 1778402181277, "event_type": "POINT_IN_TIME", "key": "eval_accuracy", "value": 3.6581647396087646, "metadata": {"file": "/opt/venv/lib/python3.12/site-packages/primus_mllog/mlperf_pre_training.py", "lineno": 156, "samples_count": 73728}}
:::MLLOG {"namespace": "", "time_ms": 1778402181277, "event_type": "INTERVAL_END", "key": "eval_stop", "value": null, "metadata": {"file": "/opt/venv/lib/python3.12/site-packages/primus_mllog/mlperf_pre_training.py", "lineno": 170, "samples_count": 73728}}
:::MLLOG {"namespace": "", "time_ms": 1778402181277, "event_type": "INTERVAL_START", "key": "block_start", "value": null, "metadata": {"file": "/opt/venv/lib/python3.12/site-packages/primus_mllog/mlperf_pre_training.py", "lineno": 174, "samples_count": 73728}}
:::MLLOG {"namespace": "", "time_ms": 1778402599768, "event_type": "INTERVAL_END", "key": "block_stop", "value": null, "metadata": {"file": "/opt/venv/lib/python3.12/site-packages/primus_mllog/mlperf_pre_training.py", "lineno": 139, "samples_count": 86016}}
:::MLLOG {"namespace": "", "time_ms": 1778402599768, "event_type": "INTERVAL_START", "key": "eval_start", "value": null, "metadata": {"file": "/opt/venv/lib/python3.12/site-packages/primus_mllog/mlperf_pre_training.py", "lineno": 141, "samples_count": 86016}}
:::MLLOG {"namespace": "", "time_ms": 1778402610612, "event_type": "POINT_IN_TIME", "key": "eval_accuracy", "value": 3.5843865871429443, "metadata": {"file": "/opt/venv/lib/python3.12/site-packages/primus_mllog/mlperf_pre_training.py", "lineno": 156, "samples_count": 86016}}
:::MLLOG {"namespace": "", "time_ms": 1778402610612, "event_type": "INTERVAL_END", "key": "eval_stop", "value": null, "metadata": {"file": "/opt/venv/lib/python3.12/site-packages/primus_mllog/mlperf_pre_training.py", "lineno": 170, "samples_count": 86016}}
:::MLLOG {"namespace": "", "time_ms": 1778402610612, "event_type": "INTERVAL_START", "key": "block_start", "value": null, "metadata": {"file": "/opt/venv/lib/python3.12/site-packages/primus_mllog/mlperf_pre_training.py", "lineno": 174, "samples_count": 86016}}
:::MLLOG {"namespace": "", "time_ms": 1778403028295, "event_type": "INTERVAL_END", "key": "block_stop", "value": null, "metadata": {"file": "/opt/venv/lib/python3.12/site-packages/primus_mllog/mlperf_pre_training.py", "lineno": 139, "samples_count": 98304}}
:::MLLOG {"namespace": "", "time_ms": 1778403028296, "event_type": "INTERVAL_START", "key": "eval_start", "value": null, "metadata": {"file": "/opt/venv/lib/python3.12/site-packages/primus_mllog/mlperf_pre_training.py", "lineno": 141, "samples_count": 98304}}
:::MLLOG {"namespace": "", "time_ms": 1778403039184, "event_type": "POINT_IN_TIME", "key": "eval_accuracy", "value": 3.52166485786438, "metadata": {"file": "/opt/venv/lib/python3.12/site-packages/primus_mllog/mlperf_pre_training.py", "lineno": 156, "samples_count": 98304}}
:::MLLOG {"namespace": "", "time_ms": 1778403039185, "event_type": "INTERVAL_END", "key": "eval_stop", "value": null, "metadata": {"file": "/opt/venv/lib/python3.12/site-packages/primus_mllog/mlperf_pre_training.py", "lineno": 170, "samples_count": 98304}}
:::MLLOG {"namespace": "", "time_ms": 1778403039185, "event_type": "INTERVAL_START", "key": "block_start", "value": null, "metadata": {"file": "/opt/venv/lib/python3.12/site-packages/primus_mllog/mlperf_pre_training.py", "lineno": 174, "samples_count": 98304}}
:::MLLOG {"namespace": "", "time_ms": 1778403456876, "event_type": "INTERVAL_END", "key": "block_stop", "value": null, "metadata": {"file": "/opt/venv/lib/python3.12/site-packages/primus_mllog/mlperf_pre_training.py", "lineno": 139, "samples_count": 110592}}
:::MLLOG {"namespace": "", "time_ms": 1778403456876, "event_type": "INTERVAL_START", "key": "eval_start", "value": null, "metadata": {"file": "/opt/venv/lib/python3.12/site-packages/primus_mllog/mlperf_pre_training.py", "lineno": 141, "samples_count": 110592}}
:::MLLOG {"namespace": "", "time_ms": 1778403467719, "event_type": "POINT_IN_TIME", "key": "eval_accuracy", "value": 3.47920560836792, "metadata": {"file": "/opt/venv/lib/python3.12/site-packages/primus_mllog/mlperf_pre_training.py", "lineno": 156, "samples_count": 110592}}
:::MLLOG {"namespace": "", "time_ms": 1778403467719, "event_type": "INTERVAL_END", "key": "eval_stop", "value": null, "metadata": {"file": "/opt/venv/lib/python3.12/site-packages/primus_mllog/mlperf_pre_training.py", "lineno": 170, "samples_count": 110592}}
:::MLLOG {"namespace": "", "time_ms": 1778403467719, "event_type": "INTERVAL_START", "key": "block_start", "value": null, "metadata": {"file": "/opt/venv/lib/python3.12/site-packages/primus_mllog/mlperf_pre_training.py", "lineno": 174, "samples_count": 110592}}
:::MLLOG {"namespace": "", "time_ms": 1778403886016, "event_type": "INTERVAL_END", "key": "block_stop", "value": null, "metadata": {"file": "/opt/venv/lib/python3.12/site-packages/primus_mllog/mlperf_pre_training.py", "lineno": 139, "samples_count": 122880}}
:::MLLOG {"namespace": "", "time_ms": 1778403886016, "event_type": "INTERVAL_START", "key": "eval_start", "value": null, "metadata": {"file": "/opt/venv/lib/python3.12/site-packages/primus_mllog/mlperf_pre_training.py", "lineno": 141, "samples_count": 122880}}
:::MLLOG {"namespace": "", "time_ms": 1778403896900, "event_type": "POINT_IN_TIME", "key": "eval_accuracy", "value": 3.431384325027466, "metadata": {"file": "/opt/venv/lib/python3.12/site-packages/primus_mllog/mlperf_pre_training.py", "lineno": 156, "samples_count": 122880}}
:::MLLOG {"namespace": "", "time_ms": 1778403896900, "event_type": "INTERVAL_END", "key": "eval_stop", "value": null, "metadata": {"file": "/opt/venv/lib/python3.12/site-packages/primus_mllog/mlperf_pre_training.py", "lineno": 170, "samples_count": 122880}}
:::MLLOG {"namespace": "", "time_ms": 1778403896900, "event_type": "INTERVAL_START", "key": "block_start", "value": null, "metadata": {"file": "/opt/venv/lib/python3.12/site-packages/primus_mllog/mlperf_pre_training.py", "lineno": 174, "samples_count": 122880}}
:::MLLOG {"namespace": "", "time_ms": 1778404314698, "event_type": "INTERVAL_END", "key": "block_stop", "value": null, "metadata": {"file": "/opt/venv/lib/python3.12/site-packages/primus_mllog/mlperf_pre_training.py", "lineno": 139, "samples_count": 135168}}
:::MLLOG {"namespace": "", "time_ms": 1778404314698, "event_type": "INTERVAL_START", "key": "eval_start", "value": null, "metadata": {"file": "/opt/venv/lib/python3.12/site-packages/primus_mllog/mlperf_pre_training.py", "lineno": 141, "samples_count": 135168}}
:::MLLOG {"namespace": "", "time_ms": 1778404325524, "event_type": "POINT_IN_TIME", "key": "eval_accuracy", "value": 3.3944427967071533, "metadata": {"file": "/opt/venv/lib/python3.12/site-packages/primus_mllog/mlperf_pre_training.py", "lineno": 156, "samples_count": 135168}}
:::MLLOG {"namespace": "", "time_ms": 1778404325524, "event_type": "INTERVAL_END", "key": "eval_stop", "value": null, "metadata": {"file": "/opt/venv/lib/python3.12/site-packages/primus_mllog/mlperf_pre_training.py", "lineno": 170, "samples_count": 135168}}
:::MLLOG {"namespace": "", "time_ms": 1778404325524, "event_type": "INTERVAL_START", "key": "block_start", "value": null, "metadata": {"file": "/opt/venv/lib/python3.12/site-packages/primus_mllog/mlperf_pre_training.py", "lineno": 174, "samples_count": 135168}}
:::MLLOG {"namespace": "", "time_ms": 1778404744035, "event_type": "INTERVAL_END", "key": "block_stop", "value": null, "metadata": {"file": "/opt/venv/lib/python3.12/site-packages/primus_mllog/mlperf_pre_training.py", "lineno": 139, "samples_count": 147456}}
:::MLLOG {"namespace": "", "time_ms": 1778404744035, "event_type": "INTERVAL_START", "key": "eval_start", "value": null, "metadata": {"file": "/opt/venv/lib/python3.12/site-packages/primus_mllog/mlperf_pre_training.py", "lineno": 141, "samples_count": 147456}}
:::MLLOG {"namespace": "", "time_ms": 1778404754887, "event_type": "POINT_IN_TIME", "key": "eval_accuracy", "value": 3.3676230907440186, "metadata": {"file": "/opt/venv/lib/python3.12/site-packages/primus_mllog/mlperf_pre_training.py", "lineno": 156, "samples_count": 147456}}
:::MLLOG {"namespace": "", "time_ms": 1778404754888, "event_type": "INTERVAL_END", "key": "eval_stop", "value": null, "metadata": {"file": "/opt/venv/lib/python3.12/site-packages/primus_mllog/mlperf_pre_training.py", "lineno": 170, "samples_count": 147456}}
:::MLLOG {"namespace": "", "time_ms": 1778404754888, "event_type": "INTERVAL_START", "key": "block_start", "value": null, "metadata": {"file": "/opt/venv/lib/python3.12/site-packages/primus_mllog/mlperf_pre_training.py", "lineno": 174, "samples_count": 147456}}
:::MLLOG {"namespace": "", "time_ms": 1778405172046, "event_type": "INTERVAL_END", "key": "block_stop", "value": null, "metadata": {"file": "/opt/venv/lib/python3.12/site-packages/primus_mllog/mlperf_pre_training.py", "lineno": 139, "samples_count": 159744}}
:::MLLOG {"namespace": "", "time_ms": 1778405172046, "event_type": "INTERVAL_START", "key": "eval_start", "value": null, "metadata": {"file": "/opt/venv/lib/python3.12/site-packages/primus_mllog/mlperf_pre_training.py", "lineno": 141, "samples_count": 159744}}
:::MLLOG {"namespace": "", "time_ms": 1778405182901, "event_type": "POINT_IN_TIME", "key": "eval_accuracy", "value": 3.3356685638427734, "metadata": {"file": "/opt/venv/lib/python3.12/site-packages/primus_mllog/mlperf_pre_training.py", "lineno": 156, "samples_count": 159744}}
:::MLLOG {"namespace": "", "time_ms": 1778405182901, "event_type": "INTERVAL_END", "key": "eval_stop", "value": null, "metadata": {"file": "/opt/venv/lib/python3.12/site-packages/primus_mllog/mlperf_pre_training.py", "lineno": 170, "samples_count": 159744}}
:::MLLOG {"namespace": "", "time_ms": 1778405182901, "event_type": "INTERVAL_START", "key": "block_start", "value": null, "metadata": {"file": "/opt/venv/lib/python3.12/site-packages/primus_mllog/mlperf_pre_training.py", "lineno": 174, "samples_count": 159744}}
:::MLLOG {"namespace": "", "time_ms": 1778405600523, "event_type": "INTERVAL_END", "key": "block_stop", "value": null, "metadata": {"file": "/opt/venv/lib/python3.12/site-packages/primus_mllog/mlperf_pre_training.py", "lineno": 139, "samples_count": 172032}}
:::MLLOG {"namespace": "", "time_ms": 1778405600523, "event_type": "INTERVAL_START", "key": "eval_start", "value": null, "metadata": {"file": "/opt/venv/lib/python3.12/site-packages/primus_mllog/mlperf_pre_training.py", "lineno": 141, "samples_count": 172032}}
:::MLLOG {"namespace": "", "time_ms": 1778405611392, "event_type": "POINT_IN_TIME", "key": "eval_accuracy", "value": 3.3184285163879395, "metadata": {"file": "/opt/venv/lib/python3.12/site-packages/primus_mllog/mlperf_pre_training.py", "lineno": 156, "samples_count": 172032}}
:::MLLOG {"namespace": "", "time_ms": 1778405611392, "event_type": "INTERVAL_END", "key": "eval_stop", "value": null, "metadata": {"file": "/opt/venv/lib/python3.12/site-packages/primus_mllog/mlperf_pre_training.py", "lineno": 170, "samples_count": 172032}}
:::MLLOG {"namespace": "", "time_ms": 1778405611393, "event_type": "INTERVAL_START", "key": "block_start", "value": null, "metadata": {"file": "/opt/venv/lib/python3.12/site-packages/primus_mllog/mlperf_pre_training.py", "lineno": 174, "samples_count": 172032}}
:::MLLOG {"namespace": "", "time_ms": 1778406029657, "event_type": "INTERVAL_END", "key": "block_stop", "value": null, "metadata": {"file": "/opt/venv/lib/python3.12/site-packages/primus_mllog/mlperf_pre_training.py", "lineno": 139, "samples_count": 184320}}
:::MLLOG {"namespace": "", "time_ms": 1778406029657, "event_type": "INTERVAL_START", "key": "eval_start", "value": null, "metadata": {"file": "/opt/venv/lib/python3.12/site-packages/primus_mllog/mlperf_pre_training.py", "lineno": 141, "samples_count": 184320}}
:::MLLOG {"namespace": "", "time_ms": 1778406040481, "event_type": "POINT_IN_TIME", "key": "eval_accuracy", "value": 3.2912850379943848, "metadata": {"file": "/opt/venv/lib/python3.12/site-packages/primus_mllog/mlperf_pre_training.py", "lineno": 156, "samples_count": 184320}}
:::MLLOG {"namespace": "", "time_ms": 1778406040482, "event_type": "INTERVAL_END", "key": "eval_stop", "value": null, "metadata": {"file": "/opt/venv/lib/python3.12/site-packages/primus_mllog/mlperf_pre_training.py", "lineno": 170, "samples_count": 184320}}
:::MLLOG {"namespace": "", "time_ms": 1778406040488, "event_type": "INTERVAL_END", "key": "epoch_stop", "value": null, "metadata": {"file": "/opt/venv/lib/python3.12/site-packages/primus_mllog/mlperf_pre_training.py", "lineno": 220, "samples_count": 184320}}
:::MLLOG {"namespace": "", "time_ms": 1778406040489, "event_type": "INTERVAL_END", "key": "run_stop", "value": null, "metadata": {"file": "/opt/venv/lib/python3.12/site-packages/primus_mllog/mlperf_pre_training.py", "lineno": 224, "samples_count": 184320, "status": "success"}}
:::MLLOG {"namespace": "", "time_ms": 1778406059085, "event_type": "POINT_IN_TIME", "key": "run_duration", "value": "6437.16s -> 107.29 minutes", "metadata": {"file": "/opt/venv/lib/python3.12/site-packages/primus_mllog/mlperf_pre_training.py", "lineno": 87, "samples": 184320}}
:::MLLOG {"namespace": "", "time_ms": 1778406059085, "event_type": "POINT_IN_TIME", "key": "overall_throughput", "value": 28.63, "metadata": {"file": "/opt/venv/lib/python3.12/site-packages/primus_mllog/mlperf_pre_training.py", "lineno": 92, "samples": 184320}}
:::MLLOG {"namespace": "", "time_ms": 1778406139893, "event_type": "POINT_IN_TIME", "key": "global_batch_size", "value": 32, "metadata": {"file": "/opt/venv/lib/python3.12/site-packages/primus_mllog/mlperf_pre_training.py", "lineno": 66}}
:::MLLOG {"namespace": "", "time_ms": 1778406139893, "event_type": "POINT_IN_TIME", "key": "gradient_accumulation_steps", "value": 2, "metadata": {"file": "/opt/venv/lib/python3.12/site-packages/primus_mllog/mlperf_pre_training.py", "lineno": 66}}
:::MLLOG {"namespace": "", "time_ms": 1778406139893, "event_type": "POINT_IN_TIME", "key": "max_sequence_length", "value": 8192, "metadata": {"file": "/opt/venv/lib/python3.12/site-packages/primus_mllog/mlperf_pre_training.py", "lineno": 66}}
:::MLLOG {"namespace": "", "time_ms": 1778406139893, "event_type": "POINT_IN_TIME", "key": "train_samples", "value": 38400000, "metadata": {"file": "/opt/venv/lib/python3.12/site-packages/primus_mllog/mlperf_pre_training.py", "lineno": 66}}
:::MLLOG {"namespace": "", "time_ms": 1778406139893, "event_type": "POINT_IN_TIME", "key": "eval_samples", "value": 1024, "metadata": {"file": "/opt/venv/lib/python3.12/site-packages/primus_mllog/mlperf_pre_training.py", "lineno": 66}}
:::MLLOG {"namespace": "", "time_ms": 1778406139893, "event_type": "POINT_IN_TIME", "key": "seed", "value": 5478, "metadata": {"file": "/opt/venv/lib/python3.12/site-packages/primus_mllog/mlperf_pre_training.py", "lineno": 66}}
:::MLLOG {"namespace": "", "time_ms": 1778406139893, "event_type": "POINT_IN_TIME", "key": "init_checkpoint_step", "value": 0, "metadata": {"file": "/opt/venv/lib/python3.12/site-packages/primus_mllog/mlperf_pre_training.py", "lineno": 66}}
:::MLLOG {"namespace": "", "time_ms": 1778406139893, "event_type": "POINT_IN_TIME", "key": "opt_name", "value": "adamw", "metadata": {"file": "/opt/venv/lib/python3.12/site-packages/primus_mllog/mlperf_pre_training.py", "lineno": 66}}
:::MLLOG {"namespace": "", "time_ms": 1778406139893, "event_type": "POINT_IN_TIME", "key": "opt_base_learning_rate", "value": 0.0008, "metadata": {"file": "/opt/venv/lib/python3.12/site-packages/primus_mllog/mlperf_pre_training.py", "lineno": 66}}
:::MLLOG {"namespace": "", "time_ms": 1778406139893, "event_type": "POINT_IN_TIME", "key": "opt_adamw_beta_1", "value": 0.9, "metadata": {"file": "/opt/venv/lib/python3.12/site-packages/primus_mllog/mlperf_pre_training.py", "lineno": 66}}
:::MLLOG {"namespace": "", "time_ms": 1778406139893, "event_type": "POINT_IN_TIME", "key": "opt_adamw_beta_2", "value": 0.95, "metadata": {"file": "/opt/venv/lib/python3.12/site-packages/primus_mllog/mlperf_pre_training.py", "lineno": 66}}
:::MLLOG {"namespace": "", "time_ms": 1778406139893, "event_type": "POINT_IN_TIME", "key": "opt_adamw_epsilon", "value": 1e-05, "metadata": {"file": "/opt/venv/lib/python3.12/site-packages/primus_mllog/mlperf_pre_training.py", "lineno": 66}}
:::MLLOG {"namespace": "", "time_ms": 1778406139893, "event_type": "POINT_IN_TIME", "key": "opt_adamw_weight_decay", "value": 0.1, "metadata": {"file": "/opt/venv/lib/python3.12/site-packages/primus_mllog/mlperf_pre_training.py", "lineno": 66}}
:::MLLOG {"namespace": "", "time_ms": 1778406139893, "event_type": "POINT_IN_TIME", "key": "opt_gradient_clip_norm", "value": 1.0, "metadata": {"file": "/opt/venv/lib/python3.12/site-packages/primus_mllog/mlperf_pre_training.py", "lineno": 66}}
:::MLLOG {"namespace": "", "time_ms": 1778406139893, "event_type": "POINT_IN_TIME", "key": "opt_end_learning_rate", "value": 8e-05, "metadata": {"file": "/opt/venv/lib/python3.12/site-packages/primus_mllog/mlperf_pre_training.py", "lineno": 66}}
:::MLLOG {"namespace": "", "time_ms": 1778406139893, "event_type": "POINT_IN_TIME", "key": "opt_learning_rate_warmup_steps", "value": 64, "metadata": {"file": "/opt/venv/lib/python3.12/site-packages/primus_mllog/mlperf_pre_training.py", "lineno": 66}}
:::MLLOG {"namespace": "", "time_ms": 1778406139894, "event_type": "POINT_IN_TIME", "key": "opt_learning_rate_decay_steps", "value": 1199936, "metadata": {"file": "/opt/venv/lib/python3.12/site-packages/primus_mllog/mlperf_pre_training.py", "lineno": 66}}
:::MLLOG {"namespace": "", "time_ms": 1778406139894, "event_type": "POINT_IN_TIME", "key": "opt_learning_rate_decay_schedule", "value": "cosine with linear warmup", "metadata": {"file": "/opt/venv/lib/python3.12/site-packages/primus_mllog/mlperf_pre_training.py", "lineno": 66}}
:::MLLOG {"namespace": "", "time_ms": 1778406139894, "event_type": "POINT_IN_TIME", "key": "max_steps", "value": 1200000, "metadata": {"file": "/opt/venv/lib/python3.12/site-packages/primus_mllog/mlperf_pre_training.py", "lineno": 66}}
:::MLLOG {"namespace": "", "time_ms": 1778406139894, "event_type": "POINT_IN_TIME", "key": "submission_benchmark", "value": "llama31_8b", "metadata": {"file": "/opt/venv/lib/python3.12/site-packages/primus_mllog/mlperf_pre_training.py", "lineno": 66}}
:::MLLOG {"namespace": "", "time_ms": 1778406139894, "event_type": "POINT_IN_TIME", "key": "submission_division", "value": "closed", "metadata": {"file": "/opt/venv/lib/python3.12/site-packages/primus_mllog/mlperf_pre_training.py", "lineno": 66}}
:::MLLOG {"namespace": "", "time_ms": 1778406139894, "event_type": "POINT_IN_TIME", "key": "submission_status", "value": "", "metadata": {"file": "/opt/venv/lib/python3.12/site-packages/primus_mllog/mlperf_pre_training.py", "lineno": 66}}
:::MLLOG {"namespace": "", "time_ms": 1778406139894, "event_type": "POINT_IN_TIME", "key": "submission_org", "value": "AMD", "metadata": {"file": "/opt/venv/lib/python3.12/site-packages/primus_mllog/mlperf_pre_training.py", "lineno": 66}}
:::MLLOG {"namespace": "", "time_ms": 1778406139894, "event_type": "POINT_IN_TIME", "key": "submission_platform", "value": "MI350X", "metadata": {"file": "/opt/venv/lib/python3.12/site-packages/primus_mllog/mlperf_pre_training.py", "lineno": 66}}
:::MLLOG {"namespace": "", "time_ms": 1778406139894, "event_type": "INTERVAL_END", "key": "init_stop", "value": null, "metadata": {"file": "/opt/venv/lib/python3.12/site-packages/primus_mllog/mlperf_pre_training.py", "lineno": 68}}
:::MLLOG {"namespace": "", "time_ms": 1778406205038, "event_type": "INTERVAL_START", "key": "run_start", "value": null, "metadata": {"file": "/opt/venv/lib/python3.12/site-packages/primus_mllog/mlperf_pre_training.py", "lineno": 193}}
:::MLLOG {"namespace": "", "time_ms": 1778406205038, "event_type": "INTERVAL_START", "key": "epoch_start", "value": null, "metadata": {"file": "/opt/venv/lib/python3.12/site-packages/primus_mllog/mlperf_pre_training.py", "lineno": 196, "samples_count": 0}}
:::MLLOG {"namespace": "", "time_ms": 1778406205038, "event_type": "INTERVAL_START", "key": "block_start", "value": null, "metadata": {"file": "/opt/venv/lib/python3.12/site-packages/primus_mllog/mlperf_pre_training.py", "lineno": 198, "samples_count": 0}}
:::MLLOG {"namespace": "", "time_ms": 1778406622221, "event_type": "INTERVAL_END", "key": "block_stop", "value": null, "metadata": {"file": "/opt/venv/lib/python3.12/site-packages/primus_mllog/mlperf_pre_training.py", "lineno": 139, "samples_count": 12288}}
:::MLLOG {"namespace": "", "time_ms": 1778406622222, "event_type": "INTERVAL_START", "key": "eval_start", "value": null, "metadata": {"file": "/opt/venv/lib/python3.12/site-packages/primus_mllog/mlperf_pre_training.py", "lineno": 141, "samples_count": 12288}}
:::MLLOG {"namespace": "", "time_ms": 1778406634474, "event_type": "POINT_IN_TIME", "key": "eval_accuracy", "value": 5.756296157836914, "metadata": {"file": "/opt/venv/lib/python3.12/site-packages/primus_mllog/mlperf_pre_training.py", "lineno": 156, "samples_count": 12288}}
:::MLLOG {"namespace": "", "time_ms": 1778406634474, "event_type": "INTERVAL_END", "key": "eval_stop", "value": null, "metadata": {"file": "/opt/venv/lib/python3.12/site-packages/primus_mllog/mlperf_pre_training.py", "lineno": 170, "samples_count": 12288}}
:::MLLOG {"namespace": "", "time_ms": 1778406634474, "event_type": "INTERVAL_START", "key": "block_start", "value": null, "metadata": {"file": "/opt/venv/lib/python3.12/site-packages/primus_mllog/mlperf_pre_training.py", "lineno": 174, "samples_count": 12288}}
:::MLLOG {"namespace": "", "time_ms": 1778407055137, "event_type": "INTERVAL_END", "key": "block_stop", "value": null, "metadata": {"file": "/opt/venv/lib/python3.12/site-packages/primus_mllog/mlperf_pre_training.py", "lineno": 139, "samples_count": 24576}}
:::MLLOG {"namespace": "", "time_ms": 1778407055138, "event_type": "INTERVAL_START", "key": "eval_start", "value": null, "metadata": {"file": "/opt/venv/lib/python3.12/site-packages/primus_mllog/mlperf_pre_training.py", "lineno": 141, "samples_count": 24576}}
:::MLLOG {"namespace": "", "time_ms": 1778407065992, "event_type": "POINT_IN_TIME", "key": "eval_accuracy", "value": 4.508893013000488, "metadata": {"file": "/opt/venv/lib/python3.12/site-packages/primus_mllog/mlperf_pre_training.py", "lineno": 156, "samples_count": 24576}}
:::MLLOG {"namespace": "", "time_ms": 1778407065993, "event_type": "INTERVAL_END", "key": "eval_stop", "value": null, "metadata": {"file": "/opt/venv/lib/python3.12/site-packages/primus_mllog/mlperf_pre_training.py", "lineno": 170, "samples_count": 24576}}
:::MLLOG {"namespace": "", "time_ms": 1778407065993, "event_type": "INTERVAL_START", "key": "block_start", "value": null, "metadata": {"file": "/opt/venv/lib/python3.12/site-packages/primus_mllog/mlperf_pre_training.py", "lineno": 174, "samples_count": 24576}}
:::MLLOG {"namespace": "", "time_ms": 1778407485422, "event_type": "INTERVAL_END", "key": "block_stop", "value": null, "metadata": {"file": "/opt/venv/lib/python3.12/site-packages/primus_mllog/mlperf_pre_training.py", "lineno": 139, "samples_count": 36864}}
:::MLLOG {"namespace": "", "time_ms": 1778407485423, "event_type": "INTERVAL_START", "key": "eval_start", "value": null, "metadata": {"file": "/opt/venv/lib/python3.12/site-packages/primus_mllog/mlperf_pre_training.py", "lineno": 141, "samples_count": 36864}}
:::MLLOG {"namespace": "", "time_ms": 1778407496335, "event_type": "POINT_IN_TIME", "key": "eval_accuracy", "value": 4.076999664306641, "metadata": {"file": "/opt/venv/lib/python3.12/site-packages/primus_mllog/mlperf_pre_training.py", "lineno": 156, "samples_count": 36864}}
:::MLLOG {"namespace": "", "time_ms": 1778407496335, "event_type": "INTERVAL_END", "key": "eval_stop", "value": null, "metadata": {"file": "/opt/venv/lib/python3.12/site-packages/primus_mllog/mlperf_pre_training.py", "lineno": 170, "samples_count": 36864}}
:::MLLOG {"namespace": "", "time_ms": 1778407496335, "event_type": "INTERVAL_START", "key": "block_start", "value": null, "metadata": {"file": "/opt/venv/lib/python3.12/site-packages/primus_mllog/mlperf_pre_training.py", "lineno": 174, "samples_count": 36864}}
:::MLLOG {"namespace": "", "time_ms": 1778407916458, "event_type": "INTERVAL_END", "key": "block_stop", "value": null, "metadata": {"file": "/opt/venv/lib/python3.12/site-packages/primus_mllog/mlperf_pre_training.py", "lineno": 139, "samples_count": 49152}}
:::MLLOG {"namespace": "", "time_ms": 1778407916459, "event_type": "INTERVAL_START", "key": "eval_start", "value": null, "metadata": {"file": "/opt/venv/lib/python3.12/site-packages/primus_mllog/mlperf_pre_training.py", "lineno": 141, "samples_count": 49152}}
:::MLLOG {"namespace": "", "time_ms": 1778407927379, "event_type": "POINT_IN_TIME", "key": "eval_accuracy", "value": 3.879218816757202, "metadata": {"file": "/opt/venv/lib/python3.12/site-packages/primus_mllog/mlperf_pre_training.py", "lineno": 156, "samples_count": 49152}}
:::MLLOG {"namespace": "", "time_ms": 1778407927379, "event_type": "INTERVAL_END", "key": "eval_stop", "value": null, "metadata": {"file": "/opt/venv/lib/python3.12/site-packages/primus_mllog/mlperf_pre_training.py", "lineno": 170, "samples_count": 49152}}
:::MLLOG {"namespace": "", "time_ms": 1778407927379, "event_type": "INTERVAL_START", "key": "block_start", "value": null, "metadata": {"file": "/opt/venv/lib/python3.12/site-packages/primus_mllog/mlperf_pre_training.py", "lineno": 174, "samples_count": 49152}}
:::MLLOG {"namespace": "", "time_ms": 1778408346162, "event_type": "INTERVAL_END", "key": "block_stop", "value": null, "metadata": {"file": "/opt/venv/lib/python3.12/site-packages/primus_mllog/mlperf_pre_training.py", "lineno": 139, "samples_count": 61440}}
:::MLLOG {"namespace": "", "time_ms": 1778408346162, "event_type": "INTERVAL_START", "key": "eval_start", "value": null, "metadata": {"file": "/opt/venv/lib/python3.12/site-packages/primus_mllog/mlperf_pre_training.py", "lineno": 141, "samples_count": 61440}}
:::MLLOG {"namespace": "", "time_ms": 1778408357165, "event_type": "POINT_IN_TIME", "key": "eval_accuracy", "value": 3.7503294944763184, "metadata": {"file": "/opt/venv/lib/python3.12/site-packages/primus_mllog/mlperf_pre_training.py", "lineno": 156, "samples_count": 61440}}
:::MLLOG {"namespace": "", "time_ms": 1778408357166, "event_type": "INTERVAL_END", "key": "eval_stop", "value": null, "metadata": {"file": "/opt/venv/lib/python3.12/site-packages/primus_mllog/mlperf_pre_training.py", "lineno": 170, "samples_count": 61440}}
:::MLLOG {"namespace": "", "time_ms": 1778408357166, "event_type": "INTERVAL_START", "key": "block_start", "value": null, "metadata": {"file": "/opt/venv/lib/python3.12/site-packages/primus_mllog/mlperf_pre_training.py", "lineno": 174, "samples_count": 61440}}
:::MLLOG {"namespace": "", "time_ms": 1778408776383, "event_type": "INTERVAL_END", "key": "block_stop", "value": null, "metadata": {"file": "/opt/venv/lib/python3.12/site-packages/primus_mllog/mlperf_pre_training.py", "lineno": 139, "samples_count": 73728}}
:::MLLOG {"namespace": "", "time_ms": 1778408776383, "event_type": "INTERVAL_START", "key": "eval_start", "value": null, "metadata": {"file": "/opt/venv/lib/python3.12/site-packages/primus_mllog/mlperf_pre_training.py", "lineno": 141, "samples_count": 73728}}
:::MLLOG {"namespace": "", "time_ms": 1778408787218, "event_type": "POINT_IN_TIME", "key": "eval_accuracy", "value": 3.6660923957824707, "metadata": {"file": "/opt/venv/lib/python3.12/site-packages/primus_mllog/mlperf_pre_training.py", "lineno": 156, "samples_count": 73728}}
:::MLLOG {"namespace": "", "time_ms": 1778408787219, "event_type": "INTERVAL_END", "key": "eval_stop", "value": null, "metadata": {"file": "/opt/venv/lib/python3.12/site-packages/primus_mllog/mlperf_pre_training.py", "lineno": 170, "samples_count": 73728}}
:::MLLOG {"namespace": "", "time_ms": 1778408787219, "event_type": "INTERVAL_START", "key": "block_start", "value": null, "metadata": {"file": "/opt/venv/lib/python3.12/site-packages/primus_mllog/mlperf_pre_training.py", "lineno": 174, "samples_count": 73728}}
:::MLLOG {"namespace": "", "time_ms": 1778409206318, "event_type": "INTERVAL_END", "key": "block_stop", "value": null, "metadata": {"file": "/opt/venv/lib/python3.12/site-packages/primus_mllog/mlperf_pre_training.py", "lineno": 139, "samples_count": 86016}}
:::MLLOG {"namespace": "", "time_ms": 1778409206319, "event_type": "INTERVAL_START", "key": "eval_start", "value": null, "metadata": {"file": "/opt/venv/lib/python3.12/site-packages/primus_mllog/mlperf_pre_training.py", "lineno": 141, "samples_count": 86016}}
:::MLLOG {"namespace": "", "time_ms": 1778409217074, "event_type": "POINT_IN_TIME", "key": "eval_accuracy", "value": 3.5828440189361572, "metadata": {"file": "/opt/venv/lib/python3.12/site-packages/primus_mllog/mlperf_pre_training.py", "lineno": 156, "samples_count": 86016}}
:::MLLOG {"namespace": "", "time_ms": 1778409217074, "event_type": "INTERVAL_END", "key": "eval_stop", "value": null, "metadata": {"file": "/opt/venv/lib/python3.12/site-packages/primus_mllog/mlperf_pre_training.py", "lineno": 170, "samples_count": 86016}}
:::MLLOG {"namespace": "", "time_ms": 1778409217074, "event_type": "INTERVAL_START", "key": "block_start", "value": null, "metadata": {"file": "/opt/venv/lib/python3.12/site-packages/primus_mllog/mlperf_pre_training.py", "lineno": 174, "samples_count": 86016}}
:::MLLOG {"namespace": "", "time_ms": 1778409635139, "event_type": "INTERVAL_END", "key": "block_stop", "value": null, "metadata": {"file": "/opt/venv/lib/python3.12/site-packages/primus_mllog/mlperf_pre_training.py", "lineno": 139, "samples_count": 98304}}
:::MLLOG {"namespace": "", "time_ms": 1778409635140, "event_type": "INTERVAL_START", "key": "eval_start", "value": null, "metadata": {"file": "/opt/venv/lib/python3.12/site-packages/primus_mllog/mlperf_pre_training.py", "lineno": 141, "samples_count": 98304}}
:::MLLOG {"namespace": "", "time_ms": 1778409645948, "event_type": "POINT_IN_TIME", "key": "eval_accuracy", "value": 3.529198408126831, "metadata": {"file": "/opt/venv/lib/python3.12/site-packages/primus_mllog/mlperf_pre_training.py", "lineno": 156, "samples_count": 98304}}
:::MLLOG {"namespace": "", "time_ms": 1778409645948, "event_type": "INTERVAL_END", "key": "eval_stop", "value": null, "metadata": {"file": "/opt/venv/lib/python3.12/site-packages/primus_mllog/mlperf_pre_training.py", "lineno": 170, "samples_count": 98304}}
:::MLLOG {"namespace": "", "time_ms": 1778409645948, "event_type": "INTERVAL_START", "key": "block_start", "value": null, "metadata": {"file": "/opt/venv/lib/python3.12/site-packages/primus_mllog/mlperf_pre_training.py", "lineno": 174, "samples_count": 98304}}
:::MLLOG {"namespace": "", "time_ms": 1778410063940, "event_type": "INTERVAL_END", "key": "block_stop", "value": null, "metadata": {"file": "/opt/venv/lib/python3.12/site-packages/primus_mllog/mlperf_pre_training.py", "lineno": 139, "samples_count": 110592}}
:::MLLOG {"namespace": "", "time_ms": 1778410063940, "event_type": "INTERVAL_START", "key": "eval_start", "value": null, "metadata": {"file": "/opt/venv/lib/python3.12/site-packages/primus_mllog/mlperf_pre_training.py", "lineno": 141, "samples_count": 110592}}
:::MLLOG {"namespace": "", "time_ms": 1778410074817, "event_type": "POINT_IN_TIME", "key": "eval_accuracy", "value": 3.4752254486083984, "metadata": {"file": "/opt/venv/lib/python3.12/site-packages/primus_mllog/mlperf_pre_training.py", "lineno": 156, "samples_count": 110592}}
:::MLLOG {"namespace": "", "time_ms": 1778410074817, "event_type": "INTERVAL_END", "key": "eval_stop", "value": null, "metadata": {"file": "/opt/venv/lib/python3.12/site-packages/primus_mllog/mlperf_pre_training.py", "lineno": 170, "samples_count": 110592}}
:::MLLOG {"namespace": "", "time_ms": 1778410074817, "event_type": "INTERVAL_START", "key": "block_start", "value": null, "metadata": {"file": "/opt/venv/lib/python3.12/site-packages/primus_mllog/mlperf_pre_training.py", "lineno": 174, "samples_count": 110592}}
:::MLLOG {"namespace": "", "time_ms": 1778410493520, "event_type": "INTERVAL_END", "key": "block_stop", "value": null, "metadata": {"file": "/opt/venv/lib/python3.12/site-packages/primus_mllog/mlperf_pre_training.py", "lineno": 139, "samples_count": 122880}}
:::MLLOG {"namespace": "", "time_ms": 1778410493521, "event_type": "INTERVAL_START", "key": "eval_start", "value": null, "metadata": {"file": "/opt/venv/lib/python3.12/site-packages/primus_mllog/mlperf_pre_training.py", "lineno": 141, "samples_count": 122880}}
:::MLLOG {"namespace": "", "time_ms": 1778410504355, "event_type": "POINT_IN_TIME", "key": "eval_accuracy", "value": 3.43928599357605, "metadata": {"file": "/opt/venv/lib/python3.12/site-packages/primus_mllog/mlperf_pre_training.py", "lineno": 156, "samples_count": 122880}}
:::MLLOG {"namespace": "", "time_ms": 1778410504355, "event_type": "INTERVAL_END", "key": "eval_stop", "value": null, "metadata": {"file": "/opt/venv/lib/python3.12/site-packages/primus_mllog/mlperf_pre_training.py", "lineno": 170, "samples_count": 122880}}
:::MLLOG {"namespace": "", "time_ms": 1778410504356, "event_type": "INTERVAL_START", "key": "block_start", "value": null, "metadata": {"file": "/opt/venv/lib/python3.12/site-packages/primus_mllog/mlperf_pre_training.py", "lineno": 174, "samples_count": 122880}}
:::MLLOG {"namespace": "", "time_ms": 1778410922525, "event_type": "INTERVAL_END", "key": "block_stop", "value": null, "metadata": {"file": "/opt/venv/lib/python3.12/site-packages/primus_mllog/mlperf_pre_training.py", "lineno": 139, "samples_count": 135168}}
:::MLLOG {"namespace": "", "time_ms": 1778410922525, "event_type": "INTERVAL_START", "key": "eval_start", "value": null, "metadata": {"file": "/opt/venv/lib/python3.12/site-packages/primus_mllog/mlperf_pre_training.py", "lineno": 141, "samples_count": 135168}}
:::MLLOG {"namespace": "", "time_ms": 1778410933483, "event_type": "POINT_IN_TIME", "key": "eval_accuracy", "value": 3.399271249771118, "metadata": {"file": "/opt/venv/lib/python3.12/site-packages/primus_mllog/mlperf_pre_training.py", "lineno": 156, "samples_count": 135168}}
:::MLLOG {"namespace": "", "time_ms": 1778410933483, "event_type": "INTERVAL_END", "key": "eval_stop", "value": null, "metadata": {"file": "/opt/venv/lib/python3.12/site-packages/primus_mllog/mlperf_pre_training.py", "lineno": 170, "samples_count": 135168}}
:::MLLOG {"namespace": "", "time_ms": 1778410933484, "event_type": "INTERVAL_START", "key": "block_start", "value": null, "metadata": {"file": "/opt/venv/lib/python3.12/site-packages/primus_mllog/mlperf_pre_training.py", "lineno": 174, "samples_count": 135168}}
:::MLLOG {"namespace": "", "time_ms": 1778411352692, "event_type": "INTERVAL_END", "key": "block_stop", "value": null, "metadata": {"file": "/opt/venv/lib/python3.12/site-packages/primus_mllog/mlperf_pre_training.py", "lineno": 139, "samples_count": 147456}}
:::MLLOG {"namespace": "", "time_ms": 1778411352692, "event_type": "INTERVAL_START", "key": "eval_start", "value": null, "metadata": {"file": "/opt/venv/lib/python3.12/site-packages/primus_mllog/mlperf_pre_training.py", "lineno": 141, "samples_count": 147456}}
:::MLLOG {"namespace": "", "time_ms": 1778411363593, "event_type": "POINT_IN_TIME", "key": "eval_accuracy", "value": 3.3687078952789307, "metadata": {"file": "/opt/venv/lib/python3.12/site-packages/primus_mllog/mlperf_pre_training.py", "lineno": 156, "samples_count": 147456}}
:::MLLOG {"namespace": "", "time_ms": 1778411363593, "event_type": "INTERVAL_END", "key": "eval_stop", "value": null, "metadata": {"file": "/opt/venv/lib/python3.12/site-packages/primus_mllog/mlperf_pre_training.py", "lineno": 170, "samples_count": 147456}}
:::MLLOG {"namespace": "", "time_ms": 1778411363593, "event_type": "INTERVAL_START", "key": "block_start", "value": null, "metadata": {"file": "/opt/venv/lib/python3.12/site-packages/primus_mllog/mlperf_pre_training.py", "lineno": 174, "samples_count": 147456}}
:::MLLOG {"namespace": "", "time_ms": 1778411781272, "event_type": "INTERVAL_END", "key": "block_stop", "value": null, "metadata": {"file": "/opt/venv/lib/python3.12/site-packages/primus_mllog/mlperf_pre_training.py", "lineno": 139, "samples_count": 159744}}
:::MLLOG {"namespace": "", "time_ms": 1778411781272, "event_type": "INTERVAL_START", "key": "eval_start", "value": null, "metadata": {"file": "/opt/venv/lib/python3.12/site-packages/primus_mllog/mlperf_pre_training.py", "lineno": 141, "samples_count": 159744}}
:::MLLOG {"namespace": "", "time_ms": 1778411792200, "event_type": "POINT_IN_TIME", "key": "eval_accuracy", "value": 3.341733932495117, "metadata": {"file": "/opt/venv/lib/python3.12/site-packages/primus_mllog/mlperf_pre_training.py", "lineno": 156, "samples_count": 159744}}
:::MLLOG {"namespace": "", "time_ms": 1778411792200, "event_type": "INTERVAL_END", "key": "eval_stop", "value": null, "metadata": {"file": "/opt/venv/lib/python3.12/site-packages/primus_mllog/mlperf_pre_training.py", "lineno": 170, "samples_count": 159744}}
:::MLLOG {"namespace": "", "time_ms": 1778411792201, "event_type": "INTERVAL_START", "key": "block_start", "value": null, "metadata": {"file": "/opt/venv/lib/python3.12/site-packages/primus_mllog/mlperf_pre_training.py", "lineno": 174, "samples_count": 159744}}
:::MLLOG {"namespace": "", "time_ms": 1778412210505, "event_type": "INTERVAL_END", "key": "block_stop", "value": null, "metadata": {"file": "/opt/venv/lib/python3.12/site-packages/primus_mllog/mlperf_pre_training.py", "lineno": 139, "samples_count": 172032}}
:::MLLOG {"namespace": "", "time_ms": 1778412210506, "event_type": "INTERVAL_START", "key": "eval_start", "value": null, "metadata": {"file": "/opt/venv/lib/python3.12/site-packages/primus_mllog/mlperf_pre_training.py", "lineno": 141, "samples_count": 172032}}
:::MLLOG {"namespace": "", "time_ms": 1778412221313, "event_type": "POINT_IN_TIME", "key": "eval_accuracy", "value": 3.3155670166015625, "metadata": {"file": "/opt/venv/lib/python3.12/site-packages/primus_mllog/mlperf_pre_training.py", "lineno": 156, "samples_count": 172032}}
:::MLLOG {"namespace": "", "time_ms": 1778412221313, "event_type": "INTERVAL_END", "key": "eval_stop", "value": null, "metadata": {"file": "/opt/venv/lib/python3.12/site-packages/primus_mllog/mlperf_pre_training.py", "lineno": 170, "samples_count": 172032}}
:::MLLOG {"namespace": "", "time_ms": 1778412221313, "event_type": "INTERVAL_START", "key": "block_start", "value": null, "metadata": {"file": "/opt/venv/lib/python3.12/site-packages/primus_mllog/mlperf_pre_training.py", "lineno": 174, "samples_count": 172032}}
:::MLLOG {"namespace": "", "time_ms": 1778412638855, "event_type": "INTERVAL_END", "key": "block_stop", "value": null, "metadata": {"file": "/opt/venv/lib/python3.12/site-packages/primus_mllog/mlperf_pre_training.py", "lineno": 139, "samples_count": 184320}}
:::MLLOG {"namespace": "", "time_ms": 1778412638855, "event_type": "INTERVAL_START", "key": "eval_start", "value": null, "metadata": {"file": "/opt/venv/lib/python3.12/site-packages/primus_mllog/mlperf_pre_training.py", "lineno": 141, "samples_count": 184320}}
:::MLLOG {"namespace": "", "time_ms": 1778412649672, "event_type": "POINT_IN_TIME", "key": "eval_accuracy", "value": 3.295539140701294, "metadata": {"file": "/opt/venv/lib/python3.12/site-packages/primus_mllog/mlperf_pre_training.py", "lineno": 156, "samples_count": 184320}}
:::MLLOG {"namespace": "", "time_ms": 1778412649672, "event_type": "INTERVAL_END", "key": "eval_stop", "value": null, "metadata": {"file": "/opt/venv/lib/python3.12/site-packages/primus_mllog/mlperf_pre_training.py", "lineno": 170, "samples_count": 184320}}
:::MLLOG {"namespace": "", "time_ms": 1778412649679, "event_type": "INTERVAL_END", "key": "epoch_stop", "value": null, "metadata": {"file": "/opt/venv/lib/python3.12/site-packages/primus_mllog/mlperf_pre_training.py", "lineno": 220, "samples_count": 184320}}
:::MLLOG {"namespace": "", "time_ms": 1778412649679, "event_type": "INTERVAL_END", "key": "run_stop", "value": null, "metadata": {"file": "/opt/venv/lib/python3.12/site-packages/primus_mllog/mlperf_pre_training.py", "lineno": 224, "samples_count": 184320, "status": "success"}}
:::MLLOG {"namespace": "", "time_ms": 1778412666909, "event_type": "POINT_IN_TIME", "key": "run_duration", "value": "6444.63s -> 107.41 minutes", "metadata": {"file": "/opt/venv/lib/python3.12/site-packages/primus_mllog/mlperf_pre_training.py", "lineno": 87, "samples": 184320}}
:::MLLOG {"namespace": "", "time_ms": 1778412666910, "event_type": "POINT_IN_TIME", "key": "overall_throughput", "value": 28.6, "metadata": {"file": "/opt/venv/lib/python3.12/site-packages/primus_mllog/mlperf_pre_training.py", "lineno": 92, "samples": 184320}}
:::MLLOG {"namespace": "", "time_ms": 1778412748567, "event_type": "POINT_IN_TIME", "key": "global_batch_size", "value": 32, "metadata": {"file": "/opt/venv/lib/python3.12/site-packages/primus_mllog/mlperf_pre_training.py", "lineno": 66}}
:::MLLOG {"namespace": "", "time_ms": 1778412748567, "event_type": "POINT_IN_TIME", "key": "gradient_accumulation_steps", "value": 2, "metadata": {"file": "/opt/venv/lib/python3.12/site-packages/primus_mllog/mlperf_pre_training.py", "lineno": 66}}
:::MLLOG {"namespace": "", "time_ms": 1778412748568, "event_type": "POINT_IN_TIME", "key": "max_sequence_length", "value": 8192, "metadata": {"file": "/opt/venv/lib/python3.12/site-packages/primus_mllog/mlperf_pre_training.py", "lineno": 66}}
:::MLLOG {"namespace": "", "time_ms": 1778412748568, "event_type": "POINT_IN_TIME", "key": "train_samples", "value": 38400000, "metadata": {"file": "/opt/venv/lib/python3.12/site-packages/primus_mllog/mlperf_pre_training.py", "lineno": 66}}
:::MLLOG {"namespace": "", "time_ms": 1778412748568, "event_type": "POINT_IN_TIME", "key": "eval_samples", "value": 1024, "metadata": {"file": "/opt/venv/lib/python3.12/site-packages/primus_mllog/mlperf_pre_training.py", "lineno": 66}}
:::MLLOG {"namespace": "", "time_ms": 1778412748568, "event_type": "POINT_IN_TIME", "key": "seed", "value": 4075, "metadata": {"file": "/opt/venv/lib/python3.12/site-packages/primus_mllog/mlperf_pre_training.py", "lineno": 66}}
:::MLLOG {"namespace": "", "time_ms": 1778412748568, "event_type": "POINT_IN_TIME", "key": "init_checkpoint_step", "value": 0, "metadata": {"file": "/opt/venv/lib/python3.12/site-packages/primus_mllog/mlperf_pre_training.py", "lineno": 66}}
:::MLLOG {"namespace": "", "time_ms": 1778412748568, "event_type": "POINT_IN_TIME", "key": "opt_name", "value": "adamw", "metadata": {"file": "/opt/venv/lib/python3.12/site-packages/primus_mllog/mlperf_pre_training.py", "lineno": 66}}
:::MLLOG {"namespace": "", "time_ms": 1778412748568, "event_type": "POINT_IN_TIME", "key": "opt_base_learning_rate", "value": 0.0008, "metadata": {"file": "/opt/venv/lib/python3.12/site-packages/primus_mllog/mlperf_pre_training.py", "lineno": 66}}
:::MLLOG {"namespace": "", "time_ms": 1778412748568, "event_type": "POINT_IN_TIME", "key": "opt_adamw_beta_1", "value": 0.9, "metadata": {"file": "/opt/venv/lib/python3.12/site-packages/primus_mllog/mlperf_pre_training.py", "lineno": 66}}
:::MLLOG {"namespace": "", "time_ms": 1778412748568, "event_type": "POINT_IN_TIME", "key": "opt_adamw_beta_2", "value": 0.95, "metadata": {"file": "/opt/venv/lib/python3.12/site-packages/primus_mllog/mlperf_pre_training.py", "lineno": 66}}
:::MLLOG {"namespace": "", "time_ms": 1778412748568, "event_type": "POINT_IN_TIME", "key": "opt_adamw_epsilon", "value": 1e-05, "metadata": {"file": "/opt/venv/lib/python3.12/site-packages/primus_mllog/mlperf_pre_training.py", "lineno": 66}}
:::MLLOG {"namespace": "", "time_ms": 1778412748568, "event_type": "POINT_IN_TIME", "key": "opt_adamw_weight_decay", "value": 0.1, "metadata": {"file": "/opt/venv/lib/python3.12/site-packages/primus_mllog/mlperf_pre_training.py", "lineno": 66}}
:::MLLOG {"namespace": "", "time_ms": 1778412748568, "event_type": "POINT_IN_TIME", "key": "opt_gradient_clip_norm", "value": 1.0, "metadata": {"file": "/opt/venv/lib/python3.12/site-packages/primus_mllog/mlperf_pre_training.py", "lineno": 66}}
:::MLLOG {"namespace": "", "time_ms": 1778412748568, "event_type": "POINT_IN_TIME", "key": "opt_end_learning_rate", "value": 8e-05, "metadata": {"file": "/opt/venv/lib/python3.12/site-packages/primus_mllog/mlperf_pre_training.py", "lineno": 66}}
:::MLLOG {"namespace": "", "time_ms": 1778412748568, "event_type": "POINT_IN_TIME", "key": "opt_learning_rate_warmup_steps", "value": 64, "metadata": {"file": "/opt/venv/lib/python3.12/site-packages/primus_mllog/mlperf_pre_training.py", "lineno": 66}}
:::MLLOG {"namespace": "", "time_ms": 1778412748568, "event_type": "POINT_IN_TIME", "key": "opt_learning_rate_decay_steps", "value": 1199936, "metadata": {"file": "/opt/venv/lib/python3.12/site-packages/primus_mllog/mlperf_pre_training.py", "lineno": 66}}
:::MLLOG {"namespace": "", "time_ms": 1778412748568, "event_type": "POINT_IN_TIME", "key": "opt_learning_rate_decay_schedule", "value": "cosine with linear warmup", "metadata": {"file": "/opt/venv/lib/python3.12/site-packages/primus_mllog/mlperf_pre_training.py", "lineno": 66}}
:::MLLOG {"namespace": "", "time_ms": 1778412748568, "event_type": "POINT_IN_TIME", "key": "max_steps", "value": 1200000, "metadata": {"file": "/opt/venv/lib/python3.12/site-packages/primus_mllog/mlperf_pre_training.py", "lineno": 66}}
:::MLLOG {"namespace": "", "time_ms": 1778412748568, "event_type": "POINT_IN_TIME", "key": "submission_benchmark", "value": "llama31_8b", "metadata": {"file": "/opt/venv/lib/python3.12/site-packages/primus_mllog/mlperf_pre_training.py", "lineno": 66}}
:::MLLOG {"namespace": "", "time_ms": 1778412748568, "event_type": "POINT_IN_TIME", "key": "submission_division", "value": "closed", "metadata": {"file": "/opt/venv/lib/python3.12/site-packages/primus_mllog/mlperf_pre_training.py", "lineno": 66}}
:::MLLOG {"namespace": "", "time_ms": 1778412748568, "event_type": "POINT_IN_TIME", "key": "submission_status", "value": "", "metadata": {"file": "/opt/venv/lib/python3.12/site-packages/primus_mllog/mlperf_pre_training.py", "lineno": 66}}
:::MLLOG {"namespace": "", "time_ms": 1778412748568, "event_type": "POINT_IN_TIME", "key": "submission_org", "value": "AMD", "metadata": {"file": "/opt/venv/lib/python3.12/site-packages/primus_mllog/mlperf_pre_training.py", "lineno": 66}}
:::MLLOG {"namespace": "", "time_ms": 1778412748568, "event_type": "POINT_IN_TIME", "key": "submission_platform", "value": "MI350X", "metadata": {"file": "/opt/venv/lib/python3.12/site-packages/primus_mllog/mlperf_pre_training.py", "lineno": 66}}
:::MLLOG {"namespace": "", "time_ms": 1778412748568, "event_type": "INTERVAL_END", "key": "init_stop", "value": null, "metadata": {"file": "/opt/venv/lib/python3.12/site-packages/primus_mllog/mlperf_pre_training.py", "lineno": 68}}
:::MLLOG {"namespace": "", "time_ms": 1778412807125, "event_type": "INTERVAL_START", "key": "run_start", "value": null, "metadata": {"file": "/opt/venv/lib/python3.12/site-packages/primus_mllog/mlperf_pre_training.py", "lineno": 193}}
:::MLLOG {"namespace": "", "time_ms": 1778412807125, "event_type": "INTERVAL_START", "key": "epoch_start", "value": null, "metadata": {"file": "/opt/venv/lib/python3.12/site-packages/primus_mllog/mlperf_pre_training.py", "lineno": 196, "samples_count": 0}}
:::MLLOG {"namespace": "", "time_ms": 1778412807125, "event_type": "INTERVAL_START", "key": "block_start", "value": null, "metadata": {"file": "/opt/venv/lib/python3.12/site-packages/primus_mllog/mlperf_pre_training.py", "lineno": 198, "samples_count": 0}}
:::MLLOG {"namespace": "", "time_ms": 1778413222159, "event_type": "INTERVAL_END", "key": "block_stop", "value": null, "metadata": {"file": "/opt/venv/lib/python3.12/site-packages/primus_mllog/mlperf_pre_training.py", "lineno": 139, "samples_count": 12288}}
:::MLLOG {"namespace": "", "time_ms": 1778413222159, "event_type": "INTERVAL_START", "key": "eval_start", "value": null, "metadata": {"file": "/opt/venv/lib/python3.12/site-packages/primus_mllog/mlperf_pre_training.py", "lineno": 141, "samples_count": 12288}}
:::MLLOG {"namespace": "", "time_ms": 1778413234449, "event_type": "POINT_IN_TIME", "key": "eval_accuracy", "value": 5.818850517272949, "metadata": {"file": "/opt/venv/lib/python3.12/site-packages/primus_mllog/mlperf_pre_training.py", "lineno": 156, "samples_count": 12288}}
:::MLLOG {"namespace": "", "time_ms": 1778413234449, "event_type": "INTERVAL_END", "key": "eval_stop", "value": null, "metadata": {"file": "/opt/venv/lib/python3.12/site-packages/primus_mllog/mlperf_pre_training.py", "lineno": 170, "samples_count": 12288}}
:::MLLOG {"namespace": "", "time_ms": 1778413234449, "event_type": "INTERVAL_START", "key": "block_start", "value": null, "metadata": {"file": "/opt/venv/lib/python3.12/site-packages/primus_mllog/mlperf_pre_training.py", "lineno": 174, "samples_count": 12288}}
:::MLLOG {"namespace": "", "time_ms": 1778413650756, "event_type": "INTERVAL_END", "key": "block_stop", "value": null, "metadata": {"file": "/opt/venv/lib/python3.12/site-packages/primus_mllog/mlperf_pre_training.py", "lineno": 139, "samples_count": 24576}}
:::MLLOG {"namespace": "", "time_ms": 1778413650757, "event_type": "INTERVAL_START", "key": "eval_start", "value": null, "metadata": {"file": "/opt/venv/lib/python3.12/site-packages/primus_mllog/mlperf_pre_training.py", "lineno": 141, "samples_count": 24576}}
:::MLLOG {"namespace": "", "time_ms": 1778413661627, "event_type": "POINT_IN_TIME", "key": "eval_accuracy", "value": 4.523925304412842, "metadata": {"file": "/opt/venv/lib/python3.12/site-packages/primus_mllog/mlperf_pre_training.py", "lineno": 156, "samples_count": 24576}}
:::MLLOG {"namespace": "", "time_ms": 1778413661628, "event_type": "INTERVAL_END", "key": "eval_stop", "value": null, "metadata": {"file": "/opt/venv/lib/python3.12/site-packages/primus_mllog/mlperf_pre_training.py", "lineno": 170, "samples_count": 24576}}
:::MLLOG {"namespace": "", "time_ms": 1778413661628, "event_type": "INTERVAL_START", "key": "block_start", "value": null, "metadata": {"file": "/opt/venv/lib/python3.12/site-packages/primus_mllog/mlperf_pre_training.py", "lineno": 174, "samples_count": 24576}}
:::MLLOG {"namespace": "", "time_ms": 1778414080468, "event_type": "INTERVAL_END", "key": "block_stop", "value": null, "metadata": {"file": "/opt/venv/lib/python3.12/site-packages/primus_mllog/mlperf_pre_training.py", "lineno": 139, "samples_count": 36864}}
:::MLLOG {"namespace": "", "time_ms": 1778414080469, "event_type": "INTERVAL_START", "key": "eval_start", "value": null, "metadata": {"file": "/opt/venv/lib/python3.12/site-packages/primus_mllog/mlperf_pre_training.py", "lineno": 141, "samples_count": 36864}}
:::MLLOG {"namespace": "", "time_ms": 1778414091361, "event_type": "POINT_IN_TIME", "key": "eval_accuracy", "value": 4.092954158782959, "metadata": {"file": "/opt/venv/lib/python3.12/site-packages/primus_mllog/mlperf_pre_training.py", "lineno": 156, "samples_count": 36864}}
:::MLLOG {"namespace": "", "time_ms": 1778414091361, "event_type": "INTERVAL_END", "key": "eval_stop", "value": null, "metadata": {"file": "/opt/venv/lib/python3.12/site-packages/primus_mllog/mlperf_pre_training.py", "lineno": 170, "samples_count": 36864}}
:::MLLOG {"namespace": "", "time_ms": 1778414091361, "event_type": "INTERVAL_START", "key": "block_start", "value": null, "metadata": {"file": "/opt/venv/lib/python3.12/site-packages/primus_mllog/mlperf_pre_training.py", "lineno": 174, "samples_count": 36864}}
:::MLLOG {"namespace": "", "time_ms": 1778414508926, "event_type": "INTERVAL_END", "key": "block_stop", "value": null, "metadata": {"file": "/opt/venv/lib/python3.12/site-packages/primus_mllog/mlperf_pre_training.py", "lineno": 139, "samples_count": 49152}}
:::MLLOG {"namespace": "", "time_ms": 1778414508926, "event_type": "INTERVAL_START", "key": "eval_start", "value": null, "metadata": {"file": "/opt/venv/lib/python3.12/site-packages/primus_mllog/mlperf_pre_training.py", "lineno": 141, "samples_count": 49152}}
:::MLLOG {"namespace": "", "time_ms": 1778414519792, "event_type": "POINT_IN_TIME", "key": "eval_accuracy", "value": 3.8810715675354004, "metadata": {"file": "/opt/venv/lib/python3.12/site-packages/primus_mllog/mlperf_pre_training.py", "lineno": 156, "samples_count": 49152}}
:::MLLOG {"namespace": "", "time_ms": 1778414519792, "event_type": "INTERVAL_END", "key": "eval_stop", "value": null, "metadata": {"file": "/opt/venv/lib/python3.12/site-packages/primus_mllog/mlperf_pre_training.py", "lineno": 170, "samples_count": 49152}}
:::MLLOG {"namespace": "", "time_ms": 1778414519792, "event_type": "INTERVAL_START", "key": "block_start", "value": null, "metadata": {"file": "/opt/venv/lib/python3.12/site-packages/primus_mllog/mlperf_pre_training.py", "lineno": 174, "samples_count": 49152}}
:::MLLOG {"namespace": "", "time_ms": 1778414938342, "event_type": "INTERVAL_END", "key": "block_stop", "value": null, "metadata": {"file": "/opt/venv/lib/python3.12/site-packages/primus_mllog/mlperf_pre_training.py", "lineno": 139, "samples_count": 61440}}
:::MLLOG {"namespace": "", "time_ms": 1778414938343, "event_type": "INTERVAL_START", "key": "eval_start", "value": null, "metadata": {"file": "/opt/venv/lib/python3.12/site-packages/primus_mllog/mlperf_pre_training.py", "lineno": 141, "samples_count": 61440}}
:::MLLOG {"namespace": "", "time_ms": 1778414949203, "event_type": "POINT_IN_TIME", "key": "eval_accuracy", "value": 3.743396282196045, "metadata": {"file": "/opt/venv/lib/python3.12/site-packages/primus_mllog/mlperf_pre_training.py", "lineno": 156, "samples_count": 61440}}
:::MLLOG {"namespace": "", "time_ms": 1778414949203, "event_type": "INTERVAL_END", "key": "eval_stop", "value": null, "metadata": {"file": "/opt/venv/lib/python3.12/site-packages/primus_mllog/mlperf_pre_training.py", "lineno": 170, "samples_count": 61440}}
:::MLLOG {"namespace": "", "time_ms": 1778414949203, "event_type": "INTERVAL_START", "key": "block_start", "value": null, "metadata": {"file": "/opt/venv/lib/python3.12/site-packages/primus_mllog/mlperf_pre_training.py", "lineno": 174, "samples_count": 61440}}
:::MLLOG {"namespace": "", "time_ms": 1778415367467, "event_type": "INTERVAL_END", "key": "block_stop", "value": null, "metadata": {"file": "/opt/venv/lib/python3.12/site-packages/primus_mllog/mlperf_pre_training.py", "lineno": 139, "samples_count": 73728}}
:::MLLOG {"namespace": "", "time_ms": 1778415367468, "event_type": "INTERVAL_START", "key": "eval_start", "value": null, "metadata": {"file": "/opt/venv/lib/python3.12/site-packages/primus_mllog/mlperf_pre_training.py", "lineno": 141, "samples_count": 73728}}
:::MLLOG {"namespace": "", "time_ms": 1778415378353, "event_type": "POINT_IN_TIME", "key": "eval_accuracy", "value": 3.653853416442871, "metadata": {"file": "/opt/venv/lib/python3.12/site-packages/primus_mllog/mlperf_pre_training.py", "lineno": 156, "samples_count": 73728}}
:::MLLOG {"namespace": "", "time_ms": 1778415378353, "event_type": "INTERVAL_END", "key": "eval_stop", "value": null, "metadata": {"file": "/opt/venv/lib/python3.12/site-packages/primus_mllog/mlperf_pre_training.py", "lineno": 170, "samples_count": 73728}}
:::MLLOG {"namespace": "", "time_ms": 1778415378353, "event_type": "INTERVAL_START", "key": "block_start", "value": null, "metadata": {"file": "/opt/venv/lib/python3.12/site-packages/primus_mllog/mlperf_pre_training.py", "lineno": 174, "samples_count": 73728}}
:::MLLOG {"namespace": "", "time_ms": 1778415796031, "event_type": "INTERVAL_END", "key": "block_stop", "value": null, "metadata": {"file": "/opt/venv/lib/python3.12/site-packages/primus_mllog/mlperf_pre_training.py", "lineno": 139, "samples_count": 86016}}
:::MLLOG {"namespace": "", "time_ms": 1778415796032, "event_type": "INTERVAL_START", "key": "eval_start", "value": null, "metadata": {"file": "/opt/venv/lib/python3.12/site-packages/primus_mllog/mlperf_pre_training.py", "lineno": 141, "samples_count": 86016}}
:::MLLOG {"namespace": "", "time_ms": 1778415806902, "event_type": "POINT_IN_TIME", "key": "eval_accuracy", "value": 3.583021402359009, "metadata": {"file": "/opt/venv/lib/python3.12/site-packages/primus_mllog/mlperf_pre_training.py", "lineno": 156, "samples_count": 86016}}
:::MLLOG {"namespace": "", "time_ms": 1778415806902, "event_type": "INTERVAL_END", "key": "eval_stop", "value": null, "metadata": {"file": "/opt/venv/lib/python3.12/site-packages/primus_mllog/mlperf_pre_training.py", "lineno": 170, "samples_count": 86016}}
:::MLLOG {"namespace": "", "time_ms": 1778415806903, "event_type": "INTERVAL_START", "key": "block_start", "value": null, "metadata": {"file": "/opt/venv/lib/python3.12/site-packages/primus_mllog/mlperf_pre_training.py", "lineno": 174, "samples_count": 86016}}
:::MLLOG {"namespace": "", "time_ms": 1778416224740, "event_type": "INTERVAL_END", "key": "block_stop", "value": null, "metadata": {"file": "/opt/venv/lib/python3.12/site-packages/primus_mllog/mlperf_pre_training.py", "lineno": 139, "samples_count": 98304}}
:::MLLOG {"namespace": "", "time_ms": 1778416224740, "event_type": "INTERVAL_START", "key": "eval_start", "value": null, "metadata": {"file": "/opt/venv/lib/python3.12/site-packages/primus_mllog/mlperf_pre_training.py", "lineno": 141, "samples_count": 98304}}
:::MLLOG {"namespace": "", "time_ms": 1778416235608, "event_type": "POINT_IN_TIME", "key": "eval_accuracy", "value": 3.5140159130096436, "metadata": {"file": "/opt/venv/lib/python3.12/site-packages/primus_mllog/mlperf_pre_training.py", "lineno": 156, "samples_count": 98304}}
:::MLLOG {"namespace": "", "time_ms": 1778416235609, "event_type": "INTERVAL_END", "key": "eval_stop", "value": null, "metadata": {"file": "/opt/venv/lib/python3.12/site-packages/primus_mllog/mlperf_pre_training.py", "lineno": 170, "samples_count": 98304}}
:::MLLOG {"namespace": "", "time_ms": 1778416235609, "event_type": "INTERVAL_START", "key": "block_start", "value": null, "metadata": {"file": "/opt/venv/lib/python3.12/site-packages/primus_mllog/mlperf_pre_training.py", "lineno": 174, "samples_count": 98304}}
:::MLLOG {"namespace": "", "time_ms": 1778416653413, "event_type": "INTERVAL_END", "key": "block_stop", "value": null, "metadata": {"file": "/opt/venv/lib/python3.12/site-packages/primus_mllog/mlperf_pre_training.py", "lineno": 139, "samples_count": 110592}}
:::MLLOG {"namespace": "", "time_ms": 1778416653413, "event_type": "INTERVAL_START", "key": "eval_start", "value": null, "metadata": {"file": "/opt/venv/lib/python3.12/site-packages/primus_mllog/mlperf_pre_training.py", "lineno": 141, "samples_count": 110592}}
:::MLLOG {"namespace": "", "time_ms": 1778416664265, "event_type": "POINT_IN_TIME", "key": "eval_accuracy", "value": 3.4756839275360107, "metadata": {"file": "/opt/venv/lib/python3.12/site-packages/primus_mllog/mlperf_pre_training.py", "lineno": 156, "samples_count": 110592}}
:::MLLOG {"namespace": "", "time_ms": 1778416664265, "event_type": "INTERVAL_END", "key": "eval_stop", "value": null, "metadata": {"file": "/opt/venv/lib/python3.12/site-packages/primus_mllog/mlperf_pre_training.py", "lineno": 170, "samples_count": 110592}}
:::MLLOG {"namespace": "", "time_ms": 1778416664266, "event_type": "INTERVAL_START", "key": "block_start", "value": null, "metadata": {"file": "/opt/venv/lib/python3.12/site-packages/primus_mllog/mlperf_pre_training.py", "lineno": 174, "samples_count": 110592}}
:::MLLOG {"namespace": "", "time_ms": 1778417081194, "event_type": "INTERVAL_END", "key": "block_stop", "value": null, "metadata": {"file": "/opt/venv/lib/python3.12/site-packages/primus_mllog/mlperf_pre_training.py", "lineno": 139, "samples_count": 122880}}
:::MLLOG {"namespace": "", "time_ms": 1778417081194, "event_type": "INTERVAL_START", "key": "eval_start", "value": null, "metadata": {"file": "/opt/venv/lib/python3.12/site-packages/primus_mllog/mlperf_pre_training.py", "lineno": 141, "samples_count": 122880}}
:::MLLOG {"namespace": "", "time_ms": 1778417092039, "event_type": "POINT_IN_TIME", "key": "eval_accuracy", "value": 3.4267702102661133, "metadata": {"file": "/opt/venv/lib/python3.12/site-packages/primus_mllog/mlperf_pre_training.py", "lineno": 156, "samples_count": 122880}}
:::MLLOG {"namespace": "", "time_ms": 1778417092039, "event_type": "INTERVAL_END", "key": "eval_stop", "value": null, "metadata": {"file": "/opt/venv/lib/python3.12/site-packages/primus_mllog/mlperf_pre_training.py", "lineno": 170, "samples_count": 122880}}
:::MLLOG {"namespace": "", "time_ms": 1778417092039, "event_type": "INTERVAL_START", "key": "block_start", "value": null, "metadata": {"file": "/opt/venv/lib/python3.12/site-packages/primus_mllog/mlperf_pre_training.py", "lineno": 174, "samples_count": 122880}}
:::MLLOG {"namespace": "", "time_ms": 1778417510831, "event_type": "INTERVAL_END", "key": "block_stop", "value": null, "metadata": {"file": "/opt/venv/lib/python3.12/site-packages/primus_mllog/mlperf_pre_training.py", "lineno": 139, "samples_count": 135168}}
:::MLLOG {"namespace": "", "time_ms": 1778417510832, "event_type": "INTERVAL_START", "key": "eval_start", "value": null, "metadata": {"file": "/opt/venv/lib/python3.12/site-packages/primus_mllog/mlperf_pre_training.py", "lineno": 141, "samples_count": 135168}}
:::MLLOG {"namespace": "", "time_ms": 1778417521692, "event_type": "POINT_IN_TIME", "key": "eval_accuracy", "value": 3.3886499404907227, "metadata": {"file": "/opt/venv/lib/python3.12/site-packages/primus_mllog/mlperf_pre_training.py", "lineno": 156, "samples_count": 135168}}
:::MLLOG {"namespace": "", "time_ms": 1778417521693, "event_type": "INTERVAL_END", "key": "eval_stop", "value": null, "metadata": {"file": "/opt/venv/lib/python3.12/site-packages/primus_mllog/mlperf_pre_training.py", "lineno": 170, "samples_count": 135168}}
:::MLLOG {"namespace": "", "time_ms": 1778417521693, "event_type": "INTERVAL_START", "key": "block_start", "value": null, "metadata": {"file": "/opt/venv/lib/python3.12/site-packages/primus_mllog/mlperf_pre_training.py", "lineno": 174, "samples_count": 135168}}
:::MLLOG {"namespace": "", "time_ms": 1778417939061, "event_type": "INTERVAL_END", "key": "block_stop", "value": null, "metadata": {"file": "/opt/venv/lib/python3.12/site-packages/primus_mllog/mlperf_pre_training.py", "lineno": 139, "samples_count": 147456}}
:::MLLOG {"namespace": "", "time_ms": 1778417939061, "event_type": "INTERVAL_START", "key": "eval_start", "value": null, "metadata": {"file": "/opt/venv/lib/python3.12/site-packages/primus_mllog/mlperf_pre_training.py", "lineno": 141, "samples_count": 147456}}
:::MLLOG {"namespace": "", "time_ms": 1778417949920, "event_type": "POINT_IN_TIME", "key": "eval_accuracy", "value": 3.364368438720703, "metadata": {"file": "/opt/venv/lib/python3.12/site-packages/primus_mllog/mlperf_pre_training.py", "lineno": 156, "samples_count": 147456}}
:::MLLOG {"namespace": "", "time_ms": 1778417949920, "event_type": "INTERVAL_END", "key": "eval_stop", "value": null, "metadata": {"file": "/opt/venv/lib/python3.12/site-packages/primus_mllog/mlperf_pre_training.py", "lineno": 170, "samples_count": 147456}}
:::MLLOG {"namespace": "", "time_ms": 1778417949920, "event_type": "INTERVAL_START", "key": "block_start", "value": null, "metadata": {"file": "/opt/venv/lib/python3.12/site-packages/primus_mllog/mlperf_pre_training.py", "lineno": 174, "samples_count": 147456}}
:::MLLOG {"namespace": "", "time_ms": 1778418367465, "event_type": "INTERVAL_END", "key": "block_stop", "value": null, "metadata": {"file": "/opt/venv/lib/python3.12/site-packages/primus_mllog/mlperf_pre_training.py", "lineno": 139, "samples_count": 159744}}
:::MLLOG {"namespace": "", "time_ms": 1778418367466, "event_type": "INTERVAL_START", "key": "eval_start", "value": null, "metadata": {"file": "/opt/venv/lib/python3.12/site-packages/primus_mllog/mlperf_pre_training.py", "lineno": 141, "samples_count": 159744}}
:::MLLOG {"namespace": "", "time_ms": 1778418378289, "event_type": "POINT_IN_TIME", "key": "eval_accuracy", "value": 3.3347854614257812, "metadata": {"file": "/opt/venv/lib/python3.12/site-packages/primus_mllog/mlperf_pre_training.py", "lineno": 156, "samples_count": 159744}}
:::MLLOG {"namespace": "", "time_ms": 1778418378289, "event_type": "INTERVAL_END", "key": "eval_stop", "value": null, "metadata": {"file": "/opt/venv/lib/python3.12/site-packages/primus_mllog/mlperf_pre_training.py", "lineno": 170, "samples_count": 159744}}
:::MLLOG {"namespace": "", "time_ms": 1778418378290, "event_type": "INTERVAL_START", "key": "block_start", "value": null, "metadata": {"file": "/opt/venv/lib/python3.12/site-packages/primus_mllog/mlperf_pre_training.py", "lineno": 174, "samples_count": 159744}}
:::MLLOG {"namespace": "", "time_ms": 1778418795011, "event_type": "INTERVAL_END", "key": "block_stop", "value": null, "metadata": {"file": "/opt/venv/lib/python3.12/site-packages/primus_mllog/mlperf_pre_training.py", "lineno": 139, "samples_count": 172032}}
:::MLLOG {"namespace": "", "time_ms": 1778418795012, "event_type": "INTERVAL_START", "key": "eval_start", "value": null, "metadata": {"file": "/opt/venv/lib/python3.12/site-packages/primus_mllog/mlperf_pre_training.py", "lineno": 141, "samples_count": 172032}}
:::MLLOG {"namespace": "", "time_ms": 1778418806014, "event_type": "POINT_IN_TIME", "key": "eval_accuracy", "value": 3.313349485397339, "metadata": {"file": "/opt/venv/lib/python3.12/site-packages/primus_mllog/mlperf_pre_training.py", "lineno": 156, "samples_count": 172032}}
:::MLLOG {"namespace": "", "time_ms": 1778418806015, "event_type": "INTERVAL_END", "key": "eval_stop", "value": null, "metadata": {"file": "/opt/venv/lib/python3.12/site-packages/primus_mllog/mlperf_pre_training.py", "lineno": 170, "samples_count": 172032}}
:::MLLOG {"namespace": "", "time_ms": 1778418806015, "event_type": "INTERVAL_START", "key": "block_start", "value": null, "metadata": {"file": "/opt/venv/lib/python3.12/site-packages/primus_mllog/mlperf_pre_training.py", "lineno": 174, "samples_count": 172032}}
:::MLLOG {"namespace": "", "time_ms": 1778419223820, "event_type": "INTERVAL_END", "key": "block_stop", "value": null, "metadata": {"file": "/opt/venv/lib/python3.12/site-packages/primus_mllog/mlperf_pre_training.py", "lineno": 139, "samples_count": 184320}}
:::MLLOG {"namespace": "", "time_ms": 1778419223820, "event_type": "INTERVAL_START", "key": "eval_start", "value": null, "metadata": {"file": "/opt/venv/lib/python3.12/site-packages/primus_mllog/mlperf_pre_training.py", "lineno": 141, "samples_count": 184320}}
:::MLLOG {"namespace": "", "time_ms": 1778419234715, "event_type": "POINT_IN_TIME", "key": "eval_accuracy", "value": 3.288450002670288, "metadata": {"file": "/opt/venv/lib/python3.12/site-packages/primus_mllog/mlperf_pre_training.py", "lineno": 156, "samples_count": 184320}}
:::MLLOG {"namespace": "", "time_ms": 1778419234716, "event_type": "INTERVAL_END", "key": "eval_stop", "value": null, "metadata": {"file": "/opt/venv/lib/python3.12/site-packages/primus_mllog/mlperf_pre_training.py", "lineno": 170, "samples_count": 184320}}
:::MLLOG {"namespace": "", "time_ms": 1778419234722, "event_type": "INTERVAL_END", "key": "epoch_stop", "value": null, "metadata": {"file": "/opt/venv/lib/python3.12/site-packages/primus_mllog/mlperf_pre_training.py", "lineno": 220, "samples_count": 184320}}
:::MLLOG {"namespace": "", "time_ms": 1778419234723, "event_type": "INTERVAL_END", "key": "run_stop", "value": null, "metadata": {"file": "/opt/venv/lib/python3.12/site-packages/primus_mllog/mlperf_pre_training.py", "lineno": 224, "samples_count": 184320, "status": "success"}}
:::MLLOG {"namespace": "", "time_ms": 1778419252428, "event_type": "POINT_IN_TIME", "key": "run_duration", "value": "6427.59s -> 107.13 minutes", "metadata": {"file": "/opt/venv/lib/python3.12/site-packages/primus_mllog/mlperf_pre_training.py", "lineno": 87, "samples": 184320}}
:::MLLOG {"namespace": "", "time_ms": 1778419252429, "event_type": "POINT_IN_TIME", "key": "overall_throughput", "value": 28.68, "metadata": {"file": "/opt/venv/lib/python3.12/site-packages/primus_mllog/mlperf_pre_training.py", "lineno": 92, "samples": 184320}}
:::MLLOG {"namespace": "", "time_ms": 1778419333354, "event_type": "POINT_IN_TIME", "key": "global_batch_size", "value": 32, "metadata": {"file": "/opt/venv/lib/python3.12/site-packages/primus_mllog/mlperf_pre_training.py", "lineno": 66}}
:::MLLOG {"namespace": "", "time_ms": 1778419333355, "event_type": "POINT_IN_TIME", "key": "gradient_accumulation_steps", "value": 2, "metadata": {"file": "/opt/venv/lib/python3.12/site-packages/primus_mllog/mlperf_pre_training.py", "lineno": 66}}
:::MLLOG {"namespace": "", "time_ms": 1778419333355, "event_type": "POINT_IN_TIME", "key": "max_sequence_length", "value": 8192, "metadata": {"file": "/opt/venv/lib/python3.12/site-packages/primus_mllog/mlperf_pre_training.py", "lineno": 66}}
:::MLLOG {"namespace": "", "time_ms": 1778419333355, "event_type": "POINT_IN_TIME", "key": "train_samples", "value": 38400000, "metadata": {"file": "/opt/venv/lib/python3.12/site-packages/primus_mllog/mlperf_pre_training.py", "lineno": 66}}
:::MLLOG {"namespace": "", "time_ms": 1778419333355, "event_type": "POINT_IN_TIME", "key": "eval_samples", "value": 1024, "metadata": {"file": "/opt/venv/lib/python3.12/site-packages/primus_mllog/mlperf_pre_training.py", "lineno": 66}}
:::MLLOG {"namespace": "", "time_ms": 1778419333355, "event_type": "POINT_IN_TIME", "key": "seed", "value": 11583, "metadata": {"file": "/opt/venv/lib/python3.12/site-packages/primus_mllog/mlperf_pre_training.py", "lineno": 66}}
:::MLLOG {"namespace": "", "time_ms": 1778419333355, "event_type": "POINT_IN_TIME", "key": "init_checkpoint_step", "value": 0, "metadata": {"file": "/opt/venv/lib/python3.12/site-packages/primus_mllog/mlperf_pre_training.py", "lineno": 66}}
:::MLLOG {"namespace": "", "time_ms": 1778419333355, "event_type": "POINT_IN_TIME", "key": "opt_name", "value": "adamw", "metadata": {"file": "/opt/venv/lib/python3.12/site-packages/primus_mllog/mlperf_pre_training.py", "lineno": 66}}
:::MLLOG {"namespace": "", "time_ms": 1778419333355, "event_type": "POINT_IN_TIME", "key": "opt_base_learning_rate", "value": 0.0008, "metadata": {"file": "/opt/venv/lib/python3.12/site-packages/primus_mllog/mlperf_pre_training.py", "lineno": 66}}
:::MLLOG {"namespace": "", "time_ms": 1778419333355, "event_type": "POINT_IN_TIME", "key": "opt_adamw_beta_1", "value": 0.9, "metadata": {"file": "/opt/venv/lib/python3.12/site-packages/primus_mllog/mlperf_pre_training.py", "lineno": 66}}
:::MLLOG {"namespace": "", "time_ms": 1778419333355, "event_type": "POINT_IN_TIME", "key": "opt_adamw_beta_2", "value": 0.95, "metadata": {"file": "/opt/venv/lib/python3.12/site-packages/primus_mllog/mlperf_pre_training.py", "lineno": 66}}
:::MLLOG {"namespace": "", "time_ms": 1778419333355, "event_type": "POINT_IN_TIME", "key": "opt_adamw_epsilon", "value": 1e-05, "metadata": {"file": "/opt/venv/lib/python3.12/site-packages/primus_mllog/mlperf_pre_training.py", "lineno": 66}}
:::MLLOG {"namespace": "", "time_ms": 1778419333355, "event_type": "POINT_IN_TIME", "key": "opt_adamw_weight_decay", "value": 0.1, "metadata": {"file": "/opt/venv/lib/python3.12/site-packages/primus_mllog/mlperf_pre_training.py", "lineno": 66}}
:::MLLOG {"namespace": "", "time_ms": 1778419333355, "event_type": "POINT_IN_TIME", "key": "opt_gradient_clip_norm", "value": 1.0, "metadata": {"file": "/opt/venv/lib/python3.12/site-packages/primus_mllog/mlperf_pre_training.py", "lineno": 66}}
:::MLLOG {"namespace": "", "time_ms": 1778419333355, "event_type": "POINT_IN_TIME", "key": "opt_end_learning_rate", "value": 8e-05, "metadata": {"file": "/opt/venv/lib/python3.12/site-packages/primus_mllog/mlperf_pre_training.py", "lineno": 66}}
:::MLLOG {"namespace": "", "time_ms": 1778419333355, "event_type": "POINT_IN_TIME", "key": "opt_learning_rate_warmup_steps", "value": 64, "metadata": {"file": "/opt/venv/lib/python3.12/site-packages/primus_mllog/mlperf_pre_training.py", "lineno": 66}}
:::MLLOG {"namespace": "", "time_ms": 1778419333355, "event_type": "POINT_IN_TIME", "key": "opt_learning_rate_decay_steps", "value": 1199936, "metadata": {"file": "/opt/venv/lib/python3.12/site-packages/primus_mllog/mlperf_pre_training.py", "lineno": 66}}
:::MLLOG {"namespace": "", "time_ms": 1778419333355, "event_type": "POINT_IN_TIME", "key": "opt_learning_rate_decay_schedule", "value": "cosine with linear warmup", "metadata": {"file": "/opt/venv/lib/python3.12/site-packages/primus_mllog/mlperf_pre_training.py", "lineno": 66}}
:::MLLOG {"namespace": "", "time_ms": 1778419333356, "event_type": "POINT_IN_TIME", "key": "max_steps", "value": 1200000, "metadata": {"file": "/opt/venv/lib/python3.12/site-packages/primus_mllog/mlperf_pre_training.py", "lineno": 66}}
:::MLLOG {"namespace": "", "time_ms": 1778419333356, "event_type": "POINT_IN_TIME", "key": "submission_benchmark", "value": "llama31_8b", "metadata": {"file": "/opt/venv/lib/python3.12/site-packages/primus_mllog/mlperf_pre_training.py", "lineno": 66}}
:::MLLOG {"namespace": "", "time_ms": 1778419333356, "event_type": "POINT_IN_TIME", "key": "submission_division", "value": "closed", "metadata": {"file": "/opt/venv/lib/python3.12/site-packages/primus_mllog/mlperf_pre_training.py", "lineno": 66}}
:::MLLOG {"namespace": "", "time_ms": 1778419333356, "event_type": "POINT_IN_TIME", "key": "submission_status", "value": "", "metadata": {"file": "/opt/venv/lib/python3.12/site-packages/primus_mllog/mlperf_pre_training.py", "lineno": 66}}
:::MLLOG {"namespace": "", "time_ms": 1778419333356, "event_type": "POINT_IN_TIME", "key": "submission_org", "value": "AMD", "metadata": {"file": "/opt/venv/lib/python3.12/site-packages/primus_mllog/mlperf_pre_training.py", "lineno": 66}}
:::MLLOG {"namespace": "", "time_ms": 1778419333356, "event_type": "POINT_IN_TIME", "key": "submission_platform", "value": "MI350X", "metadata": {"file": "/opt/venv/lib/python3.12/site-packages/primus_mllog/mlperf_pre_training.py", "lineno": 66}}
:::MLLOG {"namespace": "", "time_ms": 1778419333356, "event_type": "INTERVAL_END", "key": "init_stop", "value": null, "metadata": {"file": "/opt/venv/lib/python3.12/site-packages/primus_mllog/mlperf_pre_training.py", "lineno": 68}}
:::MLLOG {"namespace": "", "time_ms": 1778419394419, "event_type": "INTERVAL_START", "key": "run_start", "value": null, "metadata": {"file": "/opt/venv/lib/python3.12/site-packages/primus_mllog/mlperf_pre_training.py", "lineno": 193}}
:::MLLOG {"namespace": "", "time_ms": 1778419394420, "event_type": "INTERVAL_START", "key": "epoch_start", "value": null, "metadata": {"file": "/opt/venv/lib/python3.12/site-packages/primus_mllog/mlperf_pre_training.py", "lineno": 196, "samples_count": 0}}
:::MLLOG {"namespace": "", "time_ms": 1778419394420, "event_type": "INTERVAL_START", "key": "block_start", "value": null, "metadata": {"file": "/opt/venv/lib/python3.12/site-packages/primus_mllog/mlperf_pre_training.py", "lineno": 198, "samples_count": 0}}
:::MLLOG {"namespace": "", "time_ms": 1778419809270, "event_type": "INTERVAL_END", "key": "block_stop", "value": null, "metadata": {"file": "/opt/venv/lib/python3.12/site-packages/primus_mllog/mlperf_pre_training.py", "lineno": 139, "samples_count": 12288}}
:::MLLOG {"namespace": "", "time_ms": 1778419809271, "event_type": "INTERVAL_START", "key": "eval_start", "value": null, "metadata": {"file": "/opt/venv/lib/python3.12/site-packages/primus_mllog/mlperf_pre_training.py", "lineno": 141, "samples_count": 12288}}
:::MLLOG {"namespace": "", "time_ms": 1778419821525, "event_type": "POINT_IN_TIME", "key": "eval_accuracy", "value": 5.73118782043457, "metadata": {"file": "/opt/venv/lib/python3.12/site-packages/primus_mllog/mlperf_pre_training.py", "lineno": 156, "samples_count": 12288}}
:::MLLOG {"namespace": "", "time_ms": 1778419821526, "event_type": "INTERVAL_END", "key": "eval_stop", "value": null, "metadata": {"file": "/opt/venv/lib/python3.12/site-packages/primus_mllog/mlperf_pre_training.py", "lineno": 170, "samples_count": 12288}}
:::MLLOG {"namespace": "", "time_ms": 1778419821526, "event_type": "INTERVAL_START", "key": "block_start", "value": null, "metadata": {"file": "/opt/venv/lib/python3.12/site-packages/primus_mllog/mlperf_pre_training.py", "lineno": 174, "samples_count": 12288}}
:::MLLOG {"namespace": "", "time_ms": 1778420240070, "event_type": "INTERVAL_END", "key": "block_stop", "value": null, "metadata": {"file": "/opt/venv/lib/python3.12/site-packages/primus_mllog/mlperf_pre_training.py", "lineno": 139, "samples_count": 24576}}
:::MLLOG {"namespace": "", "time_ms": 1778420240071, "event_type": "INTERVAL_START", "key": "eval_start", "value": null, "metadata": {"file": "/opt/venv/lib/python3.12/site-packages/primus_mllog/mlperf_pre_training.py", "lineno": 141, "samples_count": 24576}}
:::MLLOG {"namespace": "", "time_ms": 1778420250913, "event_type": "POINT_IN_TIME", "key": "eval_accuracy", "value": 4.538127422332764, "metadata": {"file": "/opt/venv/lib/python3.12/site-packages/primus_mllog/mlperf_pre_training.py", "lineno": 156, "samples_count": 24576}}
:::MLLOG {"namespace": "", "time_ms": 1778420250914, "event_type": "INTERVAL_END", "key": "eval_stop", "value": null, "metadata": {"file": "/opt/venv/lib/python3.12/site-packages/primus_mllog/mlperf_pre_training.py", "lineno": 170, "samples_count": 24576}}
:::MLLOG {"namespace": "", "time_ms": 1778420250914, "event_type": "INTERVAL_START", "key": "block_start", "value": null, "metadata": {"file": "/opt/venv/lib/python3.12/site-packages/primus_mllog/mlperf_pre_training.py", "lineno": 174, "samples_count": 24576}}
:::MLLOG {"namespace": "", "time_ms": 1778420668487, "event_type": "INTERVAL_END", "key": "block_stop", "value": null, "metadata": {"file": "/opt/venv/lib/python3.12/site-packages/primus_mllog/mlperf_pre_training.py", "lineno": 139, "samples_count": 36864}}
:::MLLOG {"namespace": "", "time_ms": 1778420668487, "event_type": "INTERVAL_START", "key": "eval_start", "value": null, "metadata": {"file": "/opt/venv/lib/python3.12/site-packages/primus_mllog/mlperf_pre_training.py", "lineno": 141, "samples_count": 36864}}
:::MLLOG {"namespace": "", "time_ms": 1778420679372, "event_type": "POINT_IN_TIME", "key": "eval_accuracy", "value": 4.083148956298828, "metadata": {"file": "/opt/venv/lib/python3.12/site-packages/primus_mllog/mlperf_pre_training.py", "lineno": 156, "samples_count": 36864}}
:::MLLOG {"namespace": "", "time_ms": 1778420679372, "event_type": "INTERVAL_END", "key": "eval_stop", "value": null, "metadata": {"file": "/opt/venv/lib/python3.12/site-packages/primus_mllog/mlperf_pre_training.py", "lineno": 170, "samples_count": 36864}}
:::MLLOG {"namespace": "", "time_ms": 1778420679372, "event_type": "INTERVAL_START", "key": "block_start", "value": null, "metadata": {"file": "/opt/venv/lib/python3.12/site-packages/primus_mllog/mlperf_pre_training.py", "lineno": 174, "samples_count": 36864}}
:::MLLOG {"namespace": "", "time_ms": 1778421096991, "event_type": "INTERVAL_END", "key": "block_stop", "value": null, "metadata": {"file": "/opt/venv/lib/python3.12/site-packages/primus_mllog/mlperf_pre_training.py", "lineno": 139, "samples_count": 49152}}
:::MLLOG {"namespace": "", "time_ms": 1778421096992, "event_type": "INTERVAL_START", "key": "eval_start", "value": null, "metadata": {"file": "/opt/venv/lib/python3.12/site-packages/primus_mllog/mlperf_pre_training.py", "lineno": 141, "samples_count": 49152}}
:::MLLOG {"namespace": "", "time_ms": 1778421107840, "event_type": "POINT_IN_TIME", "key": "eval_accuracy", "value": 4.064377784729004, "metadata": {"file": "/opt/venv/lib/python3.12/site-packages/primus_mllog/mlperf_pre_training.py", "lineno": 156, "samples_count": 49152}}
:::MLLOG {"namespace": "", "time_ms": 1778421107841, "event_type": "INTERVAL_END", "key": "eval_stop", "value": null, "metadata": {"file": "/opt/venv/lib/python3.12/site-packages/primus_mllog/mlperf_pre_training.py", "lineno": 170, "samples_count": 49152}}
:::MLLOG {"namespace": "", "time_ms": 1778421107841, "event_type": "INTERVAL_START", "key": "block_start", "value": null, "metadata": {"file": "/opt/venv/lib/python3.12/site-packages/primus_mllog/mlperf_pre_training.py", "lineno": 174, "samples_count": 49152}}
:::MLLOG {"namespace": "", "time_ms": 1778421525910, "event_type": "INTERVAL_END", "key": "block_stop", "value": null, "metadata": {"file": "/opt/venv/lib/python3.12/site-packages/primus_mllog/mlperf_pre_training.py", "lineno": 139, "samples_count": 61440}}
:::MLLOG {"namespace": "", "time_ms": 1778421525911, "event_type": "INTERVAL_START", "key": "eval_start", "value": null, "metadata": {"file": "/opt/venv/lib/python3.12/site-packages/primus_mllog/mlperf_pre_training.py", "lineno": 141, "samples_count": 61440}}
:::MLLOG {"namespace": "", "time_ms": 1778421536743, "event_type": "POINT_IN_TIME", "key": "eval_accuracy", "value": 3.775352716445923, "metadata": {"file": "/opt/venv/lib/python3.12/site-packages/primus_mllog/mlperf_pre_training.py", "lineno": 156, "samples_count": 61440}}
:::MLLOG {"namespace": "", "time_ms": 1778421536744, "event_type": "INTERVAL_END", "key": "eval_stop", "value": null, "metadata": {"file": "/opt/venv/lib/python3.12/site-packages/primus_mllog/mlperf_pre_training.py", "lineno": 170, "samples_count": 61440}}
:::MLLOG {"namespace": "", "time_ms": 1778421536744, "event_type": "INTERVAL_START", "key": "block_start", "value": null, "metadata": {"file": "/opt/venv/lib/python3.12/site-packages/primus_mllog/mlperf_pre_training.py", "lineno": 174, "samples_count": 61440}}
:::MLLOG {"namespace": "", "time_ms": 1778421954382, "event_type": "INTERVAL_END", "key": "block_stop", "value": null, "metadata": {"file": "/opt/venv/lib/python3.12/site-packages/primus_mllog/mlperf_pre_training.py", "lineno": 139, "samples_count": 73728}}
:::MLLOG {"namespace": "", "time_ms": 1778421954383, "event_type": "INTERVAL_START", "key": "eval_start", "value": null, "metadata": {"file": "/opt/venv/lib/python3.12/site-packages/primus_mllog/mlperf_pre_training.py", "lineno": 141, "samples_count": 73728}}
:::MLLOG {"namespace": "", "time_ms": 1778421965205, "event_type": "POINT_IN_TIME", "key": "eval_accuracy", "value": 3.657344341278076, "metadata": {"file": "/opt/venv/lib/python3.12/site-packages/primus_mllog/mlperf_pre_training.py", "lineno": 156, "samples_count": 73728}}
:::MLLOG {"namespace": "", "time_ms": 1778421965205, "event_type": "INTERVAL_END", "key": "eval_stop", "value": null, "metadata": {"file": "/opt/venv/lib/python3.12/site-packages/primus_mllog/mlperf_pre_training.py", "lineno": 170, "samples_count": 73728}}
:::MLLOG {"namespace": "", "time_ms": 1778421965205, "event_type": "INTERVAL_START", "key": "block_start", "value": null, "metadata": {"file": "/opt/venv/lib/python3.12/site-packages/primus_mllog/mlperf_pre_training.py", "lineno": 174, "samples_count": 73728}}
:::MLLOG {"namespace": "", "time_ms": 1778422382179, "event_type": "INTERVAL_END", "key": "block_stop", "value": null, "metadata": {"file": "/opt/venv/lib/python3.12/site-packages/primus_mllog/mlperf_pre_training.py", "lineno": 139, "samples_count": 86016}}
:::MLLOG {"namespace": "", "time_ms": 1778422382179, "event_type": "INTERVAL_START", "key": "eval_start", "value": null, "metadata": {"file": "/opt/venv/lib/python3.12/site-packages/primus_mllog/mlperf_pre_training.py", "lineno": 141, "samples_count": 86016}}
:::MLLOG {"namespace": "", "time_ms": 1778422392995, "event_type": "POINT_IN_TIME", "key": "eval_accuracy", "value": 3.591663122177124, "metadata": {"file": "/opt/venv/lib/python3.12/site-packages/primus_mllog/mlperf_pre_training.py", "lineno": 156, "samples_count": 86016}}
:::MLLOG {"namespace": "", "time_ms": 1778422392995, "event_type": "INTERVAL_END", "key": "eval_stop", "value": null, "metadata": {"file": "/opt/venv/lib/python3.12/site-packages/primus_mllog/mlperf_pre_training.py", "lineno": 170, "samples_count": 86016}}
:::MLLOG {"namespace": "", "time_ms": 1778422392995, "event_type": "INTERVAL_START", "key": "block_start", "value": null, "metadata": {"file": "/opt/venv/lib/python3.12/site-packages/primus_mllog/mlperf_pre_training.py", "lineno": 174, "samples_count": 86016}}
:::MLLOG {"namespace": "", "time_ms": 1778422811267, "event_type": "INTERVAL_END", "key": "block_stop", "value": null, "metadata": {"file": "/opt/venv/lib/python3.12/site-packages/primus_mllog/mlperf_pre_training.py", "lineno": 139, "samples_count": 98304}}
:::MLLOG {"namespace": "", "time_ms": 1778422811267, "event_type": "INTERVAL_START", "key": "eval_start", "value": null, "metadata": {"file": "/opt/venv/lib/python3.12/site-packages/primus_mllog/mlperf_pre_training.py", "lineno": 141, "samples_count": 98304}}
:::MLLOG {"namespace": "", "time_ms": 1778422822088, "event_type": "POINT_IN_TIME", "key": "eval_accuracy", "value": 3.5223734378814697, "metadata": {"file": "/opt/venv/lib/python3.12/site-packages/primus_mllog/mlperf_pre_training.py", "lineno": 156, "samples_count": 98304}}
:::MLLOG {"namespace": "", "time_ms": 1778422822088, "event_type": "INTERVAL_END", "key": "eval_stop", "value": null, "metadata": {"file": "/opt/venv/lib/python3.12/site-packages/primus_mllog/mlperf_pre_training.py", "lineno": 170, "samples_count": 98304}}
:::MLLOG {"namespace": "", "time_ms": 1778422822088, "event_type": "INTERVAL_START", "key": "block_start", "value": null, "metadata": {"file": "/opt/venv/lib/python3.12/site-packages/primus_mllog/mlperf_pre_training.py", "lineno": 174, "samples_count": 98304}}
:::MLLOG {"namespace": "", "time_ms": 1778423238744, "event_type": "INTERVAL_END", "key": "block_stop", "value": null, "metadata": {"file": "/opt/venv/lib/python3.12/site-packages/primus_mllog/mlperf_pre_training.py", "lineno": 139, "samples_count": 110592}}
:::MLLOG {"namespace": "", "time_ms": 1778423238744, "event_type": "INTERVAL_START", "key": "eval_start", "value": null, "metadata": {"file": "/opt/venv/lib/python3.12/site-packages/primus_mllog/mlperf_pre_training.py", "lineno": 141, "samples_count": 110592}}
:::MLLOG {"namespace": "", "time_ms": 1778423249536, "event_type": "POINT_IN_TIME", "key": "eval_accuracy", "value": 3.475916862487793, "metadata": {"file": "/opt/venv/lib/python3.12/site-packages/primus_mllog/mlperf_pre_training.py", "lineno": 156, "samples_count": 110592}}
:::MLLOG {"namespace": "", "time_ms": 1778423249536, "event_type": "INTERVAL_END", "key": "eval_stop", "value": null, "metadata": {"file": "/opt/venv/lib/python3.12/site-packages/primus_mllog/mlperf_pre_training.py", "lineno": 170, "samples_count": 110592}}
:::MLLOG {"namespace": "", "time_ms": 1778423249536, "event_type": "INTERVAL_START", "key": "block_start", "value": null, "metadata": {"file": "/opt/venv/lib/python3.12/site-packages/primus_mllog/mlperf_pre_training.py", "lineno": 174, "samples_count": 110592}}
:::MLLOG {"namespace": "", "time_ms": 1778423667567, "event_type": "INTERVAL_END", "key": "block_stop", "value": null, "metadata": {"file": "/opt/venv/lib/python3.12/site-packages/primus_mllog/mlperf_pre_training.py", "lineno": 139, "samples_count": 122880}}
:::MLLOG {"namespace": "", "time_ms": 1778423667568, "event_type": "INTERVAL_START", "key": "eval_start", "value": null, "metadata": {"file": "/opt/venv/lib/python3.12/site-packages/primus_mllog/mlperf_pre_training.py", "lineno": 141, "samples_count": 122880}}
:::MLLOG {"namespace": "", "time_ms": 1778423678355, "event_type": "POINT_IN_TIME", "key": "eval_accuracy", "value": 3.4336962699890137, "metadata": {"file": "/opt/venv/lib/python3.12/site-packages/primus_mllog/mlperf_pre_training.py", "lineno": 156, "samples_count": 122880}}
:::MLLOG {"namespace": "", "time_ms": 1778423678356, "event_type": "INTERVAL_END", "key": "eval_stop", "value": null, "metadata": {"file": "/opt/venv/lib/python3.12/site-packages/primus_mllog/mlperf_pre_training.py", "lineno": 170, "samples_count": 122880}}
:::MLLOG {"namespace": "", "time_ms": 1778423678356, "event_type": "INTERVAL_START", "key": "block_start", "value": null, "metadata": {"file": "/opt/venv/lib/python3.12/site-packages/primus_mllog/mlperf_pre_training.py", "lineno": 174, "samples_count": 122880}}
:::MLLOG {"namespace": "", "time_ms": 1778424095467, "event_type": "INTERVAL_END", "key": "block_stop", "value": null, "metadata": {"file": "/opt/venv/lib/python3.12/site-packages/primus_mllog/mlperf_pre_training.py", "lineno": 139, "samples_count": 135168}}
:::MLLOG {"namespace": "", "time_ms": 1778424095468, "event_type": "INTERVAL_START", "key": "eval_start", "value": null, "metadata": {"file": "/opt/venv/lib/python3.12/site-packages/primus_mllog/mlperf_pre_training.py", "lineno": 141, "samples_count": 135168}}
:::MLLOG {"namespace": "", "time_ms": 1778424106271, "event_type": "POINT_IN_TIME", "key": "eval_accuracy", "value": 3.3976938724517822, "metadata": {"file": "/opt/venv/lib/python3.12/site-packages/primus_mllog/mlperf_pre_training.py", "lineno": 156, "samples_count": 135168}}
:::MLLOG {"namespace": "", "time_ms": 1778424106271, "event_type": "INTERVAL_END", "key": "eval_stop", "value": null, "metadata": {"file": "/opt/venv/lib/python3.12/site-packages/primus_mllog/mlperf_pre_training.py", "lineno": 170, "samples_count": 135168}}
:::MLLOG {"namespace": "", "time_ms": 1778424106272, "event_type": "INTERVAL_START", "key": "block_start", "value": null, "metadata": {"file": "/opt/venv/lib/python3.12/site-packages/primus_mllog/mlperf_pre_training.py", "lineno": 174, "samples_count": 135168}}
:::MLLOG {"namespace": "", "time_ms": 1778424524559, "event_type": "INTERVAL_END", "key": "block_stop", "value": null, "metadata": {"file": "/opt/venv/lib/python3.12/site-packages/primus_mllog/mlperf_pre_training.py", "lineno": 139, "samples_count": 147456}}
:::MLLOG {"namespace": "", "time_ms": 1778424524560, "event_type": "INTERVAL_START", "key": "eval_start", "value": null, "metadata": {"file": "/opt/venv/lib/python3.12/site-packages/primus_mllog/mlperf_pre_training.py", "lineno": 141, "samples_count": 147456}}
:::MLLOG {"namespace": "", "time_ms": 1778424535363, "event_type": "POINT_IN_TIME", "key": "eval_accuracy", "value": 3.365938901901245, "metadata": {"file": "/opt/venv/lib/python3.12/site-packages/primus_mllog/mlperf_pre_training.py", "lineno": 156, "samples_count": 147456}}
:::MLLOG {"namespace": "", "time_ms": 1778424535363, "event_type": "INTERVAL_END", "key": "eval_stop", "value": null, "metadata": {"file": "/opt/venv/lib/python3.12/site-packages/primus_mllog/mlperf_pre_training.py", "lineno": 170, "samples_count": 147456}}
:::MLLOG {"namespace": "", "time_ms": 1778424535363, "event_type": "INTERVAL_START", "key": "block_start", "value": null, "metadata": {"file": "/opt/venv/lib/python3.12/site-packages/primus_mllog/mlperf_pre_training.py", "lineno": 174, "samples_count": 147456}}
:::MLLOG {"namespace": "", "time_ms": 1778424952649, "event_type": "INTERVAL_END", "key": "block_stop", "value": null, "metadata": {"file": "/opt/venv/lib/python3.12/site-packages/primus_mllog/mlperf_pre_training.py", "lineno": 139, "samples_count": 159744}}
:::MLLOG {"namespace": "", "time_ms": 1778424952650, "event_type": "INTERVAL_START", "key": "eval_start", "value": null, "metadata": {"file": "/opt/venv/lib/python3.12/site-packages/primus_mllog/mlperf_pre_training.py", "lineno": 141, "samples_count": 159744}}
:::MLLOG {"namespace": "", "time_ms": 1778424963431, "event_type": "POINT_IN_TIME", "key": "eval_accuracy", "value": 3.3407137393951416, "metadata": {"file": "/opt/venv/lib/python3.12/site-packages/primus_mllog/mlperf_pre_training.py", "lineno": 156, "samples_count": 159744}}
:::MLLOG {"namespace": "", "time_ms": 1778424963431, "event_type": "INTERVAL_END", "key": "eval_stop", "value": null, "metadata": {"file": "/opt/venv/lib/python3.12/site-packages/primus_mllog/mlperf_pre_training.py", "lineno": 170, "samples_count": 159744}}
:::MLLOG {"namespace": "", "time_ms": 1778424963431, "event_type": "INTERVAL_START", "key": "block_start", "value": null, "metadata": {"file": "/opt/venv/lib/python3.12/site-packages/primus_mllog/mlperf_pre_training.py", "lineno": 174, "samples_count": 159744}}
:::MLLOG {"namespace": "", "time_ms": 1778425380809, "event_type": "INTERVAL_END", "key": "block_stop", "value": null, "metadata": {"file": "/opt/venv/lib/python3.12/site-packages/primus_mllog/mlperf_pre_training.py", "lineno": 139, "samples_count": 172032}}
:::MLLOG {"namespace": "", "time_ms": 1778425380810, "event_type": "INTERVAL_START", "key": "eval_start", "value": null, "metadata": {"file": "/opt/venv/lib/python3.12/site-packages/primus_mllog/mlperf_pre_training.py", "lineno": 141, "samples_count": 172032}}
:::MLLOG {"namespace": "", "time_ms": 1778425391618, "event_type": "POINT_IN_TIME", "key": "eval_accuracy", "value": 3.3134803771972656, "metadata": {"file": "/opt/venv/lib/python3.12/site-packages/primus_mllog/mlperf_pre_training.py", "lineno": 156, "samples_count": 172032}}
:::MLLOG {"namespace": "", "time_ms": 1778425391618, "event_type": "INTERVAL_END", "key": "eval_stop", "value": null, "metadata": {"file": "/opt/venv/lib/python3.12/site-packages/primus_mllog/mlperf_pre_training.py", "lineno": 170, "samples_count": 172032}}
:::MLLOG {"namespace": "", "time_ms": 1778425391618, "event_type": "INTERVAL_START", "key": "block_start", "value": null, "metadata": {"file": "/opt/venv/lib/python3.12/site-packages/primus_mllog/mlperf_pre_training.py", "lineno": 174, "samples_count": 172032}}
:::MLLOG {"namespace": "", "time_ms": 1778425808241, "event_type": "INTERVAL_END", "key": "block_stop", "value": null, "metadata": {"file": "/opt/venv/lib/python3.12/site-packages/primus_mllog/mlperf_pre_training.py", "lineno": 139, "samples_count": 184320}}
:::MLLOG {"namespace": "", "time_ms": 1778425808241, "event_type": "INTERVAL_START", "key": "eval_start", "value": null, "metadata": {"file": "/opt/venv/lib/python3.12/site-packages/primus_mllog/mlperf_pre_training.py", "lineno": 141, "samples_count": 184320}}
:::MLLOG {"namespace": "", "time_ms": 1778425819035, "event_type": "POINT_IN_TIME", "key": "eval_accuracy", "value": 3.2883200645446777, "metadata": {"file": "/opt/venv/lib/python3.12/site-packages/primus_mllog/mlperf_pre_training.py", "lineno": 156, "samples_count": 184320}}
:::MLLOG {"namespace": "", "time_ms": 1778425819036, "event_type": "INTERVAL_END", "key": "eval_stop", "value": null, "metadata": {"file": "/opt/venv/lib/python3.12/site-packages/primus_mllog/mlperf_pre_training.py", "lineno": 170, "samples_count": 184320}}
:::MLLOG {"namespace": "", "time_ms": 1778425819042, "event_type": "INTERVAL_END", "key": "epoch_stop", "value": null, "metadata": {"file": "/opt/venv/lib/python3.12/site-packages/primus_mllog/mlperf_pre_training.py", "lineno": 220, "samples_count": 184320}}
:::MLLOG {"namespace": "", "time_ms": 1778425819042, "event_type": "INTERVAL_END", "key": "run_stop", "value": null, "metadata": {"file": "/opt/venv/lib/python3.12/site-packages/primus_mllog/mlperf_pre_training.py", "lineno": 224, "samples_count": 184320, "status": "success"}}
:::MLLOG {"namespace": "", "time_ms": 1778425836303, "event_type": "POINT_IN_TIME", "key": "run_duration", "value": "6424.62s -> 107.08 minutes", "metadata": {"file": "/opt/venv/lib/python3.12/site-packages/primus_mllog/mlperf_pre_training.py", "lineno": 87, "samples": 184320}}
:::MLLOG {"namespace": "", "time_ms": 1778425836303, "event_type": "POINT_IN_TIME", "key": "overall_throughput", "value": 28.69, "metadata": {"file": "/opt/venv/lib/python3.12/site-packages/primus_mllog/mlperf_pre_training.py", "lineno": 92, "samples": 184320}}
:::MLLOG {"namespace": "", "time_ms": 1778425918119, "event_type": "POINT_IN_TIME", "key": "global_batch_size", "value": 32, "metadata": {"file": "/opt/venv/lib/python3.12/site-packages/primus_mllog/mlperf_pre_training.py", "lineno": 66}}
:::MLLOG {"namespace": "", "time_ms": 1778425918120, "event_type": "POINT_IN_TIME", "key": "gradient_accumulation_steps", "value": 2, "metadata": {"file": "/opt/venv/lib/python3.12/site-packages/primus_mllog/mlperf_pre_training.py", "lineno": 66}}
:::MLLOG {"namespace": "", "time_ms": 1778425918120, "event_type": "POINT_IN_TIME", "key": "max_sequence_length", "value": 8192, "metadata": {"file": "/opt/venv/lib/python3.12/site-packages/primus_mllog/mlperf_pre_training.py", "lineno": 66}}
:::MLLOG {"namespace": "", "time_ms": 1778425918120, "event_type": "POINT_IN_TIME", "key": "train_samples", "value": 38400000, "metadata": {"file": "/opt/venv/lib/python3.12/site-packages/primus_mllog/mlperf_pre_training.py", "lineno": 66}}
:::MLLOG {"namespace": "", "time_ms": 1778425918120, "event_type": "POINT_IN_TIME", "key": "eval_samples", "value": 1024, "metadata": {"file": "/opt/venv/lib/python3.12/site-packages/primus_mllog/mlperf_pre_training.py", "lineno": 66}}
:::MLLOG {"namespace": "", "time_ms": 1778425918120, "event_type": "POINT_IN_TIME", "key": "seed", "value": 30238, "metadata": {"file": "/opt/venv/lib/python3.12/site-packages/primus_mllog/mlperf_pre_training.py", "lineno": 66}}
:::MLLOG {"namespace": "", "time_ms": 1778425918120, "event_type": "POINT_IN_TIME", "key": "init_checkpoint_step", "value": 0, "metadata": {"file": "/opt/venv/lib/python3.12/site-packages/primus_mllog/mlperf_pre_training.py", "lineno": 66}}
:::MLLOG {"namespace": "", "time_ms": 1778425918120, "event_type": "POINT_IN_TIME", "key": "opt_name", "value": "adamw", "metadata": {"file": "/opt/venv/lib/python3.12/site-packages/primus_mllog/mlperf_pre_training.py", "lineno": 66}}
:::MLLOG {"namespace": "", "time_ms": 1778425918120, "event_type": "POINT_IN_TIME", "key": "opt_base_learning_rate", "value": 0.0008, "metadata": {"file": "/opt/venv/lib/python3.12/site-packages/primus_mllog/mlperf_pre_training.py", "lineno": 66}}
:::MLLOG {"namespace": "", "time_ms": 1778425918120, "event_type": "POINT_IN_TIME", "key": "opt_adamw_beta_1", "value": 0.9, "metadata": {"file": "/opt/venv/lib/python3.12/site-packages/primus_mllog/mlperf_pre_training.py", "lineno": 66}}
:::MLLOG {"namespace": "", "time_ms": 1778425918120, "event_type": "POINT_IN_TIME", "key": "opt_adamw_beta_2", "value": 0.95, "metadata": {"file": "/opt/venv/lib/python3.12/site-packages/primus_mllog/mlperf_pre_training.py", "lineno": 66}}
:::MLLOG {"namespace": "", "time_ms": 1778425918120, "event_type": "POINT_IN_TIME", "key": "opt_adamw_epsilon", "value": 1e-05, "metadata": {"file": "/opt/venv/lib/python3.12/site-packages/primus_mllog/mlperf_pre_training.py", "lineno": 66}}
:::MLLOG {"namespace": "", "time_ms": 1778425918120, "event_type": "POINT_IN_TIME", "key": "opt_adamw_weight_decay", "value": 0.1, "metadata": {"file": "/opt/venv/lib/python3.12/site-packages/primus_mllog/mlperf_pre_training.py", "lineno": 66}}
:::MLLOG {"namespace": "", "time_ms": 1778425918120, "event_type": "POINT_IN_TIME", "key": "opt_gradient_clip_norm", "value": 1.0, "metadata": {"file": "/opt/venv/lib/python3.12/site-packages/primus_mllog/mlperf_pre_training.py", "lineno": 66}}
:::MLLOG {"namespace": "", "time_ms": 1778425918120, "event_type": "POINT_IN_TIME", "key": "opt_end_learning_rate", "value": 8e-05, "metadata": {"file": "/opt/venv/lib/python3.12/site-packages/primus_mllog/mlperf_pre_training.py", "lineno": 66}}
:::MLLOG {"namespace": "", "time_ms": 1778425918120, "event_type": "POINT_IN_TIME", "key": "opt_learning_rate_warmup_steps", "value": 64, "metadata": {"file": "/opt/venv/lib/python3.12/site-packages/primus_mllog/mlperf_pre_training.py", "lineno": 66}}
:::MLLOG {"namespace": "", "time_ms": 1778425918120, "event_type": "POINT_IN_TIME", "key": "opt_learning_rate_decay_steps", "value": 1199936, "metadata": {"file": "/opt/venv/lib/python3.12/site-packages/primus_mllog/mlperf_pre_training.py", "lineno": 66}}
:::MLLOG {"namespace": "", "time_ms": 1778425918120, "event_type": "POINT_IN_TIME", "key": "opt_learning_rate_decay_schedule", "value": "cosine with linear warmup", "metadata": {"file": "/opt/venv/lib/python3.12/site-packages/primus_mllog/mlperf_pre_training.py", "lineno": 66}}
:::MLLOG {"namespace": "", "time_ms": 1778425918120, "event_type": "POINT_IN_TIME", "key": "max_steps", "value": 1200000, "metadata": {"file": "/opt/venv/lib/python3.12/site-packages/primus_mllog/mlperf_pre_training.py", "lineno": 66}}
:::MLLOG {"namespace": "", "time_ms": 1778425918120, "event_type": "POINT_IN_TIME", "key": "submission_benchmark", "value": "llama31_8b", "metadata": {"file": "/opt/venv/lib/python3.12/site-packages/primus_mllog/mlperf_pre_training.py", "lineno": 66}}
:::MLLOG {"namespace": "", "time_ms": 1778425918120, "event_type": "POINT_IN_TIME", "key": "submission_division", "value": "closed", "metadata": {"file": "/opt/venv/lib/python3.12/site-packages/primus_mllog/mlperf_pre_training.py", "lineno": 66}}
:::MLLOG {"namespace": "", "time_ms": 1778425918120, "event_type": "POINT_IN_TIME", "key": "submission_status", "value": "", "metadata": {"file": "/opt/venv/lib/python3.12/site-packages/primus_mllog/mlperf_pre_training.py", "lineno": 66}}
:::MLLOG {"namespace": "", "time_ms": 1778425918120, "event_type": "POINT_IN_TIME", "key": "submission_org", "value": "AMD", "metadata": {"file": "/opt/venv/lib/python3.12/site-packages/primus_mllog/mlperf_pre_training.py", "lineno": 66}}
:::MLLOG {"namespace": "", "time_ms": 1778425918120, "event_type": "POINT_IN_TIME", "key": "submission_platform", "value": "MI350X", "metadata": {"file": "/opt/venv/lib/python3.12/site-packages/primus_mllog/mlperf_pre_training.py", "lineno": 66}}
:::MLLOG {"namespace": "", "time_ms": 1778425918120, "event_type": "INTERVAL_END", "key": "init_stop", "value": null, "metadata": {"file": "/opt/venv/lib/python3.12/site-packages/primus_mllog/mlperf_pre_training.py", "lineno": 68}}
:::MLLOG {"namespace": "", "time_ms": 1778425974578, "event_type": "INTERVAL_START", "key": "run_start", "value": null, "metadata": {"file": "/opt/venv/lib/python3.12/site-packages/primus_mllog/mlperf_pre_training.py", "lineno": 193}}
:::MLLOG {"namespace": "", "time_ms": 1778425974578, "event_type": "INTERVAL_START", "key": "epoch_start", "value": null, "metadata": {"file": "/opt/venv/lib/python3.12/site-packages/primus_mllog/mlperf_pre_training.py", "lineno": 196, "samples_count": 0}}
:::MLLOG {"namespace": "", "time_ms": 1778425974578, "event_type": "INTERVAL_START", "key": "block_start", "value": null, "metadata": {"file": "/opt/venv/lib/python3.12/site-packages/primus_mllog/mlperf_pre_training.py", "lineno": 198, "samples_count": 0}}
:::MLLOG {"namespace": "", "time_ms": 1778426389103, "event_type": "INTERVAL_END", "key": "block_stop", "value": null, "metadata": {"file": "/opt/venv/lib/python3.12/site-packages/primus_mllog/mlperf_pre_training.py", "lineno": 139, "samples_count": 12288}}
:::MLLOG {"namespace": "", "time_ms": 1778426389104, "event_type": "INTERVAL_START", "key": "eval_start", "value": null, "metadata": {"file": "/opt/venv/lib/python3.12/site-packages/primus_mllog/mlperf_pre_training.py", "lineno": 141, "samples_count": 12288}}
:::MLLOG {"namespace": "", "time_ms": 1778426401257, "event_type": "POINT_IN_TIME", "key": "eval_accuracy", "value": 5.8244733810424805, "metadata": {"file": "/opt/venv/lib/python3.12/site-packages/primus_mllog/mlperf_pre_training.py", "lineno": 156, "samples_count": 12288}}
:::MLLOG {"namespace": "", "time_ms": 1778426401257, "event_type": "INTERVAL_END", "key": "eval_stop", "value": null, "metadata": {"file": "/opt/venv/lib/python3.12/site-packages/primus_mllog/mlperf_pre_training.py", "lineno": 170, "samples_count": 12288}}
:::MLLOG {"namespace": "", "time_ms": 1778426401257, "event_type": "INTERVAL_START", "key": "block_start", "value": null, "metadata": {"file": "/opt/venv/lib/python3.12/site-packages/primus_mllog/mlperf_pre_training.py", "lineno": 174, "samples_count": 12288}}
:::MLLOG {"namespace": "", "time_ms": 1778426817562, "event_type": "INTERVAL_END", "key": "block_stop", "value": null, "metadata": {"file": "/opt/venv/lib/python3.12/site-packages/primus_mllog/mlperf_pre_training.py", "lineno": 139, "samples_count": 24576}}
:::MLLOG {"namespace": "", "time_ms": 1778426817563, "event_type": "INTERVAL_START", "key": "eval_start", "value": null, "metadata": {"file": "/opt/venv/lib/python3.12/site-packages/primus_mllog/mlperf_pre_training.py", "lineno": 141, "samples_count": 24576}}
:::MLLOG {"namespace": "", "time_ms": 1778426828398, "event_type": "POINT_IN_TIME", "key": "eval_accuracy", "value": 4.555470943450928, "metadata": {"file": "/opt/venv/lib/python3.12/site-packages/primus_mllog/mlperf_pre_training.py", "lineno": 156, "samples_count": 24576}}
:::MLLOG {"namespace": "", "time_ms": 1778426828398, "event_type": "INTERVAL_END", "key": "eval_stop", "value": null, "metadata": {"file": "/opt/venv/lib/python3.12/site-packages/primus_mllog/mlperf_pre_training.py", "lineno": 170, "samples_count": 24576}}
:::MLLOG {"namespace": "", "time_ms": 1778426828398, "event_type": "INTERVAL_START", "key": "block_start", "value": null, "metadata": {"file": "/opt/venv/lib/python3.12/site-packages/primus_mllog/mlperf_pre_training.py", "lineno": 174, "samples_count": 24576}}
:::MLLOG {"namespace": "", "time_ms": 1778427245602, "event_type": "INTERVAL_END", "key": "block_stop", "value": null, "metadata": {"file": "/opt/venv/lib/python3.12/site-packages/primus_mllog/mlperf_pre_training.py", "lineno": 139, "samples_count": 36864}}
:::MLLOG {"namespace": "", "time_ms": 1778427245602, "event_type": "INTERVAL_START", "key": "eval_start", "value": null, "metadata": {"file": "/opt/venv/lib/python3.12/site-packages/primus_mllog/mlperf_pre_training.py", "lineno": 141, "samples_count": 36864}}
:::MLLOG {"namespace": "", "time_ms": 1778427256403, "event_type": "POINT_IN_TIME", "key": "eval_accuracy", "value": 4.11284065246582, "metadata": {"file": "/opt/venv/lib/python3.12/site-packages/primus_mllog/mlperf_pre_training.py", "lineno": 156, "samples_count": 36864}}
:::MLLOG {"namespace": "", "time_ms": 1778427256403, "event_type": "INTERVAL_END", "key": "eval_stop", "value": null, "metadata": {"file": "/opt/venv/lib/python3.12/site-packages/primus_mllog/mlperf_pre_training.py", "lineno": 170, "samples_count": 36864}}
:::MLLOG {"namespace": "", "time_ms": 1778427256403, "event_type": "INTERVAL_START", "key": "block_start", "value": null, "metadata": {"file": "/opt/venv/lib/python3.12/site-packages/primus_mllog/mlperf_pre_training.py", "lineno": 174, "samples_count": 36864}}
:::MLLOG {"namespace": "", "time_ms": 1778427674978, "event_type": "INTERVAL_END", "key": "block_stop", "value": null, "metadata": {"file": "/opt/venv/lib/python3.12/site-packages/primus_mllog/mlperf_pre_training.py", "lineno": 139, "samples_count": 49152}}
:::MLLOG {"namespace": "", "time_ms": 1778427674978, "event_type": "INTERVAL_START", "key": "eval_start", "value": null, "metadata": {"file": "/opt/venv/lib/python3.12/site-packages/primus_mllog/mlperf_pre_training.py", "lineno": 141, "samples_count": 49152}}
:::MLLOG {"namespace": "", "time_ms": 1778427685850, "event_type": "POINT_IN_TIME", "key": "eval_accuracy", "value": 3.902862310409546, "metadata": {"file": "/opt/venv/lib/python3.12/site-packages/primus_mllog/mlperf_pre_training.py", "lineno": 156, "samples_count": 49152}}
:::MLLOG {"namespace": "", "time_ms": 1778427685850, "event_type": "INTERVAL_END", "key": "eval_stop", "value": null, "metadata": {"file": "/opt/venv/lib/python3.12/site-packages/primus_mllog/mlperf_pre_training.py", "lineno": 170, "samples_count": 49152}}
:::MLLOG {"namespace": "", "time_ms": 1778427685850, "event_type": "INTERVAL_START", "key": "block_start", "value": null, "metadata": {"file": "/opt/venv/lib/python3.12/site-packages/primus_mllog/mlperf_pre_training.py", "lineno": 174, "samples_count": 49152}}
:::MLLOG {"namespace": "", "time_ms": 1778428103305, "event_type": "INTERVAL_END", "key": "block_stop", "value": null, "metadata": {"file": "/opt/venv/lib/python3.12/site-packages/primus_mllog/mlperf_pre_training.py", "lineno": 139, "samples_count": 61440}}
:::MLLOG {"namespace": "", "time_ms": 1778428103305, "event_type": "INTERVAL_START", "key": "eval_start", "value": null, "metadata": {"file": "/opt/venv/lib/python3.12/site-packages/primus_mllog/mlperf_pre_training.py", "lineno": 141, "samples_count": 61440}}
:::MLLOG {"namespace": "", "time_ms": 1778428114155, "event_type": "POINT_IN_TIME", "key": "eval_accuracy", "value": 3.767427444458008, "metadata": {"file": "/opt/venv/lib/python3.12/site-packages/primus_mllog/mlperf_pre_training.py", "lineno": 156, "samples_count": 61440}}
:::MLLOG {"namespace": "", "time_ms": 1778428114155, "event_type": "INTERVAL_END", "key": "eval_stop", "value": null, "metadata": {"file": "/opt/venv/lib/python3.12/site-packages/primus_mllog/mlperf_pre_training.py", "lineno": 170, "samples_count": 61440}}
:::MLLOG {"namespace": "", "time_ms": 1778428114155, "event_type": "INTERVAL_START", "key": "block_start", "value": null, "metadata": {"file": "/opt/venv/lib/python3.12/site-packages/primus_mllog/mlperf_pre_training.py", "lineno": 174, "samples_count": 61440}}
:::MLLOG {"namespace": "", "time_ms": 1778428532201, "event_type": "INTERVAL_END", "key": "block_stop", "value": null, "metadata": {"file": "/opt/venv/lib/python3.12/site-packages/primus_mllog/mlperf_pre_training.py", "lineno": 139, "samples_count": 73728}}
:::MLLOG {"namespace": "", "time_ms": 1778428532202, "event_type": "INTERVAL_START", "key": "eval_start", "value": null, "metadata": {"file": "/opt/venv/lib/python3.12/site-packages/primus_mllog/mlperf_pre_training.py", "lineno": 141, "samples_count": 73728}}
:::MLLOG {"namespace": "", "time_ms": 1778428543031, "event_type": "POINT_IN_TIME", "key": "eval_accuracy", "value": 3.6610565185546875, "metadata": {"file": "/opt/venv/lib/python3.12/site-packages/primus_mllog/mlperf_pre_training.py", "lineno": 156, "samples_count": 73728}}
:::MLLOG {"namespace": "", "time_ms": 1778428543031, "event_type": "INTERVAL_END", "key": "eval_stop", "value": null, "metadata": {"file": "/opt/venv/lib/python3.12/site-packages/primus_mllog/mlperf_pre_training.py", "lineno": 170, "samples_count": 73728}}
:::MLLOG {"namespace": "", "time_ms": 1778428543031, "event_type": "INTERVAL_START", "key": "block_start", "value": null, "metadata": {"file": "/opt/venv/lib/python3.12/site-packages/primus_mllog/mlperf_pre_training.py", "lineno": 174, "samples_count": 73728}}
:::MLLOG {"namespace": "", "time_ms": 1778428960837, "event_type": "INTERVAL_END", "key": "block_stop", "value": null, "metadata": {"file": "/opt/venv/lib/python3.12/site-packages/primus_mllog/mlperf_pre_training.py", "lineno": 139, "samples_count": 86016}}
:::MLLOG {"namespace": "", "time_ms": 1778428960838, "event_type": "INTERVAL_START", "key": "eval_start", "value": null, "metadata": {"file": "/opt/venv/lib/python3.12/site-packages/primus_mllog/mlperf_pre_training.py", "lineno": 141, "samples_count": 86016}}
:::MLLOG {"namespace": "", "time_ms": 1778428971648, "event_type": "POINT_IN_TIME", "key": "eval_accuracy", "value": 3.5872180461883545, "metadata": {"file": "/opt/venv/lib/python3.12/site-packages/primus_mllog/mlperf_pre_training.py", "lineno": 156, "samples_count": 86016}}
:::MLLOG {"namespace": "", "time_ms": 1778428971649, "event_type": "INTERVAL_END", "key": "eval_stop", "value": null, "metadata": {"file": "/opt/venv/lib/python3.12/site-packages/primus_mllog/mlperf_pre_training.py", "lineno": 170, "samples_count": 86016}}
:::MLLOG {"namespace": "", "time_ms": 1778428971649, "event_type": "INTERVAL_START", "key": "block_start", "value": null, "metadata": {"file": "/opt/venv/lib/python3.12/site-packages/primus_mllog/mlperf_pre_training.py", "lineno": 174, "samples_count": 86016}}
:::MLLOG {"namespace": "", "time_ms": 1778429388664, "event_type": "INTERVAL_END", "key": "block_stop", "value": null, "metadata": {"file": "/opt/venv/lib/python3.12/site-packages/primus_mllog/mlperf_pre_training.py", "lineno": 139, "samples_count": 98304}}
:::MLLOG {"namespace": "", "time_ms": 1778429388665, "event_type": "INTERVAL_START", "key": "eval_start", "value": null, "metadata": {"file": "/opt/venv/lib/python3.12/site-packages/primus_mllog/mlperf_pre_training.py", "lineno": 141, "samples_count": 98304}}
:::MLLOG {"namespace": "", "time_ms": 1778429399510, "event_type": "POINT_IN_TIME", "key": "eval_accuracy", "value": 3.5251712799072266, "metadata": {"file": "/opt/venv/lib/python3.12/site-packages/primus_mllog/mlperf_pre_training.py", "lineno": 156, "samples_count": 98304}}
:::MLLOG {"namespace": "", "time_ms": 1778429399510, "event_type": "INTERVAL_END", "key": "eval_stop", "value": null, "metadata": {"file": "/opt/venv/lib/python3.12/site-packages/primus_mllog/mlperf_pre_training.py", "lineno": 170, "samples_count": 98304}}
:::MLLOG {"namespace": "", "time_ms": 1778429399510, "event_type": "INTERVAL_START", "key": "block_start", "value": null, "metadata": {"file": "/opt/venv/lib/python3.12/site-packages/primus_mllog/mlperf_pre_training.py", "lineno": 174, "samples_count": 98304}}
:::MLLOG {"namespace": "", "time_ms": 1778429817120, "event_type": "INTERVAL_END", "key": "block_stop", "value": null, "metadata": {"file": "/opt/venv/lib/python3.12/site-packages/primus_mllog/mlperf_pre_training.py", "lineno": 139, "samples_count": 110592}}
:::MLLOG {"namespace": "", "time_ms": 1778429817121, "event_type": "INTERVAL_START", "key": "eval_start", "value": null, "metadata": {"file": "/opt/venv/lib/python3.12/site-packages/primus_mllog/mlperf_pre_training.py", "lineno": 141, "samples_count": 110592}}
:::MLLOG {"namespace": "", "time_ms": 1778429827941, "event_type": "POINT_IN_TIME", "key": "eval_accuracy", "value": 3.4766671657562256, "metadata": {"file": "/opt/venv/lib/python3.12/site-packages/primus_mllog/mlperf_pre_training.py", "lineno": 156, "samples_count": 110592}}
:::MLLOG {"namespace": "", "time_ms": 1778429827941, "event_type": "INTERVAL_END", "key": "eval_stop", "value": null, "metadata": {"file": "/opt/venv/lib/python3.12/site-packages/primus_mllog/mlperf_pre_training.py", "lineno": 170, "samples_count": 110592}}
:::MLLOG {"namespace": "", "time_ms": 1778429827941, "event_type": "INTERVAL_START", "key": "block_start", "value": null, "metadata": {"file": "/opt/venv/lib/python3.12/site-packages/primus_mllog/mlperf_pre_training.py", "lineno": 174, "samples_count": 110592}}
:::MLLOG {"namespace": "", "time_ms": 1778430245077, "event_type": "INTERVAL_END", "key": "block_stop", "value": null, "metadata": {"file": "/opt/venv/lib/python3.12/site-packages/primus_mllog/mlperf_pre_training.py", "lineno": 139, "samples_count": 122880}}
:::MLLOG {"namespace": "", "time_ms": 1778430245077, "event_type": "INTERVAL_START", "key": "eval_start", "value": null, "metadata": {"file": "/opt/venv/lib/python3.12/site-packages/primus_mllog/mlperf_pre_training.py", "lineno": 141, "samples_count": 122880}}
:::MLLOG {"namespace": "", "time_ms": 1778430255897, "event_type": "POINT_IN_TIME", "key": "eval_accuracy", "value": 3.4323208332061768, "metadata": {"file": "/opt/venv/lib/python3.12/site-packages/primus_mllog/mlperf_pre_training.py", "lineno": 156, "samples_count": 122880}}
:::MLLOG {"namespace": "", "time_ms": 1778430255897, "event_type": "INTERVAL_END", "key": "eval_stop", "value": null, "metadata": {"file": "/opt/venv/lib/python3.12/site-packages/primus_mllog/mlperf_pre_training.py", "lineno": 170, "samples_count": 122880}}
:::MLLOG {"namespace": "", "time_ms": 1778430255897, "event_type": "INTERVAL_START", "key": "block_start", "value": null, "metadata": {"file": "/opt/venv/lib/python3.12/site-packages/primus_mllog/mlperf_pre_training.py", "lineno": 174, "samples_count": 122880}}
:::MLLOG {"namespace": "", "time_ms": 1778430673235, "event_type": "INTERVAL_END", "key": "block_stop", "value": null, "metadata": {"file": "/opt/venv/lib/python3.12/site-packages/primus_mllog/mlperf_pre_training.py", "lineno": 139, "samples_count": 135168}}
:::MLLOG {"namespace": "", "time_ms": 1778430673235, "event_type": "INTERVAL_START", "key": "eval_start", "value": null, "metadata": {"file": "/opt/venv/lib/python3.12/site-packages/primus_mllog/mlperf_pre_training.py", "lineno": 141, "samples_count": 135168}}
:::MLLOG {"namespace": "", "time_ms": 1778430684035, "event_type": "POINT_IN_TIME", "key": "eval_accuracy", "value": 3.392481803894043, "metadata": {"file": "/opt/venv/lib/python3.12/site-packages/primus_mllog/mlperf_pre_training.py", "lineno": 156, "samples_count": 135168}}
:::MLLOG {"namespace": "", "time_ms": 1778430684036, "event_type": "INTERVAL_END", "key": "eval_stop", "value": null, "metadata": {"file": "/opt/venv/lib/python3.12/site-packages/primus_mllog/mlperf_pre_training.py", "lineno": 170, "samples_count": 135168}}
:::MLLOG {"namespace": "", "time_ms": 1778430684036, "event_type": "INTERVAL_START", "key": "block_start", "value": null, "metadata": {"file": "/opt/venv/lib/python3.12/site-packages/primus_mllog/mlperf_pre_training.py", "lineno": 174, "samples_count": 135168}}
:::MLLOG {"namespace": "", "time_ms": 1778431101221, "event_type": "INTERVAL_END", "key": "block_stop", "value": null, "metadata": {"file": "/opt/venv/lib/python3.12/site-packages/primus_mllog/mlperf_pre_training.py", "lineno": 139, "samples_count": 147456}}
:::MLLOG {"namespace": "", "time_ms": 1778431101222, "event_type": "INTERVAL_START", "key": "eval_start", "value": null, "metadata": {"file": "/opt/venv/lib/python3.12/site-packages/primus_mllog/mlperf_pre_training.py", "lineno": 141, "samples_count": 147456}}
:::MLLOG {"namespace": "", "time_ms": 1778431112084, "event_type": "POINT_IN_TIME", "key": "eval_accuracy", "value": 3.368452787399292, "metadata": {"file": "/opt/venv/lib/python3.12/site-packages/primus_mllog/mlperf_pre_training.py", "lineno": 156, "samples_count": 147456}}
:::MLLOG {"namespace": "", "time_ms": 1778431112084, "event_type": "INTERVAL_END", "key": "eval_stop", "value": null, "metadata": {"file": "/opt/venv/lib/python3.12/site-packages/primus_mllog/mlperf_pre_training.py", "lineno": 170, "samples_count": 147456}}
:::MLLOG {"namespace": "", "time_ms": 1778431112084, "event_type": "INTERVAL_START", "key": "block_start", "value": null, "metadata": {"file": "/opt/venv/lib/python3.12/site-packages/primus_mllog/mlperf_pre_training.py", "lineno": 174, "samples_count": 147456}}
:::MLLOG {"namespace": "", "time_ms": 1778431528150, "event_type": "INTERVAL_END", "key": "block_stop", "value": null, "metadata": {"file": "/opt/venv/lib/python3.12/site-packages/primus_mllog/mlperf_pre_training.py", "lineno": 139, "samples_count": 159744}}
:::MLLOG {"namespace": "", "time_ms": 1778431528151, "event_type": "INTERVAL_START", "key": "eval_start", "value": null, "metadata": {"file": "/opt/venv/lib/python3.12/site-packages/primus_mllog/mlperf_pre_training.py", "lineno": 141, "samples_count": 159744}}
:::MLLOG {"namespace": "", "time_ms": 1778431538976, "event_type": "POINT_IN_TIME", "key": "eval_accuracy", "value": 3.3468668460845947, "metadata": {"file": "/opt/venv/lib/python3.12/site-packages/primus_mllog/mlperf_pre_training.py", "lineno": 156, "samples_count": 159744}}
:::MLLOG {"namespace": "", "time_ms": 1778431538977, "event_type": "INTERVAL_END", "key": "eval_stop", "value": null, "metadata": {"file": "/opt/venv/lib/python3.12/site-packages/primus_mllog/mlperf_pre_training.py", "lineno": 170, "samples_count": 159744}}
:::MLLOG {"namespace": "", "time_ms": 1778431538977, "event_type": "INTERVAL_START", "key": "block_start", "value": null, "metadata": {"file": "/opt/venv/lib/python3.12/site-packages/primus_mllog/mlperf_pre_training.py", "lineno": 174, "samples_count": 159744}}
:::MLLOG {"namespace": "", "time_ms": 1778431956737, "event_type": "INTERVAL_END", "key": "block_stop", "value": null, "metadata": {"file": "/opt/venv/lib/python3.12/site-packages/primus_mllog/mlperf_pre_training.py", "lineno": 139, "samples_count": 172032}}
:::MLLOG {"namespace": "", "time_ms": 1778431956737, "event_type": "INTERVAL_START", "key": "eval_start", "value": null, "metadata": {"file": "/opt/venv/lib/python3.12/site-packages/primus_mllog/mlperf_pre_training.py", "lineno": 141, "samples_count": 172032}}
:::MLLOG {"namespace": "", "time_ms": 1778431967537, "event_type": "POINT_IN_TIME", "key": "eval_accuracy", "value": 3.3145627975463867, "metadata": {"file": "/opt/venv/lib/python3.12/site-packages/primus_mllog/mlperf_pre_training.py", "lineno": 156, "samples_count": 172032}}
:::MLLOG {"namespace": "", "time_ms": 1778431967538, "event_type": "INTERVAL_END", "key": "eval_stop", "value": null, "metadata": {"file": "/opt/venv/lib/python3.12/site-packages/primus_mllog/mlperf_pre_training.py", "lineno": 170, "samples_count": 172032}}
:::MLLOG {"namespace": "", "time_ms": 1778431967538, "event_type": "INTERVAL_START", "key": "block_start", "value": null, "metadata": {"file": "/opt/venv/lib/python3.12/site-packages/primus_mllog/mlperf_pre_training.py", "lineno": 174, "samples_count": 172032}}
:::MLLOG {"namespace": "", "time_ms": 1778432385243, "event_type": "INTERVAL_END", "key": "block_stop", "value": null, "metadata": {"file": "/opt/venv/lib/python3.12/site-packages/primus_mllog/mlperf_pre_training.py", "lineno": 139, "samples_count": 184320}}
:::MLLOG {"namespace": "", "time_ms": 1778432385244, "event_type": "INTERVAL_START", "key": "eval_start", "value": null, "metadata": {"file": "/opt/venv/lib/python3.12/site-packages/primus_mllog/mlperf_pre_training.py", "lineno": 141, "samples_count": 184320}}
:::MLLOG {"namespace": "", "time_ms": 1778432396032, "event_type": "POINT_IN_TIME", "key": "eval_accuracy", "value": 3.2946877479553223, "metadata": {"file": "/opt/venv/lib/python3.12/site-packages/primus_mllog/mlperf_pre_training.py", "lineno": 156, "samples_count": 184320}}
:::MLLOG {"namespace": "", "time_ms": 1778432396032, "event_type": "INTERVAL_END", "key": "eval_stop", "value": null, "metadata": {"file": "/opt/venv/lib/python3.12/site-packages/primus_mllog/mlperf_pre_training.py", "lineno": 170, "samples_count": 184320}}
:::MLLOG {"namespace": "", "time_ms": 1778432396039, "event_type": "INTERVAL_END", "key": "epoch_stop", "value": null, "metadata": {"file": "/opt/venv/lib/python3.12/site-packages/primus_mllog/mlperf_pre_training.py", "lineno": 220, "samples_count": 184320}}
:::MLLOG {"namespace": "", "time_ms": 1778432396039, "event_type": "INTERVAL_END", "key": "run_stop", "value": null, "metadata": {"file": "/opt/venv/lib/python3.12/site-packages/primus_mllog/mlperf_pre_training.py", "lineno": 224, "samples_count": 184320, "status": "success"}}
:::MLLOG {"namespace": "", "time_ms": 1778432412897, "event_type": "POINT_IN_TIME", "key": "run_duration", "value": "6421.45s -> 107.02 minutes", "metadata": {"file": "/opt/venv/lib/python3.12/site-packages/primus_mllog/mlperf_pre_training.py", "lineno": 87, "samples": 184320}}
:::MLLOG {"namespace": "", "time_ms": 1778432412897, "event_type": "POINT_IN_TIME", "key": "overall_throughput", "value": 28.7, "metadata": {"file": "/opt/venv/lib/python3.12/site-packages/primus_mllog/mlperf_pre_training.py", "lineno": 92, "samples": 184320}}
:::MLLOG {"namespace": "", "time_ms": 1778432496286, "event_type": "POINT_IN_TIME", "key": "global_batch_size", "value": 32, "metadata": {"file": "/opt/venv/lib/python3.12/site-packages/primus_mllog/mlperf_pre_training.py", "lineno": 66}}
:::MLLOG {"namespace": "", "time_ms": 1778432496286, "event_type": "POINT_IN_TIME", "key": "gradient_accumulation_steps", "value": 2, "metadata": {"file": "/opt/venv/lib/python3.12/site-packages/primus_mllog/mlperf_pre_training.py", "lineno": 66}}
:::MLLOG {"namespace": "", "time_ms": 1778432496286, "event_type": "POINT_IN_TIME", "key": "max_sequence_length", "value": 8192, "metadata": {"file": "/opt/venv/lib/python3.12/site-packages/primus_mllog/mlperf_pre_training.py", "lineno": 66}}
:::MLLOG {"namespace": "", "time_ms": 1778432496286, "event_type": "POINT_IN_TIME", "key": "train_samples", "value": 38400000, "metadata": {"file": "/opt/venv/lib/python3.12/site-packages/primus_mllog/mlperf_pre_training.py", "lineno": 66}}
:::MLLOG {"namespace": "", "time_ms": 1778432496286, "event_type": "POINT_IN_TIME", "key": "eval_samples", "value": 1024, "metadata": {"file": "/opt/venv/lib/python3.12/site-packages/primus_mllog/mlperf_pre_training.py", "lineno": 66}}
:::MLLOG {"namespace": "", "time_ms": 1778432496286, "event_type": "POINT_IN_TIME", "key": "seed", "value": 25773, "metadata": {"file": "/opt/venv/lib/python3.12/site-packages/primus_mllog/mlperf_pre_training.py", "lineno": 66}}
:::MLLOG {"namespace": "", "time_ms": 1778432496286, "event_type": "POINT_IN_TIME", "key": "init_checkpoint_step", "value": 0, "metadata": {"file": "/opt/venv/lib/python3.12/site-packages/primus_mllog/mlperf_pre_training.py", "lineno": 66}}
:::MLLOG {"namespace": "", "time_ms": 1778432496286, "event_type": "POINT_IN_TIME", "key": "opt_name", "value": "adamw", "metadata": {"file": "/opt/venv/lib/python3.12/site-packages/primus_mllog/mlperf_pre_training.py", "lineno": 66}}
:::MLLOG {"namespace": "", "time_ms": 1778432496286, "event_type": "POINT_IN_TIME", "key": "opt_base_learning_rate", "value": 0.0008, "metadata": {"file": "/opt/venv/lib/python3.12/site-packages/primus_mllog/mlperf_pre_training.py", "lineno": 66}}
:::MLLOG {"namespace": "", "time_ms": 1778432496286, "event_type": "POINT_IN_TIME", "key": "opt_adamw_beta_1", "value": 0.9, "metadata": {"file": "/opt/venv/lib/python3.12/site-packages/primus_mllog/mlperf_pre_training.py", "lineno": 66}}
:::MLLOG {"namespace": "", "time_ms": 1778432496286, "event_type": "POINT_IN_TIME", "key": "opt_adamw_beta_2", "value": 0.95, "metadata": {"file": "/opt/venv/lib/python3.12/site-packages/primus_mllog/mlperf_pre_training.py", "lineno": 66}}
:::MLLOG {"namespace": "", "time_ms": 1778432496286, "event_type": "POINT_IN_TIME", "key": "opt_adamw_epsilon", "value": 1e-05, "metadata": {"file": "/opt/venv/lib/python3.12/site-packages/primus_mllog/mlperf_pre_training.py", "lineno": 66}}
:::MLLOG {"namespace": "", "time_ms": 1778432496287, "event_type": "POINT_IN_TIME", "key": "opt_adamw_weight_decay", "value": 0.1, "metadata": {"file": "/opt/venv/lib/python3.12/site-packages/primus_mllog/mlperf_pre_training.py", "lineno": 66}}
:::MLLOG {"namespace": "", "time_ms": 1778432496287, "event_type": "POINT_IN_TIME", "key": "opt_gradient_clip_norm", "value": 1.0, "metadata": {"file": "/opt/venv/lib/python3.12/site-packages/primus_mllog/mlperf_pre_training.py", "lineno": 66}}
:::MLLOG {"namespace": "", "time_ms": 1778432496287, "event_type": "POINT_IN_TIME", "key": "opt_end_learning_rate", "value": 8e-05, "metadata": {"file": "/opt/venv/lib/python3.12/site-packages/primus_mllog/mlperf_pre_training.py", "lineno": 66}}
:::MLLOG {"namespace": "", "time_ms": 1778432496287, "event_type": "POINT_IN_TIME", "key": "opt_learning_rate_warmup_steps", "value": 64, "metadata": {"file": "/opt/venv/lib/python3.12/site-packages/primus_mllog/mlperf_pre_training.py", "lineno": 66}}
:::MLLOG {"namespace": "", "time_ms": 1778432496287, "event_type": "POINT_IN_TIME", "key": "opt_learning_rate_decay_steps", "value": 1199936, "metadata": {"file": "/opt/venv/lib/python3.12/site-packages/primus_mllog/mlperf_pre_training.py", "lineno": 66}}
:::MLLOG {"namespace": "", "time_ms": 1778432496287, "event_type": "POINT_IN_TIME", "key": "opt_learning_rate_decay_schedule", "value": "cosine with linear warmup", "metadata": {"file": "/opt/venv/lib/python3.12/site-packages/primus_mllog/mlperf_pre_training.py", "lineno": 66}}
:::MLLOG {"namespace": "", "time_ms": 1778432496287, "event_type": "POINT_IN_TIME", "key": "max_steps", "value": 1200000, "metadata": {"file": "/opt/venv/lib/python3.12/site-packages/primus_mllog/mlperf_pre_training.py", "lineno": 66}}
:::MLLOG {"namespace": "", "time_ms": 1778432496287, "event_type": "POINT_IN_TIME", "key": "submission_benchmark", "value": "llama31_8b", "metadata": {"file": "/opt/venv/lib/python3.12/site-packages/primus_mllog/mlperf_pre_training.py", "lineno": 66}}
:::MLLOG {"namespace": "", "time_ms": 1778432496287, "event_type": "POINT_IN_TIME", "key": "submission_division", "value": "closed", "metadata": {"file": "/opt/venv/lib/python3.12/site-packages/primus_mllog/mlperf_pre_training.py", "lineno": 66}}
:::MLLOG {"namespace": "", "time_ms": 1778432496287, "event_type": "POINT_IN_TIME", "key": "submission_status", "value": "", "metadata": {"file": "/opt/venv/lib/python3.12/site-packages/primus_mllog/mlperf_pre_training.py", "lineno": 66}}
:::MLLOG {"namespace": "", "time_ms": 1778432496287, "event_type": "POINT_IN_TIME", "key": "submission_org", "value": "AMD", "metadata": {"file": "/opt/venv/lib/python3.12/site-packages/primus_mllog/mlperf_pre_training.py", "lineno": 66}}
:::MLLOG {"namespace": "", "time_ms": 1778432496287, "event_type": "POINT_IN_TIME", "key": "submission_platform", "value": "MI350X", "metadata": {"file": "/opt/venv/lib/python3.12/site-packages/primus_mllog/mlperf_pre_training.py", "lineno": 66}}
:::MLLOG {"namespace": "", "time_ms": 1778432496287, "event_type": "INTERVAL_END", "key": "init_stop", "value": null, "metadata": {"file": "/opt/venv/lib/python3.12/site-packages/primus_mllog/mlperf_pre_training.py", "lineno": 68}}
:::MLLOG {"namespace": "", "time_ms": 1778432556494, "event_type": "INTERVAL_START", "key": "run_start", "value": null, "metadata": {"file": "/opt/venv/lib/python3.12/site-packages/primus_mllog/mlperf_pre_training.py", "lineno": 193}}
:::MLLOG {"namespace": "", "time_ms": 1778432556494, "event_type": "INTERVAL_START", "key": "epoch_start", "value": null, "metadata": {"file": "/opt/venv/lib/python3.12/site-packages/primus_mllog/mlperf_pre_training.py", "lineno": 196, "samples_count": 0}}
:::MLLOG {"namespace": "", "time_ms": 1778432556494, "event_type": "INTERVAL_START", "key": "block_start", "value": null, "metadata": {"file": "/opt/venv/lib/python3.12/site-packages/primus_mllog/mlperf_pre_training.py", "lineno": 198, "samples_count": 0}}
:::MLLOG {"namespace": "", "time_ms": 1778432970740, "event_type": "INTERVAL_END", "key": "block_stop", "value": null, "metadata": {"file": "/opt/venv/lib/python3.12/site-packages/primus_mllog/mlperf_pre_training.py", "lineno": 139, "samples_count": 12288}}
:::MLLOG {"namespace": "", "time_ms": 1778432970740, "event_type": "INTERVAL_START", "key": "eval_start", "value": null, "metadata": {"file": "/opt/venv/lib/python3.12/site-packages/primus_mllog/mlperf_pre_training.py", "lineno": 141, "samples_count": 12288}}
:::MLLOG {"namespace": "", "time_ms": 1778432982767, "event_type": "POINT_IN_TIME", "key": "eval_accuracy", "value": 5.841602802276611, "metadata": {"file": "/opt/venv/lib/python3.12/site-packages/primus_mllog/mlperf_pre_training.py", "lineno": 156, "samples_count": 12288}}
:::MLLOG {"namespace": "", "time_ms": 1778432982767, "event_type": "INTERVAL_END", "key": "eval_stop", "value": null, "metadata": {"file": "/opt/venv/lib/python3.12/site-packages/primus_mllog/mlperf_pre_training.py", "lineno": 170, "samples_count": 12288}}
:::MLLOG {"namespace": "", "time_ms": 1778432982768, "event_type": "INTERVAL_START", "key": "block_start", "value": null, "metadata": {"file": "/opt/venv/lib/python3.12/site-packages/primus_mllog/mlperf_pre_training.py", "lineno": 174, "samples_count": 12288}}
:::MLLOG {"namespace": "", "time_ms": 1778433400500, "event_type": "INTERVAL_END", "key": "block_stop", "value": null, "metadata": {"file": "/opt/venv/lib/python3.12/site-packages/primus_mllog/mlperf_pre_training.py", "lineno": 139, "samples_count": 24576}}
:::MLLOG {"namespace": "", "time_ms": 1778433400500, "event_type": "INTERVAL_START", "key": "eval_start", "value": null, "metadata": {"file": "/opt/venv/lib/python3.12/site-packages/primus_mllog/mlperf_pre_training.py", "lineno": 141, "samples_count": 24576}}
:::MLLOG {"namespace": "", "time_ms": 1778433411334, "event_type": "POINT_IN_TIME", "key": "eval_accuracy", "value": 4.56326961517334, "metadata": {"file": "/opt/venv/lib/python3.12/site-packages/primus_mllog/mlperf_pre_training.py", "lineno": 156, "samples_count": 24576}}
:::MLLOG {"namespace": "", "time_ms": 1778433411334, "event_type": "INTERVAL_END", "key": "eval_stop", "value": null, "metadata": {"file": "/opt/venv/lib/python3.12/site-packages/primus_mllog/mlperf_pre_training.py", "lineno": 170, "samples_count": 24576}}
:::MLLOG {"namespace": "", "time_ms": 1778433411334, "event_type": "INTERVAL_START", "key": "block_start", "value": null, "metadata": {"file": "/opt/venv/lib/python3.12/site-packages/primus_mllog/mlperf_pre_training.py", "lineno": 174, "samples_count": 24576}}
:::MLLOG {"namespace": "", "time_ms": 1778433828832, "event_type": "INTERVAL_END", "key": "block_stop", "value": null, "metadata": {"file": "/opt/venv/lib/python3.12/site-packages/primus_mllog/mlperf_pre_training.py", "lineno": 139, "samples_count": 36864}}
:::MLLOG {"namespace": "", "time_ms": 1778433828832, "event_type": "INTERVAL_START", "key": "eval_start", "value": null, "metadata": {"file": "/opt/venv/lib/python3.12/site-packages/primus_mllog/mlperf_pre_training.py", "lineno": 141, "samples_count": 36864}}
:::MLLOG {"namespace": "", "time_ms": 1778433839676, "event_type": "POINT_IN_TIME", "key": "eval_accuracy", "value": 4.124752521514893, "metadata": {"file": "/opt/venv/lib/python3.12/site-packages/primus_mllog/mlperf_pre_training.py", "lineno": 156, "samples_count": 36864}}
:::MLLOG {"namespace": "", "time_ms": 1778433839676, "event_type": "INTERVAL_END", "key": "eval_stop", "value": null, "metadata": {"file": "/opt/venv/lib/python3.12/site-packages/primus_mllog/mlperf_pre_training.py", "lineno": 170, "samples_count": 36864}}
:::MLLOG {"namespace": "", "time_ms": 1778433839677, "event_type": "INTERVAL_START", "key": "block_start", "value": null, "metadata": {"file": "/opt/venv/lib/python3.12/site-packages/primus_mllog/mlperf_pre_training.py", "lineno": 174, "samples_count": 36864}}
:::MLLOG {"namespace": "", "time_ms": 1778434257376, "event_type": "INTERVAL_END", "key": "block_stop", "value": null, "metadata": {"file": "/opt/venv/lib/python3.12/site-packages/primus_mllog/mlperf_pre_training.py", "lineno": 139, "samples_count": 49152}}
:::MLLOG {"namespace": "", "time_ms": 1778434257376, "event_type": "INTERVAL_START", "key": "eval_start", "value": null, "metadata": {"file": "/opt/venv/lib/python3.12/site-packages/primus_mllog/mlperf_pre_training.py", "lineno": 141, "samples_count": 49152}}
:::MLLOG {"namespace": "", "time_ms": 1778434268215, "event_type": "POINT_IN_TIME", "key": "eval_accuracy", "value": 3.911832332611084, "metadata": {"file": "/opt/venv/lib/python3.12/site-packages/primus_mllog/mlperf_pre_training.py", "lineno": 156, "samples_count": 49152}}
:::MLLOG {"namespace": "", "time_ms": 1778434268216, "event_type": "INTERVAL_END", "key": "eval_stop", "value": null, "metadata": {"file": "/opt/venv/lib/python3.12/site-packages/primus_mllog/mlperf_pre_training.py", "lineno": 170, "samples_count": 49152}}
:::MLLOG {"namespace": "", "time_ms": 1778434268216, "event_type": "INTERVAL_START", "key": "block_start", "value": null, "metadata": {"file": "/opt/venv/lib/python3.12/site-packages/primus_mllog/mlperf_pre_training.py", "lineno": 174, "samples_count": 49152}}
:::MLLOG {"namespace": "", "time_ms": 1778434686763, "event_type": "INTERVAL_END", "key": "block_stop", "value": null, "metadata": {"file": "/opt/venv/lib/python3.12/site-packages/primus_mllog/mlperf_pre_training.py", "lineno": 139, "samples_count": 61440}}
:::MLLOG {"namespace": "", "time_ms": 1778434686764, "event_type": "INTERVAL_START", "key": "eval_start", "value": null, "metadata": {"file": "/opt/venv/lib/python3.12/site-packages/primus_mllog/mlperf_pre_training.py", "lineno": 141, "samples_count": 61440}}
:::MLLOG {"namespace": "", "time_ms": 1778434697612, "event_type": "POINT_IN_TIME", "key": "eval_accuracy", "value": 3.77583909034729, "metadata": {"file": "/opt/venv/lib/python3.12/site-packages/primus_mllog/mlperf_pre_training.py", "lineno": 156, "samples_count": 61440}}
:::MLLOG {"namespace": "", "time_ms": 1778434697612, "event_type": "INTERVAL_END", "key": "eval_stop", "value": null, "metadata": {"file": "/opt/venv/lib/python3.12/site-packages/primus_mllog/mlperf_pre_training.py", "lineno": 170, "samples_count": 61440}}
:::MLLOG {"namespace": "", "time_ms": 1778434697612, "event_type": "INTERVAL_START", "key": "block_start", "value": null, "metadata": {"file": "/opt/venv/lib/python3.12/site-packages/primus_mllog/mlperf_pre_training.py", "lineno": 174, "samples_count": 61440}}
:::MLLOG {"namespace": "", "time_ms": 1778435115667, "event_type": "INTERVAL_END", "key": "block_stop", "value": null, "metadata": {"file": "/opt/venv/lib/python3.12/site-packages/primus_mllog/mlperf_pre_training.py", "lineno": 139, "samples_count": 73728}}
:::MLLOG {"namespace": "", "time_ms": 1778435115667, "event_type": "INTERVAL_START", "key": "eval_start", "value": null, "metadata": {"file": "/opt/venv/lib/python3.12/site-packages/primus_mllog/mlperf_pre_training.py", "lineno": 141, "samples_count": 73728}}
:::MLLOG {"namespace": "", "time_ms": 1778435126492, "event_type": "POINT_IN_TIME", "key": "eval_accuracy", "value": 3.679307222366333, "metadata": {"file": "/opt/venv/lib/python3.12/site-packages/primus_mllog/mlperf_pre_training.py", "lineno": 156, "samples_count": 73728}}
:::MLLOG {"namespace": "", "time_ms": 1778435126492, "event_type": "INTERVAL_END", "key": "eval_stop", "value": null, "metadata": {"file": "/opt/venv/lib/python3.12/site-packages/primus_mllog/mlperf_pre_training.py", "lineno": 170, "samples_count": 73728}}
:::MLLOG {"namespace": "", "time_ms": 1778435126492, "event_type": "INTERVAL_START", "key": "block_start", "value": null, "metadata": {"file": "/opt/venv/lib/python3.12/site-packages/primus_mllog/mlperf_pre_training.py", "lineno": 174, "samples_count": 73728}}
:::MLLOG {"namespace": "", "time_ms": 1778435544049, "event_type": "INTERVAL_END", "key": "block_stop", "value": null, "metadata": {"file": "/opt/venv/lib/python3.12/site-packages/primus_mllog/mlperf_pre_training.py", "lineno": 139, "samples_count": 86016}}
:::MLLOG {"namespace": "", "time_ms": 1778435544050, "event_type": "INTERVAL_START", "key": "eval_start", "value": null, "metadata": {"file": "/opt/venv/lib/python3.12/site-packages/primus_mllog/mlperf_pre_training.py", "lineno": 141, "samples_count": 86016}}
:::MLLOG {"namespace": "", "time_ms": 1778435554863, "event_type": "POINT_IN_TIME", "key": "eval_accuracy", "value": 3.6156530380249023, "metadata": {"file": "/opt/venv/lib/python3.12/site-packages/primus_mllog/mlperf_pre_training.py", "lineno": 156, "samples_count": 86016}}
:::MLLOG {"namespace": "", "time_ms": 1778435554863, "event_type": "INTERVAL_END", "key": "eval_stop", "value": null, "metadata": {"file": "/opt/venv/lib/python3.12/site-packages/primus_mllog/mlperf_pre_training.py", "lineno": 170, "samples_count": 86016}}
:::MLLOG {"namespace": "", "time_ms": 1778435554863, "event_type": "INTERVAL_START", "key": "block_start", "value": null, "metadata": {"file": "/opt/venv/lib/python3.12/site-packages/primus_mllog/mlperf_pre_training.py", "lineno": 174, "samples_count": 86016}}
:::MLLOG {"namespace": "", "time_ms": 1778435972723, "event_type": "INTERVAL_END", "key": "block_stop", "value": null, "metadata": {"file": "/opt/venv/lib/python3.12/site-packages/primus_mllog/mlperf_pre_training.py", "lineno": 139, "samples_count": 98304}}
:::MLLOG {"namespace": "", "time_ms": 1778435972723, "event_type": "INTERVAL_START", "key": "eval_start", "value": null, "metadata": {"file": "/opt/venv/lib/python3.12/site-packages/primus_mllog/mlperf_pre_training.py", "lineno": 141, "samples_count": 98304}}
:::MLLOG {"namespace": "", "time_ms": 1778435983525, "event_type": "POINT_IN_TIME", "key": "eval_accuracy", "value": 3.542672634124756, "metadata": {"file": "/opt/venv/lib/python3.12/site-packages/primus_mllog/mlperf_pre_training.py", "lineno": 156, "samples_count": 98304}}
:::MLLOG {"namespace": "", "time_ms": 1778435983525, "event_type": "INTERVAL_END", "key": "eval_stop", "value": null, "metadata": {"file": "/opt/venv/lib/python3.12/site-packages/primus_mllog/mlperf_pre_training.py", "lineno": 170, "samples_count": 98304}}
:::MLLOG {"namespace": "", "time_ms": 1778435983526, "event_type": "INTERVAL_START", "key": "block_start", "value": null, "metadata": {"file": "/opt/venv/lib/python3.12/site-packages/primus_mllog/mlperf_pre_training.py", "lineno": 174, "samples_count": 98304}}
:::MLLOG {"namespace": "", "time_ms": 1778436401419, "event_type": "INTERVAL_END", "key": "block_stop", "value": null, "metadata": {"file": "/opt/venv/lib/python3.12/site-packages/primus_mllog/mlperf_pre_training.py", "lineno": 139, "samples_count": 110592}}
:::MLLOG {"namespace": "", "time_ms": 1778436401420, "event_type": "INTERVAL_START", "key": "eval_start", "value": null, "metadata": {"file": "/opt/venv/lib/python3.12/site-packages/primus_mllog/mlperf_pre_training.py", "lineno": 141, "samples_count": 110592}}
:::MLLOG {"namespace": "", "time_ms": 1778436412240, "event_type": "POINT_IN_TIME", "key": "eval_accuracy", "value": 3.490679979324341, "metadata": {"file": "/opt/venv/lib/python3.12/site-packages/primus_mllog/mlperf_pre_training.py", "lineno": 156, "samples_count": 110592}}
:::MLLOG {"namespace": "", "time_ms": 1778436412240, "event_type": "INTERVAL_END", "key": "eval_stop", "value": null, "metadata": {"file": "/opt/venv/lib/python3.12/site-packages/primus_mllog/mlperf_pre_training.py", "lineno": 170, "samples_count": 110592}}
:::MLLOG {"namespace": "", "time_ms": 1778436412240, "event_type": "INTERVAL_START", "key": "block_start", "value": null, "metadata": {"file": "/opt/venv/lib/python3.12/site-packages/primus_mllog/mlperf_pre_training.py", "lineno": 174, "samples_count": 110592}}
:::MLLOG {"namespace": "", "time_ms": 1778436829128, "event_type": "INTERVAL_END", "key": "block_stop", "value": null, "metadata": {"file": "/opt/venv/lib/python3.12/site-packages/primus_mllog/mlperf_pre_training.py", "lineno": 139, "samples_count": 122880}}
:::MLLOG {"namespace": "", "time_ms": 1778436829129, "event_type": "INTERVAL_START", "key": "eval_start", "value": null, "metadata": {"file": "/opt/venv/lib/python3.12/site-packages/primus_mllog/mlperf_pre_training.py", "lineno": 141, "samples_count": 122880}}
:::MLLOG {"namespace": "", "time_ms": 1778436839954, "event_type": "POINT_IN_TIME", "key": "eval_accuracy", "value": 3.4478042125701904, "metadata": {"file": "/opt/venv/lib/python3.12/site-packages/primus_mllog/mlperf_pre_training.py", "lineno": 156, "samples_count": 122880}}
:::MLLOG {"namespace": "", "time_ms": 1778436839955, "event_type": "INTERVAL_END", "key": "eval_stop", "value": null, "metadata": {"file": "/opt/venv/lib/python3.12/site-packages/primus_mllog/mlperf_pre_training.py", "lineno": 170, "samples_count": 122880}}
:::MLLOG {"namespace": "", "time_ms": 1778436839955, "event_type": "INTERVAL_START", "key": "block_start", "value": null, "metadata": {"file": "/opt/venv/lib/python3.12/site-packages/primus_mllog/mlperf_pre_training.py", "lineno": 174, "samples_count": 122880}}
:::MLLOG {"namespace": "", "time_ms": 1778437257597, "event_type": "INTERVAL_END", "key": "block_stop", "value": null, "metadata": {"file": "/opt/venv/lib/python3.12/site-packages/primus_mllog/mlperf_pre_training.py", "lineno": 139, "samples_count": 135168}}
:::MLLOG {"namespace": "", "time_ms": 1778437257597, "event_type": "INTERVAL_START", "key": "eval_start", "value": null, "metadata": {"file": "/opt/venv/lib/python3.12/site-packages/primus_mllog/mlperf_pre_training.py", "lineno": 141, "samples_count": 135168}}
:::MLLOG {"namespace": "", "time_ms": 1778437268429, "event_type": "POINT_IN_TIME", "key": "eval_accuracy", "value": 3.414424180984497, "metadata": {"file": "/opt/venv/lib/python3.12/site-packages/primus_mllog/mlperf_pre_training.py", "lineno": 156, "samples_count": 135168}}
:::MLLOG {"namespace": "", "time_ms": 1778437268429, "event_type": "INTERVAL_END", "key": "eval_stop", "value": null, "metadata": {"file": "/opt/venv/lib/python3.12/site-packages/primus_mllog/mlperf_pre_training.py", "lineno": 170, "samples_count": 135168}}
:::MLLOG {"namespace": "", "time_ms": 1778437268429, "event_type": "INTERVAL_START", "key": "block_start", "value": null, "metadata": {"file": "/opt/venv/lib/python3.12/site-packages/primus_mllog/mlperf_pre_training.py", "lineno": 174, "samples_count": 135168}}
:::MLLOG {"namespace": "", "time_ms": 1778437686048, "event_type": "INTERVAL_END", "key": "block_stop", "value": null, "metadata": {"file": "/opt/venv/lib/python3.12/site-packages/primus_mllog/mlperf_pre_training.py", "lineno": 139, "samples_count": 147456}}
:::MLLOG {"namespace": "", "time_ms": 1778437686048, "event_type": "INTERVAL_START", "key": "eval_start", "value": null, "metadata": {"file": "/opt/venv/lib/python3.12/site-packages/primus_mllog/mlperf_pre_training.py", "lineno": 141, "samples_count": 147456}}
:::MLLOG {"namespace": "", "time_ms": 1778437696847, "event_type": "POINT_IN_TIME", "key": "eval_accuracy", "value": 3.3825173377990723, "metadata": {"file": "/opt/venv/lib/python3.12/site-packages/primus_mllog/mlperf_pre_training.py", "lineno": 156, "samples_count": 147456}}
:::MLLOG {"namespace": "", "time_ms": 1778437696848, "event_type": "INTERVAL_END", "key": "eval_stop", "value": null, "metadata": {"file": "/opt/venv/lib/python3.12/site-packages/primus_mllog/mlperf_pre_training.py", "lineno": 170, "samples_count": 147456}}
:::MLLOG {"namespace": "", "time_ms": 1778437696848, "event_type": "INTERVAL_START", "key": "block_start", "value": null, "metadata": {"file": "/opt/venv/lib/python3.12/site-packages/primus_mllog/mlperf_pre_training.py", "lineno": 174, "samples_count": 147456}}
:::MLLOG {"namespace": "", "time_ms": 1778438114317, "event_type": "INTERVAL_END", "key": "block_stop", "value": null, "metadata": {"file": "/opt/venv/lib/python3.12/site-packages/primus_mllog/mlperf_pre_training.py", "lineno": 139, "samples_count": 159744}}
:::MLLOG {"namespace": "", "time_ms": 1778438114318, "event_type": "INTERVAL_START", "key": "eval_start", "value": null, "metadata": {"file": "/opt/venv/lib/python3.12/site-packages/primus_mllog/mlperf_pre_training.py", "lineno": 141, "samples_count": 159744}}
:::MLLOG {"namespace": "", "time_ms": 1778438125438, "event_type": "POINT_IN_TIME", "key": "eval_accuracy", "value": 3.3505265712738037, "metadata": {"file": "/opt/venv/lib/python3.12/site-packages/primus_mllog/mlperf_pre_training.py", "lineno": 156, "samples_count": 159744}}
:::MLLOG {"namespace": "", "time_ms": 1778438125438, "event_type": "INTERVAL_END", "key": "eval_stop", "value": null, "metadata": {"file": "/opt/venv/lib/python3.12/site-packages/primus_mllog/mlperf_pre_training.py", "lineno": 170, "samples_count": 159744}}
:::MLLOG {"namespace": "", "time_ms": 1778438125438, "event_type": "INTERVAL_START", "key": "block_start", "value": null, "metadata": {"file": "/opt/venv/lib/python3.12/site-packages/primus_mllog/mlperf_pre_training.py", "lineno": 174, "samples_count": 159744}}
:::MLLOG {"namespace": "", "time_ms": 1778438542724, "event_type": "INTERVAL_END", "key": "block_stop", "value": null, "metadata": {"file": "/opt/venv/lib/python3.12/site-packages/primus_mllog/mlperf_pre_training.py", "lineno": 139, "samples_count": 172032}}
:::MLLOG {"namespace": "", "time_ms": 1778438542725, "event_type": "INTERVAL_START", "key": "eval_start", "value": null, "metadata": {"file": "/opt/venv/lib/python3.12/site-packages/primus_mllog/mlperf_pre_training.py", "lineno": 141, "samples_count": 172032}}
:::MLLOG {"namespace": "", "time_ms": 1778438553590, "event_type": "POINT_IN_TIME", "key": "eval_accuracy", "value": 3.3272898197174072, "metadata": {"file": "/opt/venv/lib/python3.12/site-packages/primus_mllog/mlperf_pre_training.py", "lineno": 156, "samples_count": 172032}}
:::MLLOG {"namespace": "", "time_ms": 1778438553591, "event_type": "INTERVAL_END", "key": "eval_stop", "value": null, "metadata": {"file": "/opt/venv/lib/python3.12/site-packages/primus_mllog/mlperf_pre_training.py", "lineno": 170, "samples_count": 172032}}
:::MLLOG {"namespace": "", "time_ms": 1778438553591, "event_type": "INTERVAL_START", "key": "block_start", "value": null, "metadata": {"file": "/opt/venv/lib/python3.12/site-packages/primus_mllog/mlperf_pre_training.py", "lineno": 174, "samples_count": 172032}}
:::MLLOG {"namespace": "", "time_ms": 1778438971235, "event_type": "INTERVAL_END", "key": "block_stop", "value": null, "metadata": {"file": "/opt/venv/lib/python3.12/site-packages/primus_mllog/mlperf_pre_training.py", "lineno": 139, "samples_count": 184320}}
:::MLLOG {"namespace": "", "time_ms": 1778438971236, "event_type": "INTERVAL_START", "key": "eval_start", "value": null, "metadata": {"file": "/opt/venv/lib/python3.12/site-packages/primus_mllog/mlperf_pre_training.py", "lineno": 141, "samples_count": 184320}}
:::MLLOG {"namespace": "", "time_ms": 1778438982043, "event_type": "POINT_IN_TIME", "key": "eval_accuracy", "value": 3.3095688819885254, "metadata": {"file": "/opt/venv/lib/python3.12/site-packages/primus_mllog/mlperf_pre_training.py", "lineno": 156, "samples_count": 184320}}
:::MLLOG {"namespace": "", "time_ms": 1778438982043, "event_type": "INTERVAL_END", "key": "eval_stop", "value": null, "metadata": {"file": "/opt/venv/lib/python3.12/site-packages/primus_mllog/mlperf_pre_training.py", "lineno": 170, "samples_count": 184320}}
:::MLLOG {"namespace": "", "time_ms": 1778438982043, "event_type": "INTERVAL_START", "key": "block_start", "value": null, "metadata": {"file": "/opt/venv/lib/python3.12/site-packages/primus_mllog/mlperf_pre_training.py", "lineno": 174, "samples_count": 184320}}
:::MLLOG {"namespace": "", "time_ms": 1778439399641, "event_type": "INTERVAL_END", "key": "block_stop", "value": null, "metadata": {"file": "/opt/venv/lib/python3.12/site-packages/primus_mllog/mlperf_pre_training.py", "lineno": 139, "samples_count": 196608}}
:::MLLOG {"namespace": "", "time_ms": 1778439399641, "event_type": "INTERVAL_START", "key": "eval_start", "value": null, "metadata": {"file": "/opt/venv/lib/python3.12/site-packages/primus_mllog/mlperf_pre_training.py", "lineno": 141, "samples_count": 196608}}
:::MLLOG {"namespace": "", "time_ms": 1778439410478, "event_type": "POINT_IN_TIME", "key": "eval_accuracy", "value": 3.2881219387054443, "metadata": {"file": "/opt/venv/lib/python3.12/site-packages/primus_mllog/mlperf_pre_training.py", "lineno": 156, "samples_count": 196608}}
:::MLLOG {"namespace": "", "time_ms": 1778439410479, "event_type": "INTERVAL_END", "key": "eval_stop", "value": null, "metadata": {"file": "/opt/venv/lib/python3.12/site-packages/primus_mllog/mlperf_pre_training.py", "lineno": 170, "samples_count": 196608}}
:::MLLOG {"namespace": "", "time_ms": 1778439410486, "event_type": "INTERVAL_END", "key": "epoch_stop", "value": null, "metadata": {"file": "/opt/venv/lib/python3.12/site-packages/primus_mllog/mlperf_pre_training.py", "lineno": 220, "samples_count": 196608}}
:::MLLOG {"namespace": "", "time_ms": 1778439410486, "event_type": "INTERVAL_END", "key": "run_stop", "value": null, "metadata": {"file": "/opt/venv/lib/python3.12/site-packages/primus_mllog/mlperf_pre_training.py", "lineno": 224, "samples_count": 196608, "status": "success"}}
:::MLLOG {"namespace": "", "time_ms": 1778439427239, "event_type": "POINT_IN_TIME", "key": "run_duration", "value": "6853.98s -> 114.23 minutes", "metadata": {"file": "/opt/venv/lib/python3.12/site-packages/primus_mllog/mlperf_pre_training.py", "lineno": 87, "samples": 196608}}
:::MLLOG {"namespace": "", "time_ms": 1778439427240, "event_type": "POINT_IN_TIME", "key": "overall_throughput", "value": 28.69, "metadata": {"file": "/opt/venv/lib/python3.12/site-packages/primus_mllog/mlperf_pre_training.py", "lineno": 92, "samples": 196608}}
:::MLLOG {"namespace": "", "time_ms": 1778439509367, "event_type": "POINT_IN_TIME", "key": "global_batch_size", "value": 32, "metadata": {"file": "/opt/venv/lib/python3.12/site-packages/primus_mllog/mlperf_pre_training.py", "lineno": 66}}
:::MLLOG {"namespace": "", "time_ms": 1778439509367, "event_type": "POINT_IN_TIME", "key": "gradient_accumulation_steps", "value": 2, "metadata": {"file": "/opt/venv/lib/python3.12/site-packages/primus_mllog/mlperf_pre_training.py", "lineno": 66}}
:::MLLOG {"namespace": "", "time_ms": 1778439509367, "event_type": "POINT_IN_TIME", "key": "max_sequence_length", "value": 8192, "metadata": {"file": "/opt/venv/lib/python3.12/site-packages/primus_mllog/mlperf_pre_training.py", "lineno": 66}}
:::MLLOG {"namespace": "", "time_ms": 1778439509368, "event_type": "POINT_IN_TIME", "key": "train_samples", "value": 38400000, "metadata": {"file": "/opt/venv/lib/python3.12/site-packages/primus_mllog/mlperf_pre_training.py", "lineno": 66}}
:::MLLOG {"namespace": "", "time_ms": 1778439509368, "event_type": "POINT_IN_TIME", "key": "eval_samples", "value": 1024, "metadata": {"file": "/opt/venv/lib/python3.12/site-packages/primus_mllog/mlperf_pre_training.py", "lineno": 66}}
:::MLLOG {"namespace": "", "time_ms": 1778439509368, "event_type": "POINT_IN_TIME", "key": "seed", "value": 19214, "metadata": {"file": "/opt/venv/lib/python3.12/site-packages/primus_mllog/mlperf_pre_training.py", "lineno": 66}}
:::MLLOG {"namespace": "", "time_ms": 1778439509368, "event_type": "POINT_IN_TIME", "key": "init_checkpoint_step", "value": 0, "metadata": {"file": "/opt/venv/lib/python3.12/site-packages/primus_mllog/mlperf_pre_training.py", "lineno": 66}}
:::MLLOG {"namespace": "", "time_ms": 1778439509368, "event_type": "POINT_IN_TIME", "key": "opt_name", "value": "adamw", "metadata": {"file": "/opt/venv/lib/python3.12/site-packages/primus_mllog/mlperf_pre_training.py", "lineno": 66}}
:::MLLOG {"namespace": "", "time_ms": 1778439509368, "event_type": "POINT_IN_TIME", "key": "opt_base_learning_rate", "value": 0.0008, "metadata": {"file": "/opt/venv/lib/python3.12/site-packages/primus_mllog/mlperf_pre_training.py", "lineno": 66}}
:::MLLOG {"namespace": "", "time_ms": 1778439509368, "event_type": "POINT_IN_TIME", "key": "opt_adamw_beta_1", "value": 0.9, "metadata": {"file": "/opt/venv/lib/python3.12/site-packages/primus_mllog/mlperf_pre_training.py", "lineno": 66}}
:::MLLOG {"namespace": "", "time_ms": 1778439509368, "event_type": "POINT_IN_TIME", "key": "opt_adamw_beta_2", "value": 0.95, "metadata": {"file": "/opt/venv/lib/python3.12/site-packages/primus_mllog/mlperf_pre_training.py", "lineno": 66}}
:::MLLOG {"namespace": "", "time_ms": 1778439509368, "event_type": "POINT_IN_TIME", "key": "opt_adamw_epsilon", "value": 1e-05, "metadata": {"file": "/opt/venv/lib/python3.12/site-packages/primus_mllog/mlperf_pre_training.py", "lineno": 66}}
:::MLLOG {"namespace": "", "time_ms": 1778439509368, "event_type": "POINT_IN_TIME", "key": "opt_adamw_weight_decay", "value": 0.1, "metadata": {"file": "/opt/venv/lib/python3.12/site-packages/primus_mllog/mlperf_pre_training.py", "lineno": 66}}
:::MLLOG {"namespace": "", "time_ms": 1778439509368, "event_type": "POINT_IN_TIME", "key": "opt_gradient_clip_norm", "value": 1.0, "metadata": {"file": "/opt/venv/lib/python3.12/site-packages/primus_mllog/mlperf_pre_training.py", "lineno": 66}}
:::MLLOG {"namespace": "", "time_ms": 1778439509368, "event_type": "POINT_IN_TIME", "key": "opt_end_learning_rate", "value": 8e-05, "metadata": {"file": "/opt/venv/lib/python3.12/site-packages/primus_mllog/mlperf_pre_training.py", "lineno": 66}}
:::MLLOG {"namespace": "", "time_ms": 1778439509369, "event_type": "POINT_IN_TIME", "key": "opt_learning_rate_warmup_steps", "value": 64, "metadata": {"file": "/opt/venv/lib/python3.12/site-packages/primus_mllog/mlperf_pre_training.py", "lineno": 66}}
:::MLLOG {"namespace": "", "time_ms": 1778439509369, "event_type": "POINT_IN_TIME", "key": "opt_learning_rate_decay_steps", "value": 1199936, "metadata": {"file": "/opt/venv/lib/python3.12/site-packages/primus_mllog/mlperf_pre_training.py", "lineno": 66}}
:::MLLOG {"namespace": "", "time_ms": 1778439509369, "event_type": "POINT_IN_TIME", "key": "opt_learning_rate_decay_schedule", "value": "cosine with linear warmup", "metadata": {"file": "/opt/venv/lib/python3.12/site-packages/primus_mllog/mlperf_pre_training.py", "lineno": 66}}
:::MLLOG {"namespace": "", "time_ms": 1778439509369, "event_type": "POINT_IN_TIME", "key": "max_steps", "value": 1200000, "metadata": {"file": "/opt/venv/lib/python3.12/site-packages/primus_mllog/mlperf_pre_training.py", "lineno": 66}}
:::MLLOG {"namespace": "", "time_ms": 1778439509369, "event_type": "POINT_IN_TIME", "key": "submission_benchmark", "value": "llama31_8b", "metadata": {"file": "/opt/venv/lib/python3.12/site-packages/primus_mllog/mlperf_pre_training.py", "lineno": 66}}
:::MLLOG {"namespace": "", "time_ms": 1778439509369, "event_type": "POINT_IN_TIME", "key": "submission_division", "value": "closed", "metadata": {"file": "/opt/venv/lib/python3.12/site-packages/primus_mllog/mlperf_pre_training.py", "lineno": 66}}
:::MLLOG {"namespace": "", "time_ms": 1778439509369, "event_type": "POINT_IN_TIME", "key": "submission_status", "value": "", "metadata": {"file": "/opt/venv/lib/python3.12/site-packages/primus_mllog/mlperf_pre_training.py", "lineno": 66}}
:::MLLOG {"namespace": "", "time_ms": 1778439509369, "event_type": "POINT_IN_TIME", "key": "submission_org", "value": "AMD", "metadata": {"file": "/opt/venv/lib/python3.12/site-packages/primus_mllog/mlperf_pre_training.py", "lineno": 66}}
:::MLLOG {"namespace": "", "time_ms": 1778439509369, "event_type": "POINT_IN_TIME", "key": "submission_platform", "value": "MI350X", "metadata": {"file": "/opt/venv/lib/python3.12/site-packages/primus_mllog/mlperf_pre_training.py", "lineno": 66}}
:::MLLOG {"namespace": "", "time_ms": 1778439509369, "event_type": "INTERVAL_END", "key": "init_stop", "value": null, "metadata": {"file": "/opt/venv/lib/python3.12/site-packages/primus_mllog/mlperf_pre_training.py", "lineno": 68}}
:::MLLOG {"namespace": "", "time_ms": 1778439565070, "event_type": "INTERVAL_START", "key": "run_start", "value": null, "metadata": {"file": "/opt/venv/lib/python3.12/site-packages/primus_mllog/mlperf_pre_training.py", "lineno": 193}}
:::MLLOG {"namespace": "", "time_ms": 1778439565070, "event_type": "INTERVAL_START", "key": "epoch_start", "value": null, "metadata": {"file": "/opt/venv/lib/python3.12/site-packages/primus_mllog/mlperf_pre_training.py", "lineno": 196, "samples_count": 0}}
:::MLLOG {"namespace": "", "time_ms": 1778439565071, "event_type": "INTERVAL_START", "key": "block_start", "value": null, "metadata": {"file": "/opt/venv/lib/python3.12/site-packages/primus_mllog/mlperf_pre_training.py", "lineno": 198, "samples_count": 0}}
:::MLLOG {"namespace": "", "time_ms": 1778439980036, "event_type": "INTERVAL_END", "key": "block_stop", "value": null, "metadata": {"file": "/opt/venv/lib/python3.12/site-packages/primus_mllog/mlperf_pre_training.py", "lineno": 139, "samples_count": 12288}}
:::MLLOG {"namespace": "", "time_ms": 1778439980037, "event_type": "INTERVAL_START", "key": "eval_start", "value": null, "metadata": {"file": "/opt/venv/lib/python3.12/site-packages/primus_mllog/mlperf_pre_training.py", "lineno": 141, "samples_count": 12288}}
:::MLLOG {"namespace": "", "time_ms": 1778439992044, "event_type": "POINT_IN_TIME", "key": "eval_accuracy", "value": 5.833856105804443, "metadata": {"file": "/opt/venv/lib/python3.12/site-packages/primus_mllog/mlperf_pre_training.py", "lineno": 156, "samples_count": 12288}}
:::MLLOG {"namespace": "", "time_ms": 1778439992044, "event_type": "INTERVAL_END", "key": "eval_stop", "value": null, "metadata": {"file": "/opt/venv/lib/python3.12/site-packages/primus_mllog/mlperf_pre_training.py", "lineno": 170, "samples_count": 12288}}
:::MLLOG {"namespace": "", "time_ms": 1778439992044, "event_type": "INTERVAL_START", "key": "block_start", "value": null, "metadata": {"file": "/opt/venv/lib/python3.12/site-packages/primus_mllog/mlperf_pre_training.py", "lineno": 174, "samples_count": 12288}}
:::MLLOG {"namespace": "", "time_ms": 1778440410095, "event_type": "INTERVAL_END", "key": "block_stop", "value": null, "metadata": {"file": "/opt/venv/lib/python3.12/site-packages/primus_mllog/mlperf_pre_training.py", "lineno": 139, "samples_count": 24576}}
:::MLLOG {"namespace": "", "time_ms": 1778440410096, "event_type": "INTERVAL_START", "key": "eval_start", "value": null, "metadata": {"file": "/opt/venv/lib/python3.12/site-packages/primus_mllog/mlperf_pre_training.py", "lineno": 141, "samples_count": 24576}}
:::MLLOG {"namespace": "", "time_ms": 1778440420946, "event_type": "POINT_IN_TIME", "key": "eval_accuracy", "value": 4.538914203643799, "metadata": {"file": "/opt/venv/lib/python3.12/site-packages/primus_mllog/mlperf_pre_training.py", "lineno": 156, "samples_count": 24576}}
:::MLLOG {"namespace": "", "time_ms": 1778440420946, "event_type": "INTERVAL_END", "key": "eval_stop", "value": null, "metadata": {"file": "/opt/venv/lib/python3.12/site-packages/primus_mllog/mlperf_pre_training.py", "lineno": 170, "samples_count": 24576}}
:::MLLOG {"namespace": "", "time_ms": 1778440420946, "event_type": "INTERVAL_START", "key": "block_start", "value": null, "metadata": {"file": "/opt/venv/lib/python3.12/site-packages/primus_mllog/mlperf_pre_training.py", "lineno": 174, "samples_count": 24576}}
:::MLLOG {"namespace": "", "time_ms": 1778440839323, "event_type": "INTERVAL_END", "key": "block_stop", "value": null, "metadata": {"file": "/opt/venv/lib/python3.12/site-packages/primus_mllog/mlperf_pre_training.py", "lineno": 139, "samples_count": 36864}}
:::MLLOG {"namespace": "", "time_ms": 1778440839324, "event_type": "INTERVAL_START", "key": "eval_start", "value": null, "metadata": {"file": "/opt/venv/lib/python3.12/site-packages/primus_mllog/mlperf_pre_training.py", "lineno": 141, "samples_count": 36864}}
:::MLLOG {"namespace": "", "time_ms": 1778440850187, "event_type": "POINT_IN_TIME", "key": "eval_accuracy", "value": 4.129806995391846, "metadata": {"file": "/opt/venv/lib/python3.12/site-packages/primus_mllog/mlperf_pre_training.py", "lineno": 156, "samples_count": 36864}}
:::MLLOG {"namespace": "", "time_ms": 1778440850187, "event_type": "INTERVAL_END", "key": "eval_stop", "value": null, "metadata": {"file": "/opt/venv/lib/python3.12/site-packages/primus_mllog/mlperf_pre_training.py", "lineno": 170, "samples_count": 36864}}
:::MLLOG {"namespace": "", "time_ms": 1778440850188, "event_type": "INTERVAL_START", "key": "block_start", "value": null, "metadata": {"file": "/opt/venv/lib/python3.12/site-packages/primus_mllog/mlperf_pre_training.py", "lineno": 174, "samples_count": 36864}}
:::MLLOG {"namespace": "", "time_ms": 1778441268546, "event_type": "INTERVAL_END", "key": "block_stop", "value": null, "metadata": {"file": "/opt/venv/lib/python3.12/site-packages/primus_mllog/mlperf_pre_training.py", "lineno": 139, "samples_count": 49152}}
:::MLLOG {"namespace": "", "time_ms": 1778441268546, "event_type": "INTERVAL_START", "key": "eval_start", "value": null, "metadata": {"file": "/opt/venv/lib/python3.12/site-packages/primus_mllog/mlperf_pre_training.py", "lineno": 141, "samples_count": 49152}}
:::MLLOG {"namespace": "", "time_ms": 1778441279404, "event_type": "POINT_IN_TIME", "key": "eval_accuracy", "value": 3.9024369716644287, "metadata": {"file": "/opt/venv/lib/python3.12/site-packages/primus_mllog/mlperf_pre_training.py", "lineno": 156, "samples_count": 49152}}
:::MLLOG {"namespace": "", "time_ms": 1778441279404, "event_type": "INTERVAL_END", "key": "eval_stop", "value": null, "metadata": {"file": "/opt/venv/lib/python3.12/site-packages/primus_mllog/mlperf_pre_training.py", "lineno": 170, "samples_count": 49152}}
:::MLLOG {"namespace": "", "time_ms": 1778441279404, "event_type": "INTERVAL_START", "key": "block_start", "value": null, "metadata": {"file": "/opt/venv/lib/python3.12/site-packages/primus_mllog/mlperf_pre_training.py", "lineno": 174, "samples_count": 49152}}
:::MLLOG {"namespace": "", "time_ms": 1778441697554, "event_type": "INTERVAL_END", "key": "block_stop", "value": null, "metadata": {"file": "/opt/venv/lib/python3.12/site-packages/primus_mllog/mlperf_pre_training.py", "lineno": 139, "samples_count": 61440}}
:::MLLOG {"namespace": "", "time_ms": 1778441697554, "event_type": "INTERVAL_START", "key": "eval_start", "value": null, "metadata": {"file": "/opt/venv/lib/python3.12/site-packages/primus_mllog/mlperf_pre_training.py", "lineno": 141, "samples_count": 61440}}
:::MLLOG {"namespace": "", "time_ms": 1778441708360, "event_type": "POINT_IN_TIME", "key": "eval_accuracy", "value": 3.7715260982513428, "metadata": {"file": "/opt/venv/lib/python3.12/site-packages/primus_mllog/mlperf_pre_training.py", "lineno": 156, "samples_count": 61440}}
:::MLLOG {"namespace": "", "time_ms": 1778441708360, "event_type": "INTERVAL_END", "key": "eval_stop", "value": null, "metadata": {"file": "/opt/venv/lib/python3.12/site-packages/primus_mllog/mlperf_pre_training.py", "lineno": 170, "samples_count": 61440}}
:::MLLOG {"namespace": "", "time_ms": 1778441708360, "event_type": "INTERVAL_START", "key": "block_start", "value": null, "metadata": {"file": "/opt/venv/lib/python3.12/site-packages/primus_mllog/mlperf_pre_training.py", "lineno": 174, "samples_count": 61440}}
:::MLLOG {"namespace": "", "time_ms": 1778442126028, "event_type": "INTERVAL_END", "key": "block_stop", "value": null, "metadata": {"file": "/opt/venv/lib/python3.12/site-packages/primus_mllog/mlperf_pre_training.py", "lineno": 139, "samples_count": 73728}}
:::MLLOG {"namespace": "", "time_ms": 1778442126029, "event_type": "INTERVAL_START", "key": "eval_start", "value": null, "metadata": {"file": "/opt/venv/lib/python3.12/site-packages/primus_mllog/mlperf_pre_training.py", "lineno": 141, "samples_count": 73728}}
:::MLLOG {"namespace": "", "time_ms": 1778442136830, "event_type": "POINT_IN_TIME", "key": "eval_accuracy", "value": 3.6724462509155273, "metadata": {"file": "/opt/venv/lib/python3.12/site-packages/primus_mllog/mlperf_pre_training.py", "lineno": 156, "samples_count": 73728}}
:::MLLOG {"namespace": "", "time_ms": 1778442136831, "event_type": "INTERVAL_END", "key": "eval_stop", "value": null, "metadata": {"file": "/opt/venv/lib/python3.12/site-packages/primus_mllog/mlperf_pre_training.py", "lineno": 170, "samples_count": 73728}}
:::MLLOG {"namespace": "", "time_ms": 1778442136831, "event_type": "INTERVAL_START", "key": "block_start", "value": null, "metadata": {"file": "/opt/venv/lib/python3.12/site-packages/primus_mllog/mlperf_pre_training.py", "lineno": 174, "samples_count": 73728}}
:::MLLOG {"namespace": "", "time_ms": 1778442554971, "event_type": "INTERVAL_END", "key": "block_stop", "value": null, "metadata": {"file": "/opt/venv/lib/python3.12/site-packages/primus_mllog/mlperf_pre_training.py", "lineno": 139, "samples_count": 86016}}
:::MLLOG {"namespace": "", "time_ms": 1778442554972, "event_type": "INTERVAL_START", "key": "eval_start", "value": null, "metadata": {"file": "/opt/venv/lib/python3.12/site-packages/primus_mllog/mlperf_pre_training.py", "lineno": 141, "samples_count": 86016}}
:::MLLOG {"namespace": "", "time_ms": 1778442565804, "event_type": "POINT_IN_TIME", "key": "eval_accuracy", "value": 3.59602427482605, "metadata": {"file": "/opt/venv/lib/python3.12/site-packages/primus_mllog/mlperf_pre_training.py", "lineno": 156, "samples_count": 86016}}
:::MLLOG {"namespace": "", "time_ms": 1778442565805, "event_type": "INTERVAL_END", "key": "eval_stop", "value": null, "metadata": {"file": "/opt/venv/lib/python3.12/site-packages/primus_mllog/mlperf_pre_training.py", "lineno": 170, "samples_count": 86016}}
:::MLLOG {"namespace": "", "time_ms": 1778442565805, "event_type": "INTERVAL_START", "key": "block_start", "value": null, "metadata": {"file": "/opt/venv/lib/python3.12/site-packages/primus_mllog/mlperf_pre_training.py", "lineno": 174, "samples_count": 86016}}
:::MLLOG {"namespace": "", "time_ms": 1778442983260, "event_type": "INTERVAL_END", "key": "block_stop", "value": null, "metadata": {"file": "/opt/venv/lib/python3.12/site-packages/primus_mllog/mlperf_pre_training.py", "lineno": 139, "samples_count": 98304}}
:::MLLOG {"namespace": "", "time_ms": 1778442983260, "event_type": "INTERVAL_START", "key": "eval_start", "value": null, "metadata": {"file": "/opt/venv/lib/python3.12/site-packages/primus_mllog/mlperf_pre_training.py", "lineno": 141, "samples_count": 98304}}
:::MLLOG {"namespace": "", "time_ms": 1778442994137, "event_type": "POINT_IN_TIME", "key": "eval_accuracy", "value": 3.5336899757385254, "metadata": {"file": "/opt/venv/lib/python3.12/site-packages/primus_mllog/mlperf_pre_training.py", "lineno": 156, "samples_count": 98304}}
:::MLLOG {"namespace": "", "time_ms": 1778442994137, "event_type": "INTERVAL_END", "key": "eval_stop", "value": null, "metadata": {"file": "/opt/venv/lib/python3.12/site-packages/primus_mllog/mlperf_pre_training.py", "lineno": 170, "samples_count": 98304}}
:::MLLOG {"namespace": "", "time_ms": 1778442994137, "event_type": "INTERVAL_START", "key": "block_start", "value": null, "metadata": {"file": "/opt/venv/lib/python3.12/site-packages/primus_mllog/mlperf_pre_training.py", "lineno": 174, "samples_count": 98304}}
:::MLLOG {"namespace": "", "time_ms": 1778443412043, "event_type": "INTERVAL_END", "key": "block_stop", "value": null, "metadata": {"file": "/opt/venv/lib/python3.12/site-packages/primus_mllog/mlperf_pre_training.py", "lineno": 139, "samples_count": 110592}}
:::MLLOG {"namespace": "", "time_ms": 1778443412044, "event_type": "INTERVAL_START", "key": "eval_start", "value": null, "metadata": {"file": "/opt/venv/lib/python3.12/site-packages/primus_mllog/mlperf_pre_training.py", "lineno": 141, "samples_count": 110592}}
:::MLLOG {"namespace": "", "time_ms": 1778443422839, "event_type": "POINT_IN_TIME", "key": "eval_accuracy", "value": 3.480210781097412, "metadata": {"file": "/opt/venv/lib/python3.12/site-packages/primus_mllog/mlperf_pre_training.py", "lineno": 156, "samples_count": 110592}}
:::MLLOG {"namespace": "", "time_ms": 1778443422839, "event_type": "INTERVAL_END", "key": "eval_stop", "value": null, "metadata": {"file": "/opt/venv/lib/python3.12/site-packages/primus_mllog/mlperf_pre_training.py", "lineno": 170, "samples_count": 110592}}
:::MLLOG {"namespace": "", "time_ms": 1778443422840, "event_type": "INTERVAL_START", "key": "block_start", "value": null, "metadata": {"file": "/opt/venv/lib/python3.12/site-packages/primus_mllog/mlperf_pre_training.py", "lineno": 174, "samples_count": 110592}}
:::MLLOG {"namespace": "", "time_ms": 1778443840124, "event_type": "INTERVAL_END", "key": "block_stop", "value": null, "metadata": {"file": "/opt/venv/lib/python3.12/site-packages/primus_mllog/mlperf_pre_training.py", "lineno": 139, "samples_count": 122880}}
:::MLLOG {"namespace": "", "time_ms": 1778443840125, "event_type": "INTERVAL_START", "key": "eval_start", "value": null, "metadata": {"file": "/opt/venv/lib/python3.12/site-packages/primus_mllog/mlperf_pre_training.py", "lineno": 141, "samples_count": 122880}}
:::MLLOG {"namespace": "", "time_ms": 1778443850962, "event_type": "POINT_IN_TIME", "key": "eval_accuracy", "value": 3.4349441528320312, "metadata": {"file": "/opt/venv/lib/python3.12/site-packages/primus_mllog/mlperf_pre_training.py", "lineno": 156, "samples_count": 122880}}
:::MLLOG {"namespace": "", "time_ms": 1778443850962, "event_type": "INTERVAL_END", "key": "eval_stop", "value": null, "metadata": {"file": "/opt/venv/lib/python3.12/site-packages/primus_mllog/mlperf_pre_training.py", "lineno": 170, "samples_count": 122880}}
:::MLLOG {"namespace": "", "time_ms": 1778443850962, "event_type": "INTERVAL_START", "key": "block_start", "value": null, "metadata": {"file": "/opt/venv/lib/python3.12/site-packages/primus_mllog/mlperf_pre_training.py", "lineno": 174, "samples_count": 122880}}
:::MLLOG {"namespace": "", "time_ms": 1778444268241, "event_type": "INTERVAL_END", "key": "block_stop", "value": null, "metadata": {"file": "/opt/venv/lib/python3.12/site-packages/primus_mllog/mlperf_pre_training.py", "lineno": 139, "samples_count": 135168}}
:::MLLOG {"namespace": "", "time_ms": 1778444268242, "event_type": "INTERVAL_START", "key": "eval_start", "value": null, "metadata": {"file": "/opt/venv/lib/python3.12/site-packages/primus_mllog/mlperf_pre_training.py", "lineno": 141, "samples_count": 135168}}
:::MLLOG {"namespace": "", "time_ms": 1778444279072, "event_type": "POINT_IN_TIME", "key": "eval_accuracy", "value": 3.4017860889434814, "metadata": {"file": "/opt/venv/lib/python3.12/site-packages/primus_mllog/mlperf_pre_training.py", "lineno": 156, "samples_count": 135168}}
:::MLLOG {"namespace": "", "time_ms": 1778444279073, "event_type": "INTERVAL_END", "key": "eval_stop", "value": null, "metadata": {"file": "/opt/venv/lib/python3.12/site-packages/primus_mllog/mlperf_pre_training.py", "lineno": 170, "samples_count": 135168}}
:::MLLOG {"namespace": "", "time_ms": 1778444279073, "event_type": "INTERVAL_START", "key": "block_start", "value": null, "metadata": {"file": "/opt/venv/lib/python3.12/site-packages/primus_mllog/mlperf_pre_training.py", "lineno": 174, "samples_count": 135168}}
:::MLLOG {"namespace": "", "time_ms": 1778444696708, "event_type": "INTERVAL_END", "key": "block_stop", "value": null, "metadata": {"file": "/opt/venv/lib/python3.12/site-packages/primus_mllog/mlperf_pre_training.py", "lineno": 139, "samples_count": 147456}}
:::MLLOG {"namespace": "", "time_ms": 1778444696709, "event_type": "INTERVAL_START", "key": "eval_start", "value": null, "metadata": {"file": "/opt/venv/lib/python3.12/site-packages/primus_mllog/mlperf_pre_training.py", "lineno": 141, "samples_count": 147456}}
:::MLLOG {"namespace": "", "time_ms": 1778444707523, "event_type": "POINT_IN_TIME", "key": "eval_accuracy", "value": 3.365471363067627, "metadata": {"file": "/opt/venv/lib/python3.12/site-packages/primus_mllog/mlperf_pre_training.py", "lineno": 156, "samples_count": 147456}}
:::MLLOG {"namespace": "", "time_ms": 1778444707523, "event_type": "INTERVAL_END", "key": "eval_stop", "value": null, "metadata": {"file": "/opt/venv/lib/python3.12/site-packages/primus_mllog/mlperf_pre_training.py", "lineno": 170, "samples_count": 147456}}
:::MLLOG {"namespace": "", "time_ms": 1778444707523, "event_type": "INTERVAL_START", "key": "block_start", "value": null, "metadata": {"file": "/opt/venv/lib/python3.12/site-packages/primus_mllog/mlperf_pre_training.py", "lineno": 174, "samples_count": 147456}}
:::MLLOG {"namespace": "", "time_ms": 1778445125112, "event_type": "INTERVAL_END", "key": "block_stop", "value": null, "metadata": {"file": "/opt/venv/lib/python3.12/site-packages/primus_mllog/mlperf_pre_training.py", "lineno": 139, "samples_count": 159744}}
:::MLLOG {"namespace": "", "time_ms": 1778445125113, "event_type": "INTERVAL_START", "key": "eval_start", "value": null, "metadata": {"file": "/opt/venv/lib/python3.12/site-packages/primus_mllog/mlperf_pre_training.py", "lineno": 141, "samples_count": 159744}}
:::MLLOG {"namespace": "", "time_ms": 1778445135919, "event_type": "POINT_IN_TIME", "key": "eval_accuracy", "value": 3.3486502170562744, "metadata": {"file": "/opt/venv/lib/python3.12/site-packages/primus_mllog/mlperf_pre_training.py", "lineno": 156, "samples_count": 159744}}
:::MLLOG {"namespace": "", "time_ms": 1778445135919, "event_type": "INTERVAL_END", "key": "eval_stop", "value": null, "metadata": {"file": "/opt/venv/lib/python3.12/site-packages/primus_mllog/mlperf_pre_training.py", "lineno": 170, "samples_count": 159744}}
:::MLLOG {"namespace": "", "time_ms": 1778445135919, "event_type": "INTERVAL_START", "key": "block_start", "value": null, "metadata": {"file": "/opt/venv/lib/python3.12/site-packages/primus_mllog/mlperf_pre_training.py", "lineno": 174, "samples_count": 159744}}
:::MLLOG {"namespace": "", "time_ms": 1778445553989, "event_type": "INTERVAL_END", "key": "block_stop", "value": null, "metadata": {"file": "/opt/venv/lib/python3.12/site-packages/primus_mllog/mlperf_pre_training.py", "lineno": 139, "samples_count": 172032}}
:::MLLOG {"namespace": "", "time_ms": 1778445553989, "event_type": "INTERVAL_START", "key": "eval_start", "value": null, "metadata": {"file": "/opt/venv/lib/python3.12/site-packages/primus_mllog/mlperf_pre_training.py", "lineno": 141, "samples_count": 172032}}
:::MLLOG {"namespace": "", "time_ms": 1778445564791, "event_type": "POINT_IN_TIME", "key": "eval_accuracy", "value": 3.3126769065856934, "metadata": {"file": "/opt/venv/lib/python3.12/site-packages/primus_mllog/mlperf_pre_training.py", "lineno": 156, "samples_count": 172032}}
:::MLLOG {"namespace": "", "time_ms": 1778445564791, "event_type": "INTERVAL_END", "key": "eval_stop", "value": null, "metadata": {"file": "/opt/venv/lib/python3.12/site-packages/primus_mllog/mlperf_pre_training.py", "lineno": 170, "samples_count": 172032}}
:::MLLOG {"namespace": "", "time_ms": 1778445564791, "event_type": "INTERVAL_START", "key": "block_start", "value": null, "metadata": {"file": "/opt/venv/lib/python3.12/site-packages/primus_mllog/mlperf_pre_training.py", "lineno": 174, "samples_count": 172032}}
:::MLLOG {"namespace": "", "time_ms": 1778445982198, "event_type": "INTERVAL_END", "key": "block_stop", "value": null, "metadata": {"file": "/opt/venv/lib/python3.12/site-packages/primus_mllog/mlperf_pre_training.py", "lineno": 139, "samples_count": 184320}}
:::MLLOG {"namespace": "", "time_ms": 1778445982199, "event_type": "INTERVAL_START", "key": "eval_start", "value": null, "metadata": {"file": "/opt/venv/lib/python3.12/site-packages/primus_mllog/mlperf_pre_training.py", "lineno": 141, "samples_count": 184320}}
:::MLLOG {"namespace": "", "time_ms": 1778445993015, "event_type": "POINT_IN_TIME", "key": "eval_accuracy", "value": 3.292102813720703, "metadata": {"file": "/opt/venv/lib/python3.12/site-packages/primus_mllog/mlperf_pre_training.py", "lineno": 156, "samples_count": 184320}}
:::MLLOG {"namespace": "", "time_ms": 1778445993016, "event_type": "INTERVAL_END", "key": "eval_stop", "value": null, "metadata": {"file": "/opt/venv/lib/python3.12/site-packages/primus_mllog/mlperf_pre_training.py", "lineno": 170, "samples_count": 184320}}
:::MLLOG {"namespace": "", "time_ms": 1778445993022, "event_type": "INTERVAL_END", "key": "epoch_stop", "value": null, "metadata": {"file": "/opt/venv/lib/python3.12/site-packages/primus_mllog/mlperf_pre_training.py", "lineno": 220, "samples_count": 184320}}
:::MLLOG {"namespace": "", "time_ms": 1778445993022, "event_type": "INTERVAL_END", "key": "run_stop", "value": null, "metadata": {"file": "/opt/venv/lib/python3.12/site-packages/primus_mllog/mlperf_pre_training.py", "lineno": 224, "samples_count": 184320, "status": "success"}}
:::MLLOG {"namespace": "", "time_ms": 1778446009577, "event_type": "POINT_IN_TIME", "key": "run_duration", "value": "6427.95s -> 107.13 minutes", "metadata": {"file": "/opt/venv/lib/python3.12/site-packages/primus_mllog/mlperf_pre_training.py", "lineno": 87, "samples": 184320}}
:::MLLOG {"namespace": "", "time_ms": 1778446009578, "event_type": "POINT_IN_TIME", "key": "overall_throughput", "value": 28.67, "metadata": {"file": "/opt/venv/lib/python3.12/site-packages/primus_mllog/mlperf_pre_training.py", "lineno": 92, "samples": 184320}}
:::MLLOG {"namespace": "", "time_ms": 1778446090434, "event_type": "POINT_IN_TIME", "key": "global_batch_size", "value": 32, "metadata": {"file": "/opt/venv/lib/python3.12/site-packages/primus_mllog/mlperf_pre_training.py", "lineno": 66}}
:::MLLOG {"namespace": "", "time_ms": 1778446090435, "event_type": "POINT_IN_TIME", "key": "gradient_accumulation_steps", "value": 2, "metadata": {"file": "/opt/venv/lib/python3.12/site-packages/primus_mllog/mlperf_pre_training.py", "lineno": 66}}
:::MLLOG {"namespace": "", "time_ms": 1778446090435, "event_type": "POINT_IN_TIME", "key": "max_sequence_length", "value": 8192, "metadata": {"file": "/opt/venv/lib/python3.12/site-packages/primus_mllog/mlperf_pre_training.py", "lineno": 66}}
:::MLLOG {"namespace": "", "time_ms": 1778446090435, "event_type": "POINT_IN_TIME", "key": "train_samples", "value": 38400000, "metadata": {"file": "/opt/venv/lib/python3.12/site-packages/primus_mllog/mlperf_pre_training.py", "lineno": 66}}
:::MLLOG {"namespace": "", "time_ms": 1778446090435, "event_type": "POINT_IN_TIME", "key": "eval_samples", "value": 1024, "metadata": {"file": "/opt/venv/lib/python3.12/site-packages/primus_mllog/mlperf_pre_training.py", "lineno": 66}}
:::MLLOG {"namespace": "", "time_ms": 1778446090435, "event_type": "POINT_IN_TIME", "key": "seed", "value": 10996, "metadata": {"file": "/opt/venv/lib/python3.12/site-packages/primus_mllog/mlperf_pre_training.py", "lineno": 66}}
:::MLLOG {"namespace": "", "time_ms": 1778446090435, "event_type": "POINT_IN_TIME", "key": "init_checkpoint_step", "value": 0, "metadata": {"file": "/opt/venv/lib/python3.12/site-packages/primus_mllog/mlperf_pre_training.py", "lineno": 66}}
:::MLLOG {"namespace": "", "time_ms": 1778446090435, "event_type": "POINT_IN_TIME", "key": "opt_name", "value": "adamw", "metadata": {"file": "/opt/venv/lib/python3.12/site-packages/primus_mllog/mlperf_pre_training.py", "lineno": 66}}
:::MLLOG {"namespace": "", "time_ms": 1778446090436, "event_type": "POINT_IN_TIME", "key": "opt_base_learning_rate", "value": 0.0008, "metadata": {"file": "/opt/venv/lib/python3.12/site-packages/primus_mllog/mlperf_pre_training.py", "lineno": 66}}
:::MLLOG {"namespace": "", "time_ms": 1778446090436, "event_type": "POINT_IN_TIME", "key": "opt_adamw_beta_1", "value": 0.9, "metadata": {"file": "/opt/venv/lib/python3.12/site-packages/primus_mllog/mlperf_pre_training.py", "lineno": 66}}
:::MLLOG {"namespace": "", "time_ms": 1778446090436, "event_type": "POINT_IN_TIME", "key": "opt_adamw_beta_2", "value": 0.95, "metadata": {"file": "/opt/venv/lib/python3.12/site-packages/primus_mllog/mlperf_pre_training.py", "lineno": 66}}
:::MLLOG {"namespace": "", "time_ms": 1778446090436, "event_type": "POINT_IN_TIME", "key": "opt_adamw_epsilon", "value": 1e-05, "metadata": {"file": "/opt/venv/lib/python3.12/site-packages/primus_mllog/mlperf_pre_training.py", "lineno": 66}}
:::MLLOG {"namespace": "", "time_ms": 1778446090436, "event_type": "POINT_IN_TIME", "key": "opt_adamw_weight_decay", "value": 0.1, "metadata": {"file": "/opt/venv/lib/python3.12/site-packages/primus_mllog/mlperf_pre_training.py", "lineno": 66}}
:::MLLOG {"namespace": "", "time_ms": 1778446090436, "event_type": "POINT_IN_TIME", "key": "opt_gradient_clip_norm", "value": 1.0, "metadata": {"file": "/opt/venv/lib/python3.12/site-packages/primus_mllog/mlperf_pre_training.py", "lineno": 66}}
:::MLLOG {"namespace": "", "time_ms": 1778446090436, "event_type": "POINT_IN_TIME", "key": "opt_end_learning_rate", "value": 8e-05, "metadata": {"file": "/opt/venv/lib/python3.12/site-packages/primus_mllog/mlperf_pre_training.py", "lineno": 66}}
:::MLLOG {"namespace": "", "time_ms": 1778446090436, "event_type": "POINT_IN_TIME", "key": "opt_learning_rate_warmup_steps", "value": 64, "metadata": {"file": "/opt/venv/lib/python3.12/site-packages/primus_mllog/mlperf_pre_training.py", "lineno": 66}}
:::MLLOG {"namespace": "", "time_ms": 1778446090436, "event_type": "POINT_IN_TIME", "key": "opt_learning_rate_decay_steps", "value": 1199936, "metadata": {"file": "/opt/venv/lib/python3.12/site-packages/primus_mllog/mlperf_pre_training.py", "lineno": 66}}
:::MLLOG {"namespace": "", "time_ms": 1778446090436, "event_type": "POINT_IN_TIME", "key": "opt_learning_rate_decay_schedule", "value": "cosine with linear warmup", "metadata": {"file": "/opt/venv/lib/python3.12/site-packages/primus_mllog/mlperf_pre_training.py", "lineno": 66}}
:::MLLOG {"namespace": "", "time_ms": 1778446090436, "event_type": "POINT_IN_TIME", "key": "max_steps", "value": 1200000, "metadata": {"file": "/opt/venv/lib/python3.12/site-packages/primus_mllog/mlperf_pre_training.py", "lineno": 66}}
:::MLLOG {"namespace": "", "time_ms": 1778446090436, "event_type": "POINT_IN_TIME", "key": "submission_benchmark", "value": "llama31_8b", "metadata": {"file": "/opt/venv/lib/python3.12/site-packages/primus_mllog/mlperf_pre_training.py", "lineno": 66}}
:::MLLOG {"namespace": "", "time_ms": 1778446090436, "event_type": "POINT_IN_TIME", "key": "submission_division", "value": "closed", "metadata": {"file": "/opt/venv/lib/python3.12/site-packages/primus_mllog/mlperf_pre_training.py", "lineno": 66}}
:::MLLOG {"namespace": "", "time_ms": 1778446090436, "event_type": "POINT_IN_TIME", "key": "submission_status", "value": "", "metadata": {"file": "/opt/venv/lib/python3.12/site-packages/primus_mllog/mlperf_pre_training.py", "lineno": 66}}
:::MLLOG {"namespace": "", "time_ms": 1778446090436, "event_type": "POINT_IN_TIME", "key": "submission_org", "value": "AMD", "metadata": {"file": "/opt/venv/lib/python3.12/site-packages/primus_mllog/mlperf_pre_training.py", "lineno": 66}}
:::MLLOG {"namespace": "", "time_ms": 1778446090436, "event_type": "POINT_IN_TIME", "key": "submission_platform", "value": "MI350X", "metadata": {"file": "/opt/venv/lib/python3.12/site-packages/primus_mllog/mlperf_pre_training.py", "lineno": 66}}
:::MLLOG {"namespace": "", "time_ms": 1778446090437, "event_type": "INTERVAL_END", "key": "init_stop", "value": null, "metadata": {"file": "/opt/venv/lib/python3.12/site-packages/primus_mllog/mlperf_pre_training.py", "lineno": 68}}
:::MLLOG {"namespace": "", "time_ms": 1778446149995, "event_type": "INTERVAL_START", "key": "run_start", "value": null, "metadata": {"file": "/opt/venv/lib/python3.12/site-packages/primus_mllog/mlperf_pre_training.py", "lineno": 193}}
:::MLLOG {"namespace": "", "time_ms": 1778446149995, "event_type": "INTERVAL_START", "key": "epoch_start", "value": null, "metadata": {"file": "/opt/venv/lib/python3.12/site-packages/primus_mllog/mlperf_pre_training.py", "lineno": 196, "samples_count": 0}}
:::MLLOG {"namespace": "", "time_ms": 1778446149995, "event_type": "INTERVAL_START", "key": "block_start", "value": null, "metadata": {"file": "/opt/venv/lib/python3.12/site-packages/primus_mllog/mlperf_pre_training.py", "lineno": 198, "samples_count": 0}}
:::MLLOG {"namespace": "", "time_ms": 1778446563289, "event_type": "INTERVAL_END", "key": "block_stop", "value": null, "metadata": {"file": "/opt/venv/lib/python3.12/site-packages/primus_mllog/mlperf_pre_training.py", "lineno": 139, "samples_count": 12288}}
:::MLLOG {"namespace": "", "time_ms": 1778446563290, "event_type": "INTERVAL_START", "key": "eval_start", "value": null, "metadata": {"file": "/opt/venv/lib/python3.12/site-packages/primus_mllog/mlperf_pre_training.py", "lineno": 141, "samples_count": 12288}}
:::MLLOG {"namespace": "", "time_ms": 1778446575869, "event_type": "POINT_IN_TIME", "key": "eval_accuracy", "value": 5.8459553718566895, "metadata": {"file": "/opt/venv/lib/python3.12/site-packages/primus_mllog/mlperf_pre_training.py", "lineno": 156, "samples_count": 12288}}
:::MLLOG {"namespace": "", "time_ms": 1778446575869, "event_type": "INTERVAL_END", "key": "eval_stop", "value": null, "metadata": {"file": "/opt/venv/lib/python3.12/site-packages/primus_mllog/mlperf_pre_training.py", "lineno": 170, "samples_count": 12288}}
:::MLLOG {"namespace": "", "time_ms": 1778446575869, "event_type": "INTERVAL_START", "key": "block_start", "value": null, "metadata": {"file": "/opt/venv/lib/python3.12/site-packages/primus_mllog/mlperf_pre_training.py", "lineno": 174, "samples_count": 12288}}
:::MLLOG {"namespace": "", "time_ms": 1778446991764, "event_type": "INTERVAL_END", "key": "block_stop", "value": null, "metadata": {"file": "/opt/venv/lib/python3.12/site-packages/primus_mllog/mlperf_pre_training.py", "lineno": 139, "samples_count": 24576}}
:::MLLOG {"namespace": "", "time_ms": 1778446991765, "event_type": "INTERVAL_START", "key": "eval_start", "value": null, "metadata": {"file": "/opt/venv/lib/python3.12/site-packages/primus_mllog/mlperf_pre_training.py", "lineno": 141, "samples_count": 24576}}
:::MLLOG {"namespace": "", "time_ms": 1778447002634, "event_type": "POINT_IN_TIME", "key": "eval_accuracy", "value": 4.574404716491699, "metadata": {"file": "/opt/venv/lib/python3.12/site-packages/primus_mllog/mlperf_pre_training.py", "lineno": 156, "samples_count": 24576}}
:::MLLOG {"namespace": "", "time_ms": 1778447002634, "event_type": "INTERVAL_END", "key": "eval_stop", "value": null, "metadata": {"file": "/opt/venv/lib/python3.12/site-packages/primus_mllog/mlperf_pre_training.py", "lineno": 170, "samples_count": 24576}}
:::MLLOG {"namespace": "", "time_ms": 1778447002634, "event_type": "INTERVAL_START", "key": "block_start", "value": null, "metadata": {"file": "/opt/venv/lib/python3.12/site-packages/primus_mllog/mlperf_pre_training.py", "lineno": 174, "samples_count": 24576}}
:::MLLOG {"namespace": "", "time_ms": 1778447420760, "event_type": "INTERVAL_END", "key": "block_stop", "value": null, "metadata": {"file": "/opt/venv/lib/python3.12/site-packages/primus_mllog/mlperf_pre_training.py", "lineno": 139, "samples_count": 36864}}
:::MLLOG {"namespace": "", "time_ms": 1778447420760, "event_type": "INTERVAL_START", "key": "eval_start", "value": null, "metadata": {"file": "/opt/venv/lib/python3.12/site-packages/primus_mllog/mlperf_pre_training.py", "lineno": 141, "samples_count": 36864}}
:::MLLOG {"namespace": "", "time_ms": 1778447431632, "event_type": "POINT_IN_TIME", "key": "eval_accuracy", "value": 4.092960834503174, "metadata": {"file": "/opt/venv/lib/python3.12/site-packages/primus_mllog/mlperf_pre_training.py", "lineno": 156, "samples_count": 36864}}
:::MLLOG {"namespace": "", "time_ms": 1778447431633, "event_type": "INTERVAL_END", "key": "eval_stop", "value": null, "metadata": {"file": "/opt/venv/lib/python3.12/site-packages/primus_mllog/mlperf_pre_training.py", "lineno": 170, "samples_count": 36864}}
:::MLLOG {"namespace": "", "time_ms": 1778447431633, "event_type": "INTERVAL_START", "key": "block_start", "value": null, "metadata": {"file": "/opt/venv/lib/python3.12/site-packages/primus_mllog/mlperf_pre_training.py", "lineno": 174, "samples_count": 36864}}
:::MLLOG {"namespace": "", "time_ms": 1778447850436, "event_type": "INTERVAL_END", "key": "block_stop", "value": null, "metadata": {"file": "/opt/venv/lib/python3.12/site-packages/primus_mllog/mlperf_pre_training.py", "lineno": 139, "samples_count": 49152}}
:::MLLOG {"namespace": "", "time_ms": 1778447850437, "event_type": "INTERVAL_START", "key": "eval_start", "value": null, "metadata": {"file": "/opt/venv/lib/python3.12/site-packages/primus_mllog/mlperf_pre_training.py", "lineno": 141, "samples_count": 49152}}
:::MLLOG {"namespace": "", "time_ms": 1778447861283, "event_type": "POINT_IN_TIME", "key": "eval_accuracy", "value": 3.891707420349121, "metadata": {"file": "/opt/venv/lib/python3.12/site-packages/primus_mllog/mlperf_pre_training.py", "lineno": 156, "samples_count": 49152}}
:::MLLOG {"namespace": "", "time_ms": 1778447861283, "event_type": "INTERVAL_END", "key": "eval_stop", "value": null, "metadata": {"file": "/opt/venv/lib/python3.12/site-packages/primus_mllog/mlperf_pre_training.py", "lineno": 170, "samples_count": 49152}}
:::MLLOG {"namespace": "", "time_ms": 1778447861283, "event_type": "INTERVAL_START", "key": "block_start", "value": null, "metadata": {"file": "/opt/venv/lib/python3.12/site-packages/primus_mllog/mlperf_pre_training.py", "lineno": 174, "samples_count": 49152}}
:::MLLOG {"namespace": "", "time_ms": 1778448279134, "event_type": "INTERVAL_END", "key": "block_stop", "value": null, "metadata": {"file": "/opt/venv/lib/python3.12/site-packages/primus_mllog/mlperf_pre_training.py", "lineno": 139, "samples_count": 61440}}
:::MLLOG {"namespace": "", "time_ms": 1778448279135, "event_type": "INTERVAL_START", "key": "eval_start", "value": null, "metadata": {"file": "/opt/venv/lib/python3.12/site-packages/primus_mllog/mlperf_pre_training.py", "lineno": 141, "samples_count": 61440}}
:::MLLOG {"namespace": "", "time_ms": 1778448289963, "event_type": "POINT_IN_TIME", "key": "eval_accuracy", "value": 3.771387815475464, "metadata": {"file": "/opt/venv/lib/python3.12/site-packages/primus_mllog/mlperf_pre_training.py", "lineno": 156, "samples_count": 61440}}
:::MLLOG {"namespace": "", "time_ms": 1778448289963, "event_type": "INTERVAL_END", "key": "eval_stop", "value": null, "metadata": {"file": "/opt/venv/lib/python3.12/site-packages/primus_mllog/mlperf_pre_training.py", "lineno": 170, "samples_count": 61440}}
:::MLLOG {"namespace": "", "time_ms": 1778448289963, "event_type": "INTERVAL_START", "key": "block_start", "value": null, "metadata": {"file": "/opt/venv/lib/python3.12/site-packages/primus_mllog/mlperf_pre_training.py", "lineno": 174, "samples_count": 61440}}
:::MLLOG {"namespace": "", "time_ms": 1778448707566, "event_type": "INTERVAL_END", "key": "block_stop", "value": null, "metadata": {"file": "/opt/venv/lib/python3.12/site-packages/primus_mllog/mlperf_pre_training.py", "lineno": 139, "samples_count": 73728}}
:::MLLOG {"namespace": "", "time_ms": 1778448707567, "event_type": "INTERVAL_START", "key": "eval_start", "value": null, "metadata": {"file": "/opt/venv/lib/python3.12/site-packages/primus_mllog/mlperf_pre_training.py", "lineno": 141, "samples_count": 73728}}
:::MLLOG {"namespace": "", "time_ms": 1778448718395, "event_type": "POINT_IN_TIME", "key": "eval_accuracy", "value": 3.662081718444824, "metadata": {"file": "/opt/venv/lib/python3.12/site-packages/primus_mllog/mlperf_pre_training.py", "lineno": 156, "samples_count": 73728}}
:::MLLOG {"namespace": "", "time_ms": 1778448718395, "event_type": "INTERVAL_END", "key": "eval_stop", "value": null, "metadata": {"file": "/opt/venv/lib/python3.12/site-packages/primus_mllog/mlperf_pre_training.py", "lineno": 170, "samples_count": 73728}}
:::MLLOG {"namespace": "", "time_ms": 1778448718395, "event_type": "INTERVAL_START", "key": "block_start", "value": null, "metadata": {"file": "/opt/venv/lib/python3.12/site-packages/primus_mllog/mlperf_pre_training.py", "lineno": 174, "samples_count": 73728}}
:::MLLOG {"namespace": "", "time_ms": 1778449136329, "event_type": "INTERVAL_END", "key": "block_stop", "value": null, "metadata": {"file": "/opt/venv/lib/python3.12/site-packages/primus_mllog/mlperf_pre_training.py", "lineno": 139, "samples_count": 86016}}
:::MLLOG {"namespace": "", "time_ms": 1778449136330, "event_type": "INTERVAL_START", "key": "eval_start", "value": null, "metadata": {"file": "/opt/venv/lib/python3.12/site-packages/primus_mllog/mlperf_pre_training.py", "lineno": 141, "samples_count": 86016}}
:::MLLOG {"namespace": "", "time_ms": 1778449147159, "event_type": "POINT_IN_TIME", "key": "eval_accuracy", "value": 3.587519884109497, "metadata": {"file": "/opt/venv/lib/python3.12/site-packages/primus_mllog/mlperf_pre_training.py", "lineno": 156, "samples_count": 86016}}
:::MLLOG {"namespace": "", "time_ms": 1778449147159, "event_type": "INTERVAL_END", "key": "eval_stop", "value": null, "metadata": {"file": "/opt/venv/lib/python3.12/site-packages/primus_mllog/mlperf_pre_training.py", "lineno": 170, "samples_count": 86016}}
:::MLLOG {"namespace": "", "time_ms": 1778449147159, "event_type": "INTERVAL_START", "key": "block_start", "value": null, "metadata": {"file": "/opt/venv/lib/python3.12/site-packages/primus_mllog/mlperf_pre_training.py", "lineno": 174, "samples_count": 86016}}
:::MLLOG {"namespace": "", "time_ms": 1778449564556, "event_type": "INTERVAL_END", "key": "block_stop", "value": null, "metadata": {"file": "/opt/venv/lib/python3.12/site-packages/primus_mllog/mlperf_pre_training.py", "lineno": 139, "samples_count": 98304}}
:::MLLOG {"namespace": "", "time_ms": 1778449564557, "event_type": "INTERVAL_START", "key": "eval_start", "value": null, "metadata": {"file": "/opt/venv/lib/python3.12/site-packages/primus_mllog/mlperf_pre_training.py", "lineno": 141, "samples_count": 98304}}
:::MLLOG {"namespace": "", "time_ms": 1778449575411, "event_type": "POINT_IN_TIME", "key": "eval_accuracy", "value": 3.534073829650879, "metadata": {"file": "/opt/venv/lib/python3.12/site-packages/primus_mllog/mlperf_pre_training.py", "lineno": 156, "samples_count": 98304}}
:::MLLOG {"namespace": "", "time_ms": 1778449575412, "event_type": "INTERVAL_END", "key": "eval_stop", "value": null, "metadata": {"file": "/opt/venv/lib/python3.12/site-packages/primus_mllog/mlperf_pre_training.py", "lineno": 170, "samples_count": 98304}}
:::MLLOG {"namespace": "", "time_ms": 1778449575412, "event_type": "INTERVAL_START", "key": "block_start", "value": null, "metadata": {"file": "/opt/venv/lib/python3.12/site-packages/primus_mllog/mlperf_pre_training.py", "lineno": 174, "samples_count": 98304}}
:::MLLOG {"namespace": "", "time_ms": 1778449992953, "event_type": "INTERVAL_END", "key": "block_stop", "value": null, "metadata": {"file": "/opt/venv/lib/python3.12/site-packages/primus_mllog/mlperf_pre_training.py", "lineno": 139, "samples_count": 110592}}
:::MLLOG {"namespace": "", "time_ms": 1778449992953, "event_type": "INTERVAL_START", "key": "eval_start", "value": null, "metadata": {"file": "/opt/venv/lib/python3.12/site-packages/primus_mllog/mlperf_pre_training.py", "lineno": 141, "samples_count": 110592}}
:::MLLOG {"namespace": "", "time_ms": 1778450003779, "event_type": "POINT_IN_TIME", "key": "eval_accuracy", "value": 3.4746146202087402, "metadata": {"file": "/opt/venv/lib/python3.12/site-packages/primus_mllog/mlperf_pre_training.py", "lineno": 156, "samples_count": 110592}}
:::MLLOG {"namespace": "", "time_ms": 1778450003780, "event_type": "INTERVAL_END", "key": "eval_stop", "value": null, "metadata": {"file": "/opt/venv/lib/python3.12/site-packages/primus_mllog/mlperf_pre_training.py", "lineno": 170, "samples_count": 110592}}
:::MLLOG {"namespace": "", "time_ms": 1778450003780, "event_type": "INTERVAL_START", "key": "block_start", "value": null, "metadata": {"file": "/opt/venv/lib/python3.12/site-packages/primus_mllog/mlperf_pre_training.py", "lineno": 174, "samples_count": 110592}}
:::MLLOG {"namespace": "", "time_ms": 1778450421699, "event_type": "INTERVAL_END", "key": "block_stop", "value": null, "metadata": {"file": "/opt/venv/lib/python3.12/site-packages/primus_mllog/mlperf_pre_training.py", "lineno": 139, "samples_count": 122880}}
:::MLLOG {"namespace": "", "time_ms": 1778450421699, "event_type": "INTERVAL_START", "key": "eval_start", "value": null, "metadata": {"file": "/opt/venv/lib/python3.12/site-packages/primus_mllog/mlperf_pre_training.py", "lineno": 141, "samples_count": 122880}}
:::MLLOG {"namespace": "", "time_ms": 1778450432526, "event_type": "POINT_IN_TIME", "key": "eval_accuracy", "value": 3.4293363094329834, "metadata": {"file": "/opt/venv/lib/python3.12/site-packages/primus_mllog/mlperf_pre_training.py", "lineno": 156, "samples_count": 122880}}
:::MLLOG {"namespace": "", "time_ms": 1778450432527, "event_type": "INTERVAL_END", "key": "eval_stop", "value": null, "metadata": {"file": "/opt/venv/lib/python3.12/site-packages/primus_mllog/mlperf_pre_training.py", "lineno": 170, "samples_count": 122880}}
:::MLLOG {"namespace": "", "time_ms": 1778450432527, "event_type": "INTERVAL_START", "key": "block_start", "value": null, "metadata": {"file": "/opt/venv/lib/python3.12/site-packages/primus_mllog/mlperf_pre_training.py", "lineno": 174, "samples_count": 122880}}
:::MLLOG {"namespace": "", "time_ms": 1778450849643, "event_type": "INTERVAL_END", "key": "block_stop", "value": null, "metadata": {"file": "/opt/venv/lib/python3.12/site-packages/primus_mllog/mlperf_pre_training.py", "lineno": 139, "samples_count": 135168}}
:::MLLOG {"namespace": "", "time_ms": 1778450849643, "event_type": "INTERVAL_START", "key": "eval_start", "value": null, "metadata": {"file": "/opt/venv/lib/python3.12/site-packages/primus_mllog/mlperf_pre_training.py", "lineno": 141, "samples_count": 135168}}
:::MLLOG {"namespace": "", "time_ms": 1778450860423, "event_type": "POINT_IN_TIME", "key": "eval_accuracy", "value": 3.3915977478027344, "metadata": {"file": "/opt/venv/lib/python3.12/site-packages/primus_mllog/mlperf_pre_training.py", "lineno": 156, "samples_count": 135168}}
:::MLLOG {"namespace": "", "time_ms": 1778450860424, "event_type": "INTERVAL_END", "key": "eval_stop", "value": null, "metadata": {"file": "/opt/venv/lib/python3.12/site-packages/primus_mllog/mlperf_pre_training.py", "lineno": 170, "samples_count": 135168}}
:::MLLOG {"namespace": "", "time_ms": 1778450860424, "event_type": "INTERVAL_START", "key": "block_start", "value": null, "metadata": {"file": "/opt/venv/lib/python3.12/site-packages/primus_mllog/mlperf_pre_training.py", "lineno": 174, "samples_count": 135168}}
:::MLLOG {"namespace": "", "time_ms": 1778451278286, "event_type": "INTERVAL_END", "key": "block_stop", "value": null, "metadata": {"file": "/opt/venv/lib/python3.12/site-packages/primus_mllog/mlperf_pre_training.py", "lineno": 139, "samples_count": 147456}}
:::MLLOG {"namespace": "", "time_ms": 1778451278286, "event_type": "INTERVAL_START", "key": "eval_start", "value": null, "metadata": {"file": "/opt/venv/lib/python3.12/site-packages/primus_mllog/mlperf_pre_training.py", "lineno": 141, "samples_count": 147456}}
:::MLLOG {"namespace": "", "time_ms": 1778451289145, "event_type": "POINT_IN_TIME", "key": "eval_accuracy", "value": 3.362421989440918, "metadata": {"file": "/opt/venv/lib/python3.12/site-packages/primus_mllog/mlperf_pre_training.py", "lineno": 156, "samples_count": 147456}}
:::MLLOG {"namespace": "", "time_ms": 1778451289145, "event_type": "INTERVAL_END", "key": "eval_stop", "value": null, "metadata": {"file": "/opt/venv/lib/python3.12/site-packages/primus_mllog/mlperf_pre_training.py", "lineno": 170, "samples_count": 147456}}
:::MLLOG {"namespace": "", "time_ms": 1778451289145, "event_type": "INTERVAL_START", "key": "block_start", "value": null, "metadata": {"file": "/opt/venv/lib/python3.12/site-packages/primus_mllog/mlperf_pre_training.py", "lineno": 174, "samples_count": 147456}}
:::MLLOG {"namespace": "", "time_ms": 1778451707081, "event_type": "INTERVAL_END", "key": "block_stop", "value": null, "metadata": {"file": "/opt/venv/lib/python3.12/site-packages/primus_mllog/mlperf_pre_training.py", "lineno": 139, "samples_count": 159744}}
:::MLLOG {"namespace": "", "time_ms": 1778451707082, "event_type": "INTERVAL_START", "key": "eval_start", "value": null, "metadata": {"file": "/opt/venv/lib/python3.12/site-packages/primus_mllog/mlperf_pre_training.py", "lineno": 141, "samples_count": 159744}}
:::MLLOG {"namespace": "", "time_ms": 1778451717895, "event_type": "POINT_IN_TIME", "key": "eval_accuracy", "value": 3.3427324295043945, "metadata": {"file": "/opt/venv/lib/python3.12/site-packages/primus_mllog/mlperf_pre_training.py", "lineno": 156, "samples_count": 159744}}
:::MLLOG {"namespace": "", "time_ms": 1778451717896, "event_type": "INTERVAL_END", "key": "eval_stop", "value": null, "metadata": {"file": "/opt/venv/lib/python3.12/site-packages/primus_mllog/mlperf_pre_training.py", "lineno": 170, "samples_count": 159744}}
:::MLLOG {"namespace": "", "time_ms": 1778451717896, "event_type": "INTERVAL_START", "key": "block_start", "value": null, "metadata": {"file": "/opt/venv/lib/python3.12/site-packages/primus_mllog/mlperf_pre_training.py", "lineno": 174, "samples_count": 159744}}
:::MLLOG {"namespace": "", "time_ms": 1778452135133, "event_type": "INTERVAL_END", "key": "block_stop", "value": null, "metadata": {"file": "/opt/venv/lib/python3.12/site-packages/primus_mllog/mlperf_pre_training.py", "lineno": 139, "samples_count": 172032}}
:::MLLOG {"namespace": "", "time_ms": 1778452135133, "event_type": "INTERVAL_START", "key": "eval_start", "value": null, "metadata": {"file": "/opt/venv/lib/python3.12/site-packages/primus_mllog/mlperf_pre_training.py", "lineno": 141, "samples_count": 172032}}
:::MLLOG {"namespace": "", "time_ms": 1778452145989, "event_type": "POINT_IN_TIME", "key": "eval_accuracy", "value": 3.310838222503662, "metadata": {"file": "/opt/venv/lib/python3.12/site-packages/primus_mllog/mlperf_pre_training.py", "lineno": 156, "samples_count": 172032}}
:::MLLOG {"namespace": "", "time_ms": 1778452145989, "event_type": "INTERVAL_END", "key": "eval_stop", "value": null, "metadata": {"file": "/opt/venv/lib/python3.12/site-packages/primus_mllog/mlperf_pre_training.py", "lineno": 170, "samples_count": 172032}}
:::MLLOG {"namespace": "", "time_ms": 1778452145989, "event_type": "INTERVAL_START", "key": "block_start", "value": null, "metadata": {"file": "/opt/venv/lib/python3.12/site-packages/primus_mllog/mlperf_pre_training.py", "lineno": 174, "samples_count": 172032}}
:::MLLOG {"namespace": "", "time_ms": 1778452563034, "event_type": "INTERVAL_END", "key": "block_stop", "value": null, "metadata": {"file": "/opt/venv/lib/python3.12/site-packages/primus_mllog/mlperf_pre_training.py", "lineno": 139, "samples_count": 184320}}
:::MLLOG {"namespace": "", "time_ms": 1778452563034, "event_type": "INTERVAL_START", "key": "eval_start", "value": null, "metadata": {"file": "/opt/venv/lib/python3.12/site-packages/primus_mllog/mlperf_pre_training.py", "lineno": 141, "samples_count": 184320}}
:::MLLOG {"namespace": "", "time_ms": 1778452573914, "event_type": "POINT_IN_TIME", "key": "eval_accuracy", "value": 3.288250684738159, "metadata": {"file": "/opt/venv/lib/python3.12/site-packages/primus_mllog/mlperf_pre_training.py", "lineno": 156, "samples_count": 184320}}
:::MLLOG {"namespace": "", "time_ms": 1778452573915, "event_type": "INTERVAL_END", "key": "eval_stop", "value": null, "metadata": {"file": "/opt/venv/lib/python3.12/site-packages/primus_mllog/mlperf_pre_training.py", "lineno": 170, "samples_count": 184320}}
:::MLLOG {"namespace": "", "time_ms": 1778452573921, "event_type": "INTERVAL_END", "key": "epoch_stop", "value": null, "metadata": {"file": "/opt/venv/lib/python3.12/site-packages/primus_mllog/mlperf_pre_training.py", "lineno": 220, "samples_count": 184320}}
:::MLLOG {"namespace": "", "time_ms": 1778452573921, "event_type": "INTERVAL_END", "key": "run_stop", "value": null, "metadata": {"file": "/opt/venv/lib/python3.12/site-packages/primus_mllog/mlperf_pre_training.py", "lineno": 224, "samples_count": 184320, "status": "success"}}
:::MLLOG {"namespace": "", "time_ms": 1778452592217, "event_type": "POINT_IN_TIME", "key": "run_duration", "value": "6423.92s -> 107.07 minutes", "metadata": {"file": "/opt/venv/lib/python3.12/site-packages/primus_mllog/mlperf_pre_training.py", "lineno": 87, "samples": 184320}}
:::MLLOG {"namespace": "", "time_ms": 1778452592217, "event_type": "POINT_IN_TIME", "key": "overall_throughput", "value": 28.69, "metadata": {"file": "/opt/venv/lib/python3.12/site-packages/primus_mllog/mlperf_pre_training.py", "lineno": 92, "samples": 184320}}
:::MLLOG {"namespace": "", "time_ms": 1778452672906, "event_type": "POINT_IN_TIME", "key": "global_batch_size", "value": 32, "metadata": {"file": "/opt/venv/lib/python3.12/site-packages/primus_mllog/mlperf_pre_training.py", "lineno": 66}}
:::MLLOG {"namespace": "", "time_ms": 1778452672907, "event_type": "POINT_IN_TIME", "key": "gradient_accumulation_steps", "value": 2, "metadata": {"file": "/opt/venv/lib/python3.12/site-packages/primus_mllog/mlperf_pre_training.py", "lineno": 66}}
:::MLLOG {"namespace": "", "time_ms": 1778452672907, "event_type": "POINT_IN_TIME", "key": "max_sequence_length", "value": 8192, "metadata": {"file": "/opt/venv/lib/python3.12/site-packages/primus_mllog/mlperf_pre_training.py", "lineno": 66}}
:::MLLOG {"namespace": "", "time_ms": 1778452672907, "event_type": "POINT_IN_TIME", "key": "train_samples", "value": 38400000, "metadata": {"file": "/opt/venv/lib/python3.12/site-packages/primus_mllog/mlperf_pre_training.py", "lineno": 66}}
:::MLLOG {"namespace": "", "time_ms": 1778452672907, "event_type": "POINT_IN_TIME", "key": "eval_samples", "value": 1024, "metadata": {"file": "/opt/venv/lib/python3.12/site-packages/primus_mllog/mlperf_pre_training.py", "lineno": 66}}
:::MLLOG {"namespace": "", "time_ms": 1778452672907, "event_type": "POINT_IN_TIME", "key": "seed", "value": 25275, "metadata": {"file": "/opt/venv/lib/python3.12/site-packages/primus_mllog/mlperf_pre_training.py", "lineno": 66}}
:::MLLOG {"namespace": "", "time_ms": 1778452672907, "event_type": "POINT_IN_TIME", "key": "init_checkpoint_step", "value": 0, "metadata": {"file": "/opt/venv/lib/python3.12/site-packages/primus_mllog/mlperf_pre_training.py", "lineno": 66}}
:::MLLOG {"namespace": "", "time_ms": 1778452672907, "event_type": "POINT_IN_TIME", "key": "opt_name", "value": "adamw", "metadata": {"file": "/opt/venv/lib/python3.12/site-packages/primus_mllog/mlperf_pre_training.py", "lineno": 66}}
:::MLLOG {"namespace": "", "time_ms": 1778452672907, "event_type": "POINT_IN_TIME", "key": "opt_base_learning_rate", "value": 0.0008, "metadata": {"file": "/opt/venv/lib/python3.12/site-packages/primus_mllog/mlperf_pre_training.py", "lineno": 66}}
:::MLLOG {"namespace": "", "time_ms": 1778452672907, "event_type": "POINT_IN_TIME", "key": "opt_adamw_beta_1", "value": 0.9, "metadata": {"file": "/opt/venv/lib/python3.12/site-packages/primus_mllog/mlperf_pre_training.py", "lineno": 66}}
:::MLLOG {"namespace": "", "time_ms": 1778452672907, "event_type": "POINT_IN_TIME", "key": "opt_adamw_beta_2", "value": 0.95, "metadata": {"file": "/opt/venv/lib/python3.12/site-packages/primus_mllog/mlperf_pre_training.py", "lineno": 66}}
:::MLLOG {"namespace": "", "time_ms": 1778452672907, "event_type": "POINT_IN_TIME", "key": "opt_adamw_epsilon", "value": 1e-05, "metadata": {"file": "/opt/venv/lib/python3.12/site-packages/primus_mllog/mlperf_pre_training.py", "lineno": 66}}
:::MLLOG {"namespace": "", "time_ms": 1778452672907, "event_type": "POINT_IN_TIME", "key": "opt_adamw_weight_decay", "value": 0.1, "metadata": {"file": "/opt/venv/lib/python3.12/site-packages/primus_mllog/mlperf_pre_training.py", "lineno": 66}}
:::MLLOG {"namespace": "", "time_ms": 1778452672907, "event_type": "POINT_IN_TIME", "key": "opt_gradient_clip_norm", "value": 1.0, "metadata": {"file": "/opt/venv/lib/python3.12/site-packages/primus_mllog/mlperf_pre_training.py", "lineno": 66}}
:::MLLOG {"namespace": "", "time_ms": 1778452672907, "event_type": "POINT_IN_TIME", "key": "opt_end_learning_rate", "value": 8e-05, "metadata": {"file": "/opt/venv/lib/python3.12/site-packages/primus_mllog/mlperf_pre_training.py", "lineno": 66}}
:::MLLOG {"namespace": "", "time_ms": 1778452672907, "event_type": "POINT_IN_TIME", "key": "opt_learning_rate_warmup_steps", "value": 64, "metadata": {"file": "/opt/venv/lib/python3.12/site-packages/primus_mllog/mlperf_pre_training.py", "lineno": 66}}
:::MLLOG {"namespace": "", "time_ms": 1778452672907, "event_type": "POINT_IN_TIME", "key": "opt_learning_rate_decay_steps", "value": 1199936, "metadata": {"file": "/opt/venv/lib/python3.12/site-packages/primus_mllog/mlperf_pre_training.py", "lineno": 66}}
:::MLLOG {"namespace": "", "time_ms": 1778452672907, "event_type": "POINT_IN_TIME", "key": "opt_learning_rate_decay_schedule", "value": "cosine with linear warmup", "metadata": {"file": "/opt/venv/lib/python3.12/site-packages/primus_mllog/mlperf_pre_training.py", "lineno": 66}}
:::MLLOG {"namespace": "", "time_ms": 1778452672907, "event_type": "POINT_IN_TIME", "key": "max_steps", "value": 1200000, "metadata": {"file": "/opt/venv/lib/python3.12/site-packages/primus_mllog/mlperf_pre_training.py", "lineno": 66}}
:::MLLOG {"namespace": "", "time_ms": 1778452672907, "event_type": "POINT_IN_TIME", "key": "submission_benchmark", "value": "llama31_8b", "metadata": {"file": "/opt/venv/lib/python3.12/site-packages/primus_mllog/mlperf_pre_training.py", "lineno": 66}}
:::MLLOG {"namespace": "", "time_ms": 1778452672907, "event_type": "POINT_IN_TIME", "key": "submission_division", "value": "closed", "metadata": {"file": "/opt/venv/lib/python3.12/site-packages/primus_mllog/mlperf_pre_training.py", "lineno": 66}}
:::MLLOG {"namespace": "", "time_ms": 1778452672907, "event_type": "POINT_IN_TIME", "key": "submission_status", "value": "", "metadata": {"file": "/opt/venv/lib/python3.12/site-packages/primus_mllog/mlperf_pre_training.py", "lineno": 66}}
:::MLLOG {"namespace": "", "time_ms": 1778452672907, "event_type": "POINT_IN_TIME", "key": "submission_org", "value": "AMD", "metadata": {"file": "/opt/venv/lib/python3.12/site-packages/primus_mllog/mlperf_pre_training.py", "lineno": 66}}
:::MLLOG {"namespace": "", "time_ms": 1778452672907, "event_type": "POINT_IN_TIME", "key": "submission_platform", "value": "MI350X", "metadata": {"file": "/opt/venv/lib/python3.12/site-packages/primus_mllog/mlperf_pre_training.py", "lineno": 66}}
:::MLLOG {"namespace": "", "time_ms": 1778452672907, "event_type": "INTERVAL_END", "key": "init_stop", "value": null, "metadata": {"file": "/opt/venv/lib/python3.12/site-packages/primus_mllog/mlperf_pre_training.py", "lineno": 68}}
:::MLLOG {"namespace": "", "time_ms": 1778452729769, "event_type": "INTERVAL_START", "key": "run_start", "value": null, "metadata": {"file": "/opt/venv/lib/python3.12/site-packages/primus_mllog/mlperf_pre_training.py", "lineno": 193}}
:::MLLOG {"namespace": "", "time_ms": 1778452729769, "event_type": "INTERVAL_START", "key": "epoch_start", "value": null, "metadata": {"file": "/opt/venv/lib/python3.12/site-packages/primus_mllog/mlperf_pre_training.py", "lineno": 196, "samples_count": 0}}
:::MLLOG {"namespace": "", "time_ms": 1778452729770, "event_type": "INTERVAL_START", "key": "block_start", "value": null, "metadata": {"file": "/opt/venv/lib/python3.12/site-packages/primus_mllog/mlperf_pre_training.py", "lineno": 198, "samples_count": 0}}
:::MLLOG {"namespace": "", "time_ms": 1778453143748, "event_type": "INTERVAL_END", "key": "block_stop", "value": null, "metadata": {"file": "/opt/venv/lib/python3.12/site-packages/primus_mllog/mlperf_pre_training.py", "lineno": 139, "samples_count": 12288}}
:::MLLOG {"namespace": "", "time_ms": 1778453143749, "event_type": "INTERVAL_START", "key": "eval_start", "value": null, "metadata": {"file": "/opt/venv/lib/python3.12/site-packages/primus_mllog/mlperf_pre_training.py", "lineno": 141, "samples_count": 12288}}
:::MLLOG {"namespace": "", "time_ms": 1778453155942, "event_type": "POINT_IN_TIME", "key": "eval_accuracy", "value": 5.799716472625732, "metadata": {"file": "/opt/venv/lib/python3.12/site-packages/primus_mllog/mlperf_pre_training.py", "lineno": 156, "samples_count": 12288}}
:::MLLOG {"namespace": "", "time_ms": 1778453155943, "event_type": "INTERVAL_END", "key": "eval_stop", "value": null, "metadata": {"file": "/opt/venv/lib/python3.12/site-packages/primus_mllog/mlperf_pre_training.py", "lineno": 170, "samples_count": 12288}}
:::MLLOG {"namespace": "", "time_ms": 1778453155943, "event_type": "INTERVAL_START", "key": "block_start", "value": null, "metadata": {"file": "/opt/venv/lib/python3.12/site-packages/primus_mllog/mlperf_pre_training.py", "lineno": 174, "samples_count": 12288}}
:::MLLOG {"namespace": "", "time_ms": 1778453572210, "event_type": "INTERVAL_END", "key": "block_stop", "value": null, "metadata": {"file": "/opt/venv/lib/python3.12/site-packages/primus_mllog/mlperf_pre_training.py", "lineno": 139, "samples_count": 24576}}
:::MLLOG {"namespace": "", "time_ms": 1778453572211, "event_type": "INTERVAL_START", "key": "eval_start", "value": null, "metadata": {"file": "/opt/venv/lib/python3.12/site-packages/primus_mllog/mlperf_pre_training.py", "lineno": 141, "samples_count": 24576}}
:::MLLOG {"namespace": "", "time_ms": 1778453583100, "event_type": "POINT_IN_TIME", "key": "eval_accuracy", "value": 4.548724174499512, "metadata": {"file": "/opt/venv/lib/python3.12/site-packages/primus_mllog/mlperf_pre_training.py", "lineno": 156, "samples_count": 24576}}
:::MLLOG {"namespace": "", "time_ms": 1778453583100, "event_type": "INTERVAL_END", "key": "eval_stop", "value": null, "metadata": {"file": "/opt/venv/lib/python3.12/site-packages/primus_mllog/mlperf_pre_training.py", "lineno": 170, "samples_count": 24576}}
:::MLLOG {"namespace": "", "time_ms": 1778453583100, "event_type": "INTERVAL_START", "key": "block_start", "value": null, "metadata": {"file": "/opt/venv/lib/python3.12/site-packages/primus_mllog/mlperf_pre_training.py", "lineno": 174, "samples_count": 24576}}
:::MLLOG {"namespace": "", "time_ms": 1778454001442, "event_type": "INTERVAL_END", "key": "block_stop", "value": null, "metadata": {"file": "/opt/venv/lib/python3.12/site-packages/primus_mllog/mlperf_pre_training.py", "lineno": 139, "samples_count": 36864}}
:::MLLOG {"namespace": "", "time_ms": 1778454001442, "event_type": "INTERVAL_START", "key": "eval_start", "value": null, "metadata": {"file": "/opt/venv/lib/python3.12/site-packages/primus_mllog/mlperf_pre_training.py", "lineno": 141, "samples_count": 36864}}
:::MLLOG {"namespace": "", "time_ms": 1778454012330, "event_type": "POINT_IN_TIME", "key": "eval_accuracy", "value": 4.217289924621582, "metadata": {"file": "/opt/venv/lib/python3.12/site-packages/primus_mllog/mlperf_pre_training.py", "lineno": 156, "samples_count": 36864}}
:::MLLOG {"namespace": "", "time_ms": 1778454012331, "event_type": "INTERVAL_END", "key": "eval_stop", "value": null, "metadata": {"file": "/opt/venv/lib/python3.12/site-packages/primus_mllog/mlperf_pre_training.py", "lineno": 170, "samples_count": 36864}}
:::MLLOG {"namespace": "", "time_ms": 1778454012331, "event_type": "INTERVAL_START", "key": "block_start", "value": null, "metadata": {"file": "/opt/venv/lib/python3.12/site-packages/primus_mllog/mlperf_pre_training.py", "lineno": 174, "samples_count": 36864}}
:::MLLOG {"namespace": "", "time_ms": 1778454430271, "event_type": "INTERVAL_END", "key": "block_stop", "value": null, "metadata": {"file": "/opt/venv/lib/python3.12/site-packages/primus_mllog/mlperf_pre_training.py", "lineno": 139, "samples_count": 49152}}
:::MLLOG {"namespace": "", "time_ms": 1778454430271, "event_type": "INTERVAL_START", "key": "eval_start", "value": null, "metadata": {"file": "/opt/venv/lib/python3.12/site-packages/primus_mllog/mlperf_pre_training.py", "lineno": 141, "samples_count": 49152}}
:::MLLOG {"namespace": "", "time_ms": 1778454441130, "event_type": "POINT_IN_TIME", "key": "eval_accuracy", "value": 3.905182361602783, "metadata": {"file": "/opt/venv/lib/python3.12/site-packages/primus_mllog/mlperf_pre_training.py", "lineno": 156, "samples_count": 49152}}
:::MLLOG {"namespace": "", "time_ms": 1778454441130, "event_type": "INTERVAL_END", "key": "eval_stop", "value": null, "metadata": {"file": "/opt/venv/lib/python3.12/site-packages/primus_mllog/mlperf_pre_training.py", "lineno": 170, "samples_count": 49152}}
:::MLLOG {"namespace": "", "time_ms": 1778454441130, "event_type": "INTERVAL_START", "key": "block_start", "value": null, "metadata": {"file": "/opt/venv/lib/python3.12/site-packages/primus_mllog/mlperf_pre_training.py", "lineno": 174, "samples_count": 49152}}
:::MLLOG {"namespace": "", "time_ms": 1778454859852, "event_type": "INTERVAL_END", "key": "block_stop", "value": null, "metadata": {"file": "/opt/venv/lib/python3.12/site-packages/primus_mllog/mlperf_pre_training.py", "lineno": 139, "samples_count": 61440}}
:::MLLOG {"namespace": "", "time_ms": 1778454859852, "event_type": "INTERVAL_START", "key": "eval_start", "value": null, "metadata": {"file": "/opt/venv/lib/python3.12/site-packages/primus_mllog/mlperf_pre_training.py", "lineno": 141, "samples_count": 61440}}
:::MLLOG {"namespace": "", "time_ms": 1778454870856, "event_type": "POINT_IN_TIME", "key": "eval_accuracy", "value": 3.7712018489837646, "metadata": {"file": "/opt/venv/lib/python3.12/site-packages/primus_mllog/mlperf_pre_training.py", "lineno": 156, "samples_count": 61440}}
:::MLLOG {"namespace": "", "time_ms": 1778454870856, "event_type": "INTERVAL_END", "key": "eval_stop", "value": null, "metadata": {"file": "/opt/venv/lib/python3.12/site-packages/primus_mllog/mlperf_pre_training.py", "lineno": 170, "samples_count": 61440}}
:::MLLOG {"namespace": "", "time_ms": 1778454870856, "event_type": "INTERVAL_START", "key": "block_start", "value": null, "metadata": {"file": "/opt/venv/lib/python3.12/site-packages/primus_mllog/mlperf_pre_training.py", "lineno": 174, "samples_count": 61440}}
:::MLLOG {"namespace": "", "time_ms": 1778455289270, "event_type": "INTERVAL_END", "key": "block_stop", "value": null, "metadata": {"file": "/opt/venv/lib/python3.12/site-packages/primus_mllog/mlperf_pre_training.py", "lineno": 139, "samples_count": 73728}}
:::MLLOG {"namespace": "", "time_ms": 1778455289270, "event_type": "INTERVAL_START", "key": "eval_start", "value": null, "metadata": {"file": "/opt/venv/lib/python3.12/site-packages/primus_mllog/mlperf_pre_training.py", "lineno": 141, "samples_count": 73728}}
:::MLLOG {"namespace": "", "time_ms": 1778455300114, "event_type": "POINT_IN_TIME", "key": "eval_accuracy", "value": 3.672771453857422, "metadata": {"file": "/opt/venv/lib/python3.12/site-packages/primus_mllog/mlperf_pre_training.py", "lineno": 156, "samples_count": 73728}}
:::MLLOG {"namespace": "", "time_ms": 1778455300114, "event_type": "INTERVAL_END", "key": "eval_stop", "value": null, "metadata": {"file": "/opt/venv/lib/python3.12/site-packages/primus_mllog/mlperf_pre_training.py", "lineno": 170, "samples_count": 73728}}
:::MLLOG {"namespace": "", "time_ms": 1778455300114, "event_type": "INTERVAL_START", "key": "block_start", "value": null, "metadata": {"file": "/opt/venv/lib/python3.12/site-packages/primus_mllog/mlperf_pre_training.py", "lineno": 174, "samples_count": 73728}}
:::MLLOG {"namespace": "", "time_ms": 1778455718683, "event_type": "INTERVAL_END", "key": "block_stop", "value": null, "metadata": {"file": "/opt/venv/lib/python3.12/site-packages/primus_mllog/mlperf_pre_training.py", "lineno": 139, "samples_count": 86016}}
:::MLLOG {"namespace": "", "time_ms": 1778455718684, "event_type": "INTERVAL_START", "key": "eval_start", "value": null, "metadata": {"file": "/opt/venv/lib/python3.12/site-packages/primus_mllog/mlperf_pre_training.py", "lineno": 141, "samples_count": 86016}}
:::MLLOG {"namespace": "", "time_ms": 1778455729575, "event_type": "POINT_IN_TIME", "key": "eval_accuracy", "value": 3.5980846881866455, "metadata": {"file": "/opt/venv/lib/python3.12/site-packages/primus_mllog/mlperf_pre_training.py", "lineno": 156, "samples_count": 86016}}
:::MLLOG {"namespace": "", "time_ms": 1778455729575, "event_type": "INTERVAL_END", "key": "eval_stop", "value": null, "metadata": {"file": "/opt/venv/lib/python3.12/site-packages/primus_mllog/mlperf_pre_training.py", "lineno": 170, "samples_count": 86016}}
:::MLLOG {"namespace": "", "time_ms": 1778455729575, "event_type": "INTERVAL_START", "key": "block_start", "value": null, "metadata": {"file": "/opt/venv/lib/python3.12/site-packages/primus_mllog/mlperf_pre_training.py", "lineno": 174, "samples_count": 86016}}
:::MLLOG {"namespace": "", "time_ms": 1778456148412, "event_type": "INTERVAL_END", "key": "block_stop", "value": null, "metadata": {"file": "/opt/venv/lib/python3.12/site-packages/primus_mllog/mlperf_pre_training.py", "lineno": 139, "samples_count": 98304}}
:::MLLOG {"namespace": "", "time_ms": 1778456148412, "event_type": "INTERVAL_START", "key": "eval_start", "value": null, "metadata": {"file": "/opt/venv/lib/python3.12/site-packages/primus_mllog/mlperf_pre_training.py", "lineno": 141, "samples_count": 98304}}
:::MLLOG {"namespace": "", "time_ms": 1778456159315, "event_type": "POINT_IN_TIME", "key": "eval_accuracy", "value": 3.5400099754333496, "metadata": {"file": "/opt/venv/lib/python3.12/site-packages/primus_mllog/mlperf_pre_training.py", "lineno": 156, "samples_count": 98304}}
:::MLLOG {"namespace": "", "time_ms": 1778456159315, "event_type": "INTERVAL_END", "key": "eval_stop", "value": null, "metadata": {"file": "/opt/venv/lib/python3.12/site-packages/primus_mllog/mlperf_pre_training.py", "lineno": 170, "samples_count": 98304}}
:::MLLOG {"namespace": "", "time_ms": 1778456159315, "event_type": "INTERVAL_START", "key": "block_start", "value": null, "metadata": {"file": "/opt/venv/lib/python3.12/site-packages/primus_mllog/mlperf_pre_training.py", "lineno": 174, "samples_count": 98304}}
:::MLLOG {"namespace": "", "time_ms": 1778456578050, "event_type": "INTERVAL_END", "key": "block_stop", "value": null, "metadata": {"file": "/opt/venv/lib/python3.12/site-packages/primus_mllog/mlperf_pre_training.py", "lineno": 139, "samples_count": 110592}}
:::MLLOG {"namespace": "", "time_ms": 1778456578051, "event_type": "INTERVAL_START", "key": "eval_start", "value": null, "metadata": {"file": "/opt/venv/lib/python3.12/site-packages/primus_mllog/mlperf_pre_training.py", "lineno": 141, "samples_count": 110592}}
:::MLLOG {"namespace": "", "time_ms": 1778456588902, "event_type": "POINT_IN_TIME", "key": "eval_accuracy", "value": 3.4973108768463135, "metadata": {"file": "/opt/venv/lib/python3.12/site-packages/primus_mllog/mlperf_pre_training.py", "lineno": 156, "samples_count": 110592}}
:::MLLOG {"namespace": "", "time_ms": 1778456588902, "event_type": "INTERVAL_END", "key": "eval_stop", "value": null, "metadata": {"file": "/opt/venv/lib/python3.12/site-packages/primus_mllog/mlperf_pre_training.py", "lineno": 170, "samples_count": 110592}}
:::MLLOG {"namespace": "", "time_ms": 1778456588902, "event_type": "INTERVAL_START", "key": "block_start", "value": null, "metadata": {"file": "/opt/venv/lib/python3.12/site-packages/primus_mllog/mlperf_pre_training.py", "lineno": 174, "samples_count": 110592}}
:::MLLOG {"namespace": "", "time_ms": 1778457006924, "event_type": "INTERVAL_END", "key": "block_stop", "value": null, "metadata": {"file": "/opt/venv/lib/python3.12/site-packages/primus_mllog/mlperf_pre_training.py", "lineno": 139, "samples_count": 122880}}
:::MLLOG {"namespace": "", "time_ms": 1778457006924, "event_type": "INTERVAL_START", "key": "eval_start", "value": null, "metadata": {"file": "/opt/venv/lib/python3.12/site-packages/primus_mllog/mlperf_pre_training.py", "lineno": 141, "samples_count": 122880}}
:::MLLOG {"namespace": "", "time_ms": 1778457017818, "event_type": "POINT_IN_TIME", "key": "eval_accuracy", "value": 3.4455015659332275, "metadata": {"file": "/opt/venv/lib/python3.12/site-packages/primus_mllog/mlperf_pre_training.py", "lineno": 156, "samples_count": 122880}}
:::MLLOG {"namespace": "", "time_ms": 1778457017819, "event_type": "INTERVAL_END", "key": "eval_stop", "value": null, "metadata": {"file": "/opt/venv/lib/python3.12/site-packages/primus_mllog/mlperf_pre_training.py", "lineno": 170, "samples_count": 122880}}
:::MLLOG {"namespace": "", "time_ms": 1778457017819, "event_type": "INTERVAL_START", "key": "block_start", "value": null, "metadata": {"file": "/opt/venv/lib/python3.12/site-packages/primus_mllog/mlperf_pre_training.py", "lineno": 174, "samples_count": 122880}}
:::MLLOG {"namespace": "", "time_ms": 1778457435832, "event_type": "INTERVAL_END", "key": "block_stop", "value": null, "metadata": {"file": "/opt/venv/lib/python3.12/site-packages/primus_mllog/mlperf_pre_training.py", "lineno": 139, "samples_count": 135168}}
:::MLLOG {"namespace": "", "time_ms": 1778457435832, "event_type": "INTERVAL_START", "key": "eval_start", "value": null, "metadata": {"file": "/opt/venv/lib/python3.12/site-packages/primus_mllog/mlperf_pre_training.py", "lineno": 141, "samples_count": 135168}}
:::MLLOG {"namespace": "", "time_ms": 1778457446680, "event_type": "POINT_IN_TIME", "key": "eval_accuracy", "value": 3.411709785461426, "metadata": {"file": "/opt/venv/lib/python3.12/site-packages/primus_mllog/mlperf_pre_training.py", "lineno": 156, "samples_count": 135168}}
:::MLLOG {"namespace": "", "time_ms": 1778457446680, "event_type": "INTERVAL_END", "key": "eval_stop", "value": null, "metadata": {"file": "/opt/venv/lib/python3.12/site-packages/primus_mllog/mlperf_pre_training.py", "lineno": 170, "samples_count": 135168}}
:::MLLOG {"namespace": "", "time_ms": 1778457446680, "event_type": "INTERVAL_START", "key": "block_start", "value": null, "metadata": {"file": "/opt/venv/lib/python3.12/site-packages/primus_mllog/mlperf_pre_training.py", "lineno": 174, "samples_count": 135168}}
:::MLLOG {"namespace": "", "time_ms": 1778457865450, "event_type": "INTERVAL_END", "key": "block_stop", "value": null, "metadata": {"file": "/opt/venv/lib/python3.12/site-packages/primus_mllog/mlperf_pre_training.py", "lineno": 139, "samples_count": 147456}}
:::MLLOG {"namespace": "", "time_ms": 1778457865451, "event_type": "INTERVAL_START", "key": "eval_start", "value": null, "metadata": {"file": "/opt/venv/lib/python3.12/site-packages/primus_mllog/mlperf_pre_training.py", "lineno": 141, "samples_count": 147456}}
:::MLLOG {"namespace": "", "time_ms": 1778457876307, "event_type": "POINT_IN_TIME", "key": "eval_accuracy", "value": 3.382838487625122, "metadata": {"file": "/opt/venv/lib/python3.12/site-packages/primus_mllog/mlperf_pre_training.py", "lineno": 156, "samples_count": 147456}}
:::MLLOG {"namespace": "", "time_ms": 1778457876308, "event_type": "INTERVAL_END", "key": "eval_stop", "value": null, "metadata": {"file": "/opt/venv/lib/python3.12/site-packages/primus_mllog/mlperf_pre_training.py", "lineno": 170, "samples_count": 147456}}
:::MLLOG {"namespace": "", "time_ms": 1778457876308, "event_type": "INTERVAL_START", "key": "block_start", "value": null, "metadata": {"file": "/opt/venv/lib/python3.12/site-packages/primus_mllog/mlperf_pre_training.py", "lineno": 174, "samples_count": 147456}}
:::MLLOG {"namespace": "", "time_ms": 1778458294405, "event_type": "INTERVAL_END", "key": "block_stop", "value": null, "metadata": {"file": "/opt/venv/lib/python3.12/site-packages/primus_mllog/mlperf_pre_training.py", "lineno": 139, "samples_count": 159744}}
:::MLLOG {"namespace": "", "time_ms": 1778458294405, "event_type": "INTERVAL_START", "key": "eval_start", "value": null, "metadata": {"file": "/opt/venv/lib/python3.12/site-packages/primus_mllog/mlperf_pre_training.py", "lineno": 141, "samples_count": 159744}}
:::MLLOG {"namespace": "", "time_ms": 1778458305613, "event_type": "POINT_IN_TIME", "key": "eval_accuracy", "value": 3.3593010902404785, "metadata": {"file": "/opt/venv/lib/python3.12/site-packages/primus_mllog/mlperf_pre_training.py", "lineno": 156, "samples_count": 159744}}
:::MLLOG {"namespace": "", "time_ms": 1778458305614, "event_type": "INTERVAL_END", "key": "eval_stop", "value": null, "metadata": {"file": "/opt/venv/lib/python3.12/site-packages/primus_mllog/mlperf_pre_training.py", "lineno": 170, "samples_count": 159744}}
:::MLLOG {"namespace": "", "time_ms": 1778458305614, "event_type": "INTERVAL_START", "key": "block_start", "value": null, "metadata": {"file": "/opt/venv/lib/python3.12/site-packages/primus_mllog/mlperf_pre_training.py", "lineno": 174, "samples_count": 159744}}
:::MLLOG {"namespace": "", "time_ms": 1778458724766, "event_type": "INTERVAL_END", "key": "block_stop", "value": null, "metadata": {"file": "/opt/venv/lib/python3.12/site-packages/primus_mllog/mlperf_pre_training.py", "lineno": 139, "samples_count": 172032}}
:::MLLOG {"namespace": "", "time_ms": 1778458724766, "event_type": "INTERVAL_START", "key": "eval_start", "value": null, "metadata": {"file": "/opt/venv/lib/python3.12/site-packages/primus_mllog/mlperf_pre_training.py", "lineno": 141, "samples_count": 172032}}
:::MLLOG {"namespace": "", "time_ms": 1778458735563, "event_type": "POINT_IN_TIME", "key": "eval_accuracy", "value": 3.3285160064697266, "metadata": {"file": "/opt/venv/lib/python3.12/site-packages/primus_mllog/mlperf_pre_training.py", "lineno": 156, "samples_count": 172032}}
:::MLLOG {"namespace": "", "time_ms": 1778458735564, "event_type": "INTERVAL_END", "key": "eval_stop", "value": null, "metadata": {"file": "/opt/venv/lib/python3.12/site-packages/primus_mllog/mlperf_pre_training.py", "lineno": 170, "samples_count": 172032}}
:::MLLOG {"namespace": "", "time_ms": 1778458735564, "event_type": "INTERVAL_START", "key": "block_start", "value": null, "metadata": {"file": "/opt/venv/lib/python3.12/site-packages/primus_mllog/mlperf_pre_training.py", "lineno": 174, "samples_count": 172032}}
:::MLLOG {"namespace": "", "time_ms": 1778459153550, "event_type": "INTERVAL_END", "key": "block_stop", "value": null, "metadata": {"file": "/opt/venv/lib/python3.12/site-packages/primus_mllog/mlperf_pre_training.py", "lineno": 139, "samples_count": 184320}}
:::MLLOG {"namespace": "", "time_ms": 1778459153551, "event_type": "INTERVAL_START", "key": "eval_start", "value": null, "metadata": {"file": "/opt/venv/lib/python3.12/site-packages/primus_mllog/mlperf_pre_training.py", "lineno": 141, "samples_count": 184320}}
:::MLLOG {"namespace": "", "time_ms": 1778459164413, "event_type": "POINT_IN_TIME", "key": "eval_accuracy", "value": 3.3080832958221436, "metadata": {"file": "/opt/venv/lib/python3.12/site-packages/primus_mllog/mlperf_pre_training.py", "lineno": 156, "samples_count": 184320}}
:::MLLOG {"namespace": "", "time_ms": 1778459164413, "event_type": "INTERVAL_END", "key": "eval_stop", "value": null, "metadata": {"file": "/opt/venv/lib/python3.12/site-packages/primus_mllog/mlperf_pre_training.py", "lineno": 170, "samples_count": 184320}}
:::MLLOG {"namespace": "", "time_ms": 1778459164413, "event_type": "INTERVAL_START", "key": "block_start", "value": null, "metadata": {"file": "/opt/venv/lib/python3.12/site-packages/primus_mllog/mlperf_pre_training.py", "lineno": 174, "samples_count": 184320}}
:::MLLOG {"namespace": "", "time_ms": 1778459582405, "event_type": "INTERVAL_END", "key": "block_stop", "value": null, "metadata": {"file": "/opt/venv/lib/python3.12/site-packages/primus_mllog/mlperf_pre_training.py", "lineno": 139, "samples_count": 196608}}
:::MLLOG {"namespace": "", "time_ms": 1778459582405, "event_type": "INTERVAL_START", "key": "eval_start", "value": null, "metadata": {"file": "/opt/venv/lib/python3.12/site-packages/primus_mllog/mlperf_pre_training.py", "lineno": 141, "samples_count": 196608}}
:::MLLOG {"namespace": "", "time_ms": 1778459593240, "event_type": "POINT_IN_TIME", "key": "eval_accuracy", "value": 3.285426139831543, "metadata": {"file": "/opt/venv/lib/python3.12/site-packages/primus_mllog/mlperf_pre_training.py", "lineno": 156, "samples_count": 196608}}
:::MLLOG {"namespace": "", "time_ms": 1778459593241, "event_type": "INTERVAL_END", "key": "eval_stop", "value": null, "metadata": {"file": "/opt/venv/lib/python3.12/site-packages/primus_mllog/mlperf_pre_training.py", "lineno": 170, "samples_count": 196608}}
:::MLLOG {"namespace": "", "time_ms": 1778459593248, "event_type": "INTERVAL_END", "key": "epoch_stop", "value": null, "metadata": {"file": "/opt/venv/lib/python3.12/site-packages/primus_mllog/mlperf_pre_training.py", "lineno": 220, "samples_count": 196608}}
:::MLLOG {"namespace": "", "time_ms": 1778459593248, "event_type": "INTERVAL_END", "key": "run_stop", "value": null, "metadata": {"file": "/opt/venv/lib/python3.12/site-packages/primus_mllog/mlperf_pre_training.py", "lineno": 224, "samples_count": 196608, "status": "success"}}
:::MLLOG {"namespace": "", "time_ms": 1778459609894, "event_type": "POINT_IN_TIME", "key": "run_duration", "value": "6863.47s -> 114.39 minutes", "metadata": {"file": "/opt/venv/lib/python3.12/site-packages/primus_mllog/mlperf_pre_training.py", "lineno": 87, "samples": 196608}}
:::MLLOG {"namespace": "", "time_ms": 1778459609894, "event_type": "POINT_IN_TIME", "key": "overall_throughput", "value": 28.65, "metadata": {"file": "/opt/venv/lib/python3.12/site-packages/primus_mllog/mlperf_pre_training.py", "lineno": 92, "samples": 196608}}
:::MLLOG {"namespace": "", "time_ms": 1778459691577, "event_type": "POINT_IN_TIME", "key": "global_batch_size", "value": 32, "metadata": {"file": "/opt/venv/lib/python3.12/site-packages/primus_mllog/mlperf_pre_training.py", "lineno": 66}}
:::MLLOG {"namespace": "", "time_ms": 1778459691578, "event_type": "POINT_IN_TIME", "key": "gradient_accumulation_steps", "value": 2, "metadata": {"file": "/opt/venv/lib/python3.12/site-packages/primus_mllog/mlperf_pre_training.py", "lineno": 66}}
:::MLLOG {"namespace": "", "time_ms": 1778459691578, "event_type": "POINT_IN_TIME", "key": "max_sequence_length", "value": 8192, "metadata": {"file": "/opt/venv/lib/python3.12/site-packages/primus_mllog/mlperf_pre_training.py", "lineno": 66}}
:::MLLOG {"namespace": "", "time_ms": 1778459691578, "event_type": "POINT_IN_TIME", "key": "train_samples", "value": 38400000, "metadata": {"file": "/opt/venv/lib/python3.12/site-packages/primus_mllog/mlperf_pre_training.py", "lineno": 66}}
:::MLLOG {"namespace": "", "time_ms": 1778459691578, "event_type": "POINT_IN_TIME", "key": "eval_samples", "value": 1024, "metadata": {"file": "/opt/venv/lib/python3.12/site-packages/primus_mllog/mlperf_pre_training.py", "lineno": 66}}
:::MLLOG {"namespace": "", "time_ms": 1778459691578, "event_type": "POINT_IN_TIME", "key": "seed", "value": 28205, "metadata": {"file": "/opt/venv/lib/python3.12/site-packages/primus_mllog/mlperf_pre_training.py", "lineno": 66}}
:::MLLOG {"namespace": "", "time_ms": 1778459691578, "event_type": "POINT_IN_TIME", "key": "init_checkpoint_step", "value": 0, "metadata": {"file": "/opt/venv/lib/python3.12/site-packages/primus_mllog/mlperf_pre_training.py", "lineno": 66}}
:::MLLOG {"namespace": "", "time_ms": 1778459691578, "event_type": "POINT_IN_TIME", "key": "opt_name", "value": "adamw", "metadata": {"file": "/opt/venv/lib/python3.12/site-packages/primus_mllog/mlperf_pre_training.py", "lineno": 66}}
:::MLLOG {"namespace": "", "time_ms": 1778459691578, "event_type": "POINT_IN_TIME", "key": "opt_base_learning_rate", "value": 0.0008, "metadata": {"file": "/opt/venv/lib/python3.12/site-packages/primus_mllog/mlperf_pre_training.py", "lineno": 66}}
:::MLLOG {"namespace": "", "time_ms": 1778459691578, "event_type": "POINT_IN_TIME", "key": "opt_adamw_beta_1", "value": 0.9, "metadata": {"file": "/opt/venv/lib/python3.12/site-packages/primus_mllog/mlperf_pre_training.py", "lineno": 66}}
:::MLLOG {"namespace": "", "time_ms": 1778459691578, "event_type": "POINT_IN_TIME", "key": "opt_adamw_beta_2", "value": 0.95, "metadata": {"file": "/opt/venv/lib/python3.12/site-packages/primus_mllog/mlperf_pre_training.py", "lineno": 66}}
:::MLLOG {"namespace": "", "time_ms": 1778459691578, "event_type": "POINT_IN_TIME", "key": "opt_adamw_epsilon", "value": 1e-05, "metadata": {"file": "/opt/venv/lib/python3.12/site-packages/primus_mllog/mlperf_pre_training.py", "lineno": 66}}
:::MLLOG {"namespace": "", "time_ms": 1778459691578, "event_type": "POINT_IN_TIME", "key": "opt_adamw_weight_decay", "value": 0.1, "metadata": {"file": "/opt/venv/lib/python3.12/site-packages/primus_mllog/mlperf_pre_training.py", "lineno": 66}}
:::MLLOG {"namespace": "", "time_ms": 1778459691578, "event_type": "POINT_IN_TIME", "key": "opt_gradient_clip_norm", "value": 1.0, "metadata": {"file": "/opt/venv/lib/python3.12/site-packages/primus_mllog/mlperf_pre_training.py", "lineno": 66}}
:::MLLOG {"namespace": "", "time_ms": 1778459691578, "event_type": "POINT_IN_TIME", "key": "opt_end_learning_rate", "value": 8e-05, "metadata": {"file": "/opt/venv/lib/python3.12/site-packages/primus_mllog/mlperf_pre_training.py", "lineno": 66}}
:::MLLOG {"namespace": "", "time_ms": 1778459691578, "event_type": "POINT_IN_TIME", "key": "opt_learning_rate_warmup_steps", "value": 64, "metadata": {"file": "/opt/venv/lib/python3.12/site-packages/primus_mllog/mlperf_pre_training.py", "lineno": 66}}
:::MLLOG {"namespace": "", "time_ms": 1778459691578, "event_type": "POINT_IN_TIME", "key": "opt_learning_rate_decay_steps", "value": 1199936, "metadata": {"file": "/opt/venv/lib/python3.12/site-packages/primus_mllog/mlperf_pre_training.py", "lineno": 66}}
:::MLLOG {"namespace": "", "time_ms": 1778459691578, "event_type": "POINT_IN_TIME", "key": "opt_learning_rate_decay_schedule", "value": "cosine with linear warmup", "metadata": {"file": "/opt/venv/lib/python3.12/site-packages/primus_mllog/mlperf_pre_training.py", "lineno": 66}}
:::MLLOG {"namespace": "", "time_ms": 1778459691578, "event_type": "POINT_IN_TIME", "key": "max_steps", "value": 1200000, "metadata": {"file": "/opt/venv/lib/python3.12/site-packages/primus_mllog/mlperf_pre_training.py", "lineno": 66}}
:::MLLOG {"namespace": "", "time_ms": 1778459691578, "event_type": "POINT_IN_TIME", "key": "submission_benchmark", "value": "llama31_8b", "metadata": {"file": "/opt/venv/lib/python3.12/site-packages/primus_mllog/mlperf_pre_training.py", "lineno": 66}}
:::MLLOG {"namespace": "", "time_ms": 1778459691578, "event_type": "POINT_IN_TIME", "key": "submission_division", "value": "closed", "metadata": {"file": "/opt/venv/lib/python3.12/site-packages/primus_mllog/mlperf_pre_training.py", "lineno": 66}}
:::MLLOG {"namespace": "", "time_ms": 1778459691579, "event_type": "POINT_IN_TIME", "key": "submission_status", "value": "", "metadata": {"file": "/opt/venv/lib/python3.12/site-packages/primus_mllog/mlperf_pre_training.py", "lineno": 66}}
:::MLLOG {"namespace": "", "time_ms": 1778459691579, "event_type": "POINT_IN_TIME", "key": "submission_org", "value": "AMD", "metadata": {"file": "/opt/venv/lib/python3.12/site-packages/primus_mllog/mlperf_pre_training.py", "lineno": 66}}
:::MLLOG {"namespace": "", "time_ms": 1778459691579, "event_type": "POINT_IN_TIME", "key": "submission_platform", "value": "MI350X", "metadata": {"file": "/opt/venv/lib/python3.12/site-packages/primus_mllog/mlperf_pre_training.py", "lineno": 66}}
:::MLLOG {"namespace": "", "time_ms": 1778459691579, "event_type": "INTERVAL_END", "key": "init_stop", "value": null, "metadata": {"file": "/opt/venv/lib/python3.12/site-packages/primus_mllog/mlperf_pre_training.py", "lineno": 68}}
:::MLLOG {"namespace": "", "time_ms": 1778459753113, "event_type": "INTERVAL_START", "key": "run_start", "value": null, "metadata": {"file": "/opt/venv/lib/python3.12/site-packages/primus_mllog/mlperf_pre_training.py", "lineno": 193}}
:::MLLOG {"namespace": "", "time_ms": 1778459753114, "event_type": "INTERVAL_START", "key": "epoch_start", "value": null, "metadata": {"file": "/opt/venv/lib/python3.12/site-packages/primus_mllog/mlperf_pre_training.py", "lineno": 196, "samples_count": 0}}
:::MLLOG {"namespace": "", "time_ms": 1778459753114, "event_type": "INTERVAL_START", "key": "block_start", "value": null, "metadata": {"file": "/opt/venv/lib/python3.12/site-packages/primus_mllog/mlperf_pre_training.py", "lineno": 198, "samples_count": 0}}
:::MLLOG {"namespace": "", "time_ms": 1778460168380, "event_type": "INTERVAL_END", "key": "block_stop", "value": null, "metadata": {"file": "/opt/venv/lib/python3.12/site-packages/primus_mllog/mlperf_pre_training.py", "lineno": 139, "samples_count": 12288}}
:::MLLOG {"namespace": "", "time_ms": 1778460168381, "event_type": "INTERVAL_START", "key": "eval_start", "value": null, "metadata": {"file": "/opt/venv/lib/python3.12/site-packages/primus_mllog/mlperf_pre_training.py", "lineno": 141, "samples_count": 12288}}
:::MLLOG {"namespace": "", "time_ms": 1778460181119, "event_type": "POINT_IN_TIME", "key": "eval_accuracy", "value": 5.877891540527344, "metadata": {"file": "/opt/venv/lib/python3.12/site-packages/primus_mllog/mlperf_pre_training.py", "lineno": 156, "samples_count": 12288}}
:::MLLOG {"namespace": "", "time_ms": 1778460181120, "event_type": "INTERVAL_END", "key": "eval_stop", "value": null, "metadata": {"file": "/opt/venv/lib/python3.12/site-packages/primus_mllog/mlperf_pre_training.py", "lineno": 170, "samples_count": 12288}}
:::MLLOG {"namespace": "", "time_ms": 1778460181120, "event_type": "INTERVAL_START", "key": "block_start", "value": null, "metadata": {"file": "/opt/venv/lib/python3.12/site-packages/primus_mllog/mlperf_pre_training.py", "lineno": 174, "samples_count": 12288}}
:::MLLOG {"namespace": "", "time_ms": 1778460600193, "event_type": "INTERVAL_END", "key": "block_stop", "value": null, "metadata": {"file": "/opt/venv/lib/python3.12/site-packages/primus_mllog/mlperf_pre_training.py", "lineno": 139, "samples_count": 24576}}
:::MLLOG {"namespace": "", "time_ms": 1778460600194, "event_type": "INTERVAL_START", "key": "eval_start", "value": null, "metadata": {"file": "/opt/venv/lib/python3.12/site-packages/primus_mllog/mlperf_pre_training.py", "lineno": 141, "samples_count": 24576}}
:::MLLOG {"namespace": "", "time_ms": 1778460611045, "event_type": "POINT_IN_TIME", "key": "eval_accuracy", "value": 4.567038536071777, "metadata": {"file": "/opt/venv/lib/python3.12/site-packages/primus_mllog/mlperf_pre_training.py", "lineno": 156, "samples_count": 24576}}
:::MLLOG {"namespace": "", "time_ms": 1778460611045, "event_type": "INTERVAL_END", "key": "eval_stop", "value": null, "metadata": {"file": "/opt/venv/lib/python3.12/site-packages/primus_mllog/mlperf_pre_training.py", "lineno": 170, "samples_count": 24576}}
:::MLLOG {"namespace": "", "time_ms": 1778460611045, "event_type": "INTERVAL_START", "key": "block_start", "value": null, "metadata": {"file": "/opt/venv/lib/python3.12/site-packages/primus_mllog/mlperf_pre_training.py", "lineno": 174, "samples_count": 24576}}
:::MLLOG {"namespace": "", "time_ms": 1778461030551, "event_type": "INTERVAL_END", "key": "block_stop", "value": null, "metadata": {"file": "/opt/venv/lib/python3.12/site-packages/primus_mllog/mlperf_pre_training.py", "lineno": 139, "samples_count": 36864}}
:::MLLOG {"namespace": "", "time_ms": 1778461030551, "event_type": "INTERVAL_START", "key": "eval_start", "value": null, "metadata": {"file": "/opt/venv/lib/python3.12/site-packages/primus_mllog/mlperf_pre_training.py", "lineno": 141, "samples_count": 36864}}
:::MLLOG {"namespace": "", "time_ms": 1778461041504, "event_type": "POINT_IN_TIME", "key": "eval_accuracy", "value": 4.150051116943359, "metadata": {"file": "/opt/venv/lib/python3.12/site-packages/primus_mllog/mlperf_pre_training.py", "lineno": 156, "samples_count": 36864}}
:::MLLOG {"namespace": "", "time_ms": 1778461041504, "event_type": "INTERVAL_END", "key": "eval_stop", "value": null, "metadata": {"file": "/opt/venv/lib/python3.12/site-packages/primus_mllog/mlperf_pre_training.py", "lineno": 170, "samples_count": 36864}}
:::MLLOG {"namespace": "", "time_ms": 1778461041504, "event_type": "INTERVAL_START", "key": "block_start", "value": null, "metadata": {"file": "/opt/venv/lib/python3.12/site-packages/primus_mllog/mlperf_pre_training.py", "lineno": 174, "samples_count": 36864}}
:::MLLOG {"namespace": "", "time_ms": 1778461461058, "event_type": "INTERVAL_END", "key": "block_stop", "value": null, "metadata": {"file": "/opt/venv/lib/python3.12/site-packages/primus_mllog/mlperf_pre_training.py", "lineno": 139, "samples_count": 49152}}
:::MLLOG {"namespace": "", "time_ms": 1778461461058, "event_type": "INTERVAL_START", "key": "eval_start", "value": null, "metadata": {"file": "/opt/venv/lib/python3.12/site-packages/primus_mllog/mlperf_pre_training.py", "lineno": 141, "samples_count": 49152}}
:::MLLOG {"namespace": "", "time_ms": 1778461471950, "event_type": "POINT_IN_TIME", "key": "eval_accuracy", "value": 3.927131175994873, "metadata": {"file": "/opt/venv/lib/python3.12/site-packages/primus_mllog/mlperf_pre_training.py", "lineno": 156, "samples_count": 49152}}
:::MLLOG {"namespace": "", "time_ms": 1778461471950, "event_type": "INTERVAL_END", "key": "eval_stop", "value": null, "metadata": {"file": "/opt/venv/lib/python3.12/site-packages/primus_mllog/mlperf_pre_training.py", "lineno": 170, "samples_count": 49152}}
:::MLLOG {"namespace": "", "time_ms": 1778461471950, "event_type": "INTERVAL_START", "key": "block_start", "value": null, "metadata": {"file": "/opt/venv/lib/python3.12/site-packages/primus_mllog/mlperf_pre_training.py", "lineno": 174, "samples_count": 49152}}
:::MLLOG {"namespace": "", "time_ms": 1778461890644, "event_type": "INTERVAL_END", "key": "block_stop", "value": null, "metadata": {"file": "/opt/venv/lib/python3.12/site-packages/primus_mllog/mlperf_pre_training.py", "lineno": 139, "samples_count": 61440}}
:::MLLOG {"namespace": "", "time_ms": 1778461890645, "event_type": "INTERVAL_START", "key": "eval_start", "value": null, "metadata": {"file": "/opt/venv/lib/python3.12/site-packages/primus_mllog/mlperf_pre_training.py", "lineno": 141, "samples_count": 61440}}
:::MLLOG {"namespace": "", "time_ms": 1778461901540, "event_type": "POINT_IN_TIME", "key": "eval_accuracy", "value": 3.7816576957702637, "metadata": {"file": "/opt/venv/lib/python3.12/site-packages/primus_mllog/mlperf_pre_training.py", "lineno": 156, "samples_count": 61440}}
:::MLLOG {"namespace": "", "time_ms": 1778461901540, "event_type": "INTERVAL_END", "key": "eval_stop", "value": null, "metadata": {"file": "/opt/venv/lib/python3.12/site-packages/primus_mllog/mlperf_pre_training.py", "lineno": 170, "samples_count": 61440}}
:::MLLOG {"namespace": "", "time_ms": 1778461901540, "event_type": "INTERVAL_START", "key": "block_start", "value": null, "metadata": {"file": "/opt/venv/lib/python3.12/site-packages/primus_mllog/mlperf_pre_training.py", "lineno": 174, "samples_count": 61440}}
:::MLLOG {"namespace": "", "time_ms": 1778462320914, "event_type": "INTERVAL_END", "key": "block_stop", "value": null, "metadata": {"file": "/opt/venv/lib/python3.12/site-packages/primus_mllog/mlperf_pre_training.py", "lineno": 139, "samples_count": 73728}}
:::MLLOG {"namespace": "", "time_ms": 1778462320915, "event_type": "INTERVAL_START", "key": "eval_start", "value": null, "metadata": {"file": "/opt/venv/lib/python3.12/site-packages/primus_mllog/mlperf_pre_training.py", "lineno": 141, "samples_count": 73728}}
:::MLLOG {"namespace": "", "time_ms": 1778462331906, "event_type": "POINT_IN_TIME", "key": "eval_accuracy", "value": 3.6839897632598877, "metadata": {"file": "/opt/venv/lib/python3.12/site-packages/primus_mllog/mlperf_pre_training.py", "lineno": 156, "samples_count": 73728}}
:::MLLOG {"namespace": "", "time_ms": 1778462331907, "event_type": "INTERVAL_END", "key": "eval_stop", "value": null, "metadata": {"file": "/opt/venv/lib/python3.12/site-packages/primus_mllog/mlperf_pre_training.py", "lineno": 170, "samples_count": 73728}}
:::MLLOG {"namespace": "", "time_ms": 1778462331907, "event_type": "INTERVAL_START", "key": "block_start", "value": null, "metadata": {"file": "/opt/venv/lib/python3.12/site-packages/primus_mllog/mlperf_pre_training.py", "lineno": 174, "samples_count": 73728}}
:::MLLOG {"namespace": "", "time_ms": 1778462750979, "event_type": "INTERVAL_END", "key": "block_stop", "value": null, "metadata": {"file": "/opt/venv/lib/python3.12/site-packages/primus_mllog/mlperf_pre_training.py", "lineno": 139, "samples_count": 86016}}
:::MLLOG {"namespace": "", "time_ms": 1778462750979, "event_type": "INTERVAL_START", "key": "eval_start", "value": null, "metadata": {"file": "/opt/venv/lib/python3.12/site-packages/primus_mllog/mlperf_pre_training.py", "lineno": 141, "samples_count": 86016}}
:::MLLOG {"namespace": "", "time_ms": 1778462761878, "event_type": "POINT_IN_TIME", "key": "eval_accuracy", "value": 3.6053237915039062, "metadata": {"file": "/opt/venv/lib/python3.12/site-packages/primus_mllog/mlperf_pre_training.py", "lineno": 156, "samples_count": 86016}}
:::MLLOG {"namespace": "", "time_ms": 1778462761879, "event_type": "INTERVAL_END", "key": "eval_stop", "value": null, "metadata": {"file": "/opt/venv/lib/python3.12/site-packages/primus_mllog/mlperf_pre_training.py", "lineno": 170, "samples_count": 86016}}
:::MLLOG {"namespace": "", "time_ms": 1778462761879, "event_type": "INTERVAL_START", "key": "block_start", "value": null, "metadata": {"file": "/opt/venv/lib/python3.12/site-packages/primus_mllog/mlperf_pre_training.py", "lineno": 174, "samples_count": 86016}}
:::MLLOG {"namespace": "", "time_ms": 1778463181405, "event_type": "INTERVAL_END", "key": "block_stop", "value": null, "metadata": {"file": "/opt/venv/lib/python3.12/site-packages/primus_mllog/mlperf_pre_training.py", "lineno": 139, "samples_count": 98304}}
:::MLLOG {"namespace": "", "time_ms": 1778463181406, "event_type": "INTERVAL_START", "key": "eval_start", "value": null, "metadata": {"file": "/opt/venv/lib/python3.12/site-packages/primus_mllog/mlperf_pre_training.py", "lineno": 141, "samples_count": 98304}}
:::MLLOG {"namespace": "", "time_ms": 1778463192257, "event_type": "POINT_IN_TIME", "key": "eval_accuracy", "value": 3.5460407733917236, "metadata": {"file": "/opt/venv/lib/python3.12/site-packages/primus_mllog/mlperf_pre_training.py", "lineno": 156, "samples_count": 98304}}
:::MLLOG {"namespace": "", "time_ms": 1778463192257, "event_type": "INTERVAL_END", "key": "eval_stop", "value": null, "metadata": {"file": "/opt/venv/lib/python3.12/site-packages/primus_mllog/mlperf_pre_training.py", "lineno": 170, "samples_count": 98304}}
:::MLLOG {"namespace": "", "time_ms": 1778463192257, "event_type": "INTERVAL_START", "key": "block_start", "value": null, "metadata": {"file": "/opt/venv/lib/python3.12/site-packages/primus_mllog/mlperf_pre_training.py", "lineno": 174, "samples_count": 98304}}
:::MLLOG {"namespace": "", "time_ms": 1778463612045, "event_type": "INTERVAL_END", "key": "block_stop", "value": null, "metadata": {"file": "/opt/venv/lib/python3.12/site-packages/primus_mllog/mlperf_pre_training.py", "lineno": 139, "samples_count": 110592}}
:::MLLOG {"namespace": "", "time_ms": 1778463612046, "event_type": "INTERVAL_START", "key": "eval_start", "value": null, "metadata": {"file": "/opt/venv/lib/python3.12/site-packages/primus_mllog/mlperf_pre_training.py", "lineno": 141, "samples_count": 110592}}
:::MLLOG {"namespace": "", "time_ms": 1778463622887, "event_type": "POINT_IN_TIME", "key": "eval_accuracy", "value": 3.49052095413208, "metadata": {"file": "/opt/venv/lib/python3.12/site-packages/primus_mllog/mlperf_pre_training.py", "lineno": 156, "samples_count": 110592}}
:::MLLOG {"namespace": "", "time_ms": 1778463622888, "event_type": "INTERVAL_END", "key": "eval_stop", "value": null, "metadata": {"file": "/opt/venv/lib/python3.12/site-packages/primus_mllog/mlperf_pre_training.py", "lineno": 170, "samples_count": 110592}}
:::MLLOG {"namespace": "", "time_ms": 1778463622888, "event_type": "INTERVAL_START", "key": "block_start", "value": null, "metadata": {"file": "/opt/venv/lib/python3.12/site-packages/primus_mllog/mlperf_pre_training.py", "lineno": 174, "samples_count": 110592}}
:::MLLOG {"namespace": "", "time_ms": 1778464041208, "event_type": "INTERVAL_END", "key": "block_stop", "value": null, "metadata": {"file": "/opt/venv/lib/python3.12/site-packages/primus_mllog/mlperf_pre_training.py", "lineno": 139, "samples_count": 122880}}
:::MLLOG {"namespace": "", "time_ms": 1778464041209, "event_type": "INTERVAL_START", "key": "eval_start", "value": null, "metadata": {"file": "/opt/venv/lib/python3.12/site-packages/primus_mllog/mlperf_pre_training.py", "lineno": 141, "samples_count": 122880}}
:::MLLOG {"namespace": "", "time_ms": 1778464052061, "event_type": "POINT_IN_TIME", "key": "eval_accuracy", "value": 3.4459996223449707, "metadata": {"file": "/opt/venv/lib/python3.12/site-packages/primus_mllog/mlperf_pre_training.py", "lineno": 156, "samples_count": 122880}}
:::MLLOG {"namespace": "", "time_ms": 1778464052061, "event_type": "INTERVAL_END", "key": "eval_stop", "value": null, "metadata": {"file": "/opt/venv/lib/python3.12/site-packages/primus_mllog/mlperf_pre_training.py", "lineno": 170, "samples_count": 122880}}
:::MLLOG {"namespace": "", "time_ms": 1778464052061, "event_type": "INTERVAL_START", "key": "block_start", "value": null, "metadata": {"file": "/opt/venv/lib/python3.12/site-packages/primus_mllog/mlperf_pre_training.py", "lineno": 174, "samples_count": 122880}}
:::MLLOG {"namespace": "", "time_ms": 1778464471429, "event_type": "INTERVAL_END", "key": "block_stop", "value": null, "metadata": {"file": "/opt/venv/lib/python3.12/site-packages/primus_mllog/mlperf_pre_training.py", "lineno": 139, "samples_count": 135168}}
:::MLLOG {"namespace": "", "time_ms": 1778464471429, "event_type": "INTERVAL_START", "key": "eval_start", "value": null, "metadata": {"file": "/opt/venv/lib/python3.12/site-packages/primus_mllog/mlperf_pre_training.py", "lineno": 141, "samples_count": 135168}}
:::MLLOG {"namespace": "", "time_ms": 1778464482288, "event_type": "POINT_IN_TIME", "key": "eval_accuracy", "value": 3.414243221282959, "metadata": {"file": "/opt/venv/lib/python3.12/site-packages/primus_mllog/mlperf_pre_training.py", "lineno": 156, "samples_count": 135168}}
:::MLLOG {"namespace": "", "time_ms": 1778464482289, "event_type": "INTERVAL_END", "key": "eval_stop", "value": null, "metadata": {"file": "/opt/venv/lib/python3.12/site-packages/primus_mllog/mlperf_pre_training.py", "lineno": 170, "samples_count": 135168}}
:::MLLOG {"namespace": "", "time_ms": 1778464482289, "event_type": "INTERVAL_START", "key": "block_start", "value": null, "metadata": {"file": "/opt/venv/lib/python3.12/site-packages/primus_mllog/mlperf_pre_training.py", "lineno": 174, "samples_count": 135168}}
:::MLLOG {"namespace": "", "time_ms": 1778464901500, "event_type": "INTERVAL_END", "key": "block_stop", "value": null, "metadata": {"file": "/opt/venv/lib/python3.12/site-packages/primus_mllog/mlperf_pre_training.py", "lineno": 139, "samples_count": 147456}}
:::MLLOG {"namespace": "", "time_ms": 1778464901501, "event_type": "INTERVAL_START", "key": "eval_start", "value": null, "metadata": {"file": "/opt/venv/lib/python3.12/site-packages/primus_mllog/mlperf_pre_training.py", "lineno": 141, "samples_count": 147456}}
:::MLLOG {"namespace": "", "time_ms": 1778464912406, "event_type": "POINT_IN_TIME", "key": "eval_accuracy", "value": 3.3746378421783447, "metadata": {"file": "/opt/venv/lib/python3.12/site-packages/primus_mllog/mlperf_pre_training.py", "lineno": 156, "samples_count": 147456}}
:::MLLOG {"namespace": "", "time_ms": 1778464912406, "event_type": "INTERVAL_END", "key": "eval_stop", "value": null, "metadata": {"file": "/opt/venv/lib/python3.12/site-packages/primus_mllog/mlperf_pre_training.py", "lineno": 170, "samples_count": 147456}}
:::MLLOG {"namespace": "", "time_ms": 1778464912406, "event_type": "INTERVAL_START", "key": "block_start", "value": null, "metadata": {"file": "/opt/venv/lib/python3.12/site-packages/primus_mllog/mlperf_pre_training.py", "lineno": 174, "samples_count": 147456}}
:::MLLOG {"namespace": "", "time_ms": 1778465330612, "event_type": "INTERVAL_END", "key": "block_stop", "value": null, "metadata": {"file": "/opt/venv/lib/python3.12/site-packages/primus_mllog/mlperf_pre_training.py", "lineno": 139, "samples_count": 159744}}
:::MLLOG {"namespace": "", "time_ms": 1778465330612, "event_type": "INTERVAL_START", "key": "eval_start", "value": null, "metadata": {"file": "/opt/venv/lib/python3.12/site-packages/primus_mllog/mlperf_pre_training.py", "lineno": 141, "samples_count": 159744}}
:::MLLOG {"namespace": "", "time_ms": 1778465341530, "event_type": "POINT_IN_TIME", "key": "eval_accuracy", "value": 3.3520359992980957, "metadata": {"file": "/opt/venv/lib/python3.12/site-packages/primus_mllog/mlperf_pre_training.py", "lineno": 156, "samples_count": 159744}}
:::MLLOG {"namespace": "", "time_ms": 1778465341531, "event_type": "INTERVAL_END", "key": "eval_stop", "value": null, "metadata": {"file": "/opt/venv/lib/python3.12/site-packages/primus_mllog/mlperf_pre_training.py", "lineno": 170, "samples_count": 159744}}
:::MLLOG {"namespace": "", "time_ms": 1778465341531, "event_type": "INTERVAL_START", "key": "block_start", "value": null, "metadata": {"file": "/opt/venv/lib/python3.12/site-packages/primus_mllog/mlperf_pre_training.py", "lineno": 174, "samples_count": 159744}}
:::MLLOG {"namespace": "", "time_ms": 1778465759496, "event_type": "INTERVAL_END", "key": "block_stop", "value": null, "metadata": {"file": "/opt/venv/lib/python3.12/site-packages/primus_mllog/mlperf_pre_training.py", "lineno": 139, "samples_count": 172032}}
:::MLLOG {"namespace": "", "time_ms": 1778465759496, "event_type": "INTERVAL_START", "key": "eval_start", "value": null, "metadata": {"file": "/opt/venv/lib/python3.12/site-packages/primus_mllog/mlperf_pre_training.py", "lineno": 141, "samples_count": 172032}}
:::MLLOG {"namespace": "", "time_ms": 1778465770347, "event_type": "POINT_IN_TIME", "key": "eval_accuracy", "value": 3.327003240585327, "metadata": {"file": "/opt/venv/lib/python3.12/site-packages/primus_mllog/mlperf_pre_training.py", "lineno": 156, "samples_count": 172032}}
:::MLLOG {"namespace": "", "time_ms": 1778465770347, "event_type": "INTERVAL_END", "key": "eval_stop", "value": null, "metadata": {"file": "/opt/venv/lib/python3.12/site-packages/primus_mllog/mlperf_pre_training.py", "lineno": 170, "samples_count": 172032}}
:::MLLOG {"namespace": "", "time_ms": 1778465770348, "event_type": "INTERVAL_START", "key": "block_start", "value": null, "metadata": {"file": "/opt/venv/lib/python3.12/site-packages/primus_mllog/mlperf_pre_training.py", "lineno": 174, "samples_count": 172032}}
:::MLLOG {"namespace": "", "time_ms": 1778466188782, "event_type": "INTERVAL_END", "key": "block_stop", "value": null, "metadata": {"file": "/opt/venv/lib/python3.12/site-packages/primus_mllog/mlperf_pre_training.py", "lineno": 139, "samples_count": 184320}}
:::MLLOG {"namespace": "", "time_ms": 1778466188782, "event_type": "INTERVAL_START", "key": "eval_start", "value": null, "metadata": {"file": "/opt/venv/lib/python3.12/site-packages/primus_mllog/mlperf_pre_training.py", "lineno": 141, "samples_count": 184320}}
:::MLLOG {"namespace": "", "time_ms": 1778466199670, "event_type": "POINT_IN_TIME", "key": "eval_accuracy", "value": 3.3008713722229004, "metadata": {"file": "/opt/venv/lib/python3.12/site-packages/primus_mllog/mlperf_pre_training.py", "lineno": 156, "samples_count": 184320}}
:::MLLOG {"namespace": "", "time_ms": 1778466199670, "event_type": "INTERVAL_END", "key": "eval_stop", "value": null, "metadata": {"file": "/opt/venv/lib/python3.12/site-packages/primus_mllog/mlperf_pre_training.py", "lineno": 170, "samples_count": 184320}}
:::MLLOG {"namespace": "", "time_ms": 1778466199671, "event_type": "INTERVAL_START", "key": "block_start", "value": null, "metadata": {"file": "/opt/venv/lib/python3.12/site-packages/primus_mllog/mlperf_pre_training.py", "lineno": 174, "samples_count": 184320}}
:::MLLOG {"namespace": "", "time_ms": 1778466617418, "event_type": "INTERVAL_END", "key": "block_stop", "value": null, "metadata": {"file": "/opt/venv/lib/python3.12/site-packages/primus_mllog/mlperf_pre_training.py", "lineno": 139, "samples_count": 196608}}
:::MLLOG {"namespace": "", "time_ms": 1778466617418, "event_type": "INTERVAL_START", "key": "eval_start", "value": null, "metadata": {"file": "/opt/venv/lib/python3.12/site-packages/primus_mllog/mlperf_pre_training.py", "lineno": 141, "samples_count": 196608}}
:::MLLOG {"namespace": "", "time_ms": 1778466628266, "event_type": "POINT_IN_TIME", "key": "eval_accuracy", "value": 3.2845749855041504, "metadata": {"file": "/opt/venv/lib/python3.12/site-packages/primus_mllog/mlperf_pre_training.py", "lineno": 156, "samples_count": 196608}}
:::MLLOG {"namespace": "", "time_ms": 1778466628266, "event_type": "INTERVAL_END", "key": "eval_stop", "value": null, "metadata": {"file": "/opt/venv/lib/python3.12/site-packages/primus_mllog/mlperf_pre_training.py", "lineno": 170, "samples_count": 196608}}
:::MLLOG {"namespace": "", "time_ms": 1778466628272, "event_type": "INTERVAL_END", "key": "epoch_stop", "value": null, "metadata": {"file": "/opt/venv/lib/python3.12/site-packages/primus_mllog/mlperf_pre_training.py", "lineno": 220, "samples_count": 196608}}
:::MLLOG {"namespace": "", "time_ms": 1778466628273, "event_type": "INTERVAL_END", "key": "run_stop", "value": null, "metadata": {"file": "/opt/venv/lib/python3.12/site-packages/primus_mllog/mlperf_pre_training.py", "lineno": 224, "samples_count": 196608, "status": "success"}}
:::MLLOG {"namespace": "", "time_ms": 1778466645948, "event_type": "POINT_IN_TIME", "key": "run_duration", "value": "6875.15s -> 114.59 minutes", "metadata": {"file": "/opt/venv/lib/python3.12/site-packages/primus_mllog/mlperf_pre_training.py", "lineno": 87, "samples": 196608}}
:::MLLOG {"namespace": "", "time_ms": 1778466645949, "event_type": "POINT_IN_TIME", "key": "overall_throughput", "value": 28.6, "metadata": {"file": "/opt/venv/lib/python3.12/site-packages/primus_mllog/mlperf_pre_training.py", "lineno": 92, "samples": 196608}}
