:::MLLOG {"namespace": "", "time_ms": 1778728210362, "event_type": "POINT_IN_TIME", "key": "submission_benchmark", "value": "llama2_70b_lora", "metadata": {"file": "/opt/venv/lib/python3.12/site-packages/primus_mllog/mlperf_sft.py", "lineno": 120}}
:::MLLOG {"namespace": "", "time_ms": 1778728210369, "event_type": "POINT_IN_TIME", "key": "submission_org", "value": "AMD", "metadata": {"file": "/opt/venv/lib/python3.12/site-packages/primus_mllog/mlperf_sft.py", "lineno": 124}}
:::MLLOG {"namespace": "", "time_ms": 1778728210369, "event_type": "POINT_IN_TIME", "key": "submission_division", "value": "closed", "metadata": {"file": "/opt/venv/lib/python3.12/site-packages/primus_mllog/mlperf_sft.py", "lineno": 128}}
:::MLLOG {"namespace": "", "time_ms": 1778728210369, "event_type": "POINT_IN_TIME", "key": "submission_platform", "value": "MI350X", "metadata": {"file": "/opt/venv/lib/python3.12/site-packages/primus_mllog/mlperf_sft.py", "lineno": 132}}
:::MLLOG {"namespace": "", "time_ms": 1778728210369, "event_type": "POINT_IN_TIME", "key": "submission_status", "value": "onprem", "metadata": {"file": "/opt/venv/lib/python3.12/site-packages/primus_mllog/mlperf_sft.py", "lineno": 136}}
:::MLLOG {"namespace": "", "time_ms": 1778728210369, "event_type": "POINT_IN_TIME", "key": "target_accuracy", "value": 0.925, "metadata": {"file": "/opt/venv/lib/python3.12/site-packages/primus_mllog/mlperf_sft.py", "lineno": 139}}
:::MLLOG {"namespace": "", "time_ms": 1778728210369, "event_type": "POINT_IN_TIME", "key": "global_batch_size", "value": 8, "metadata": {"file": "/opt/venv/lib/python3.12/site-packages/primus_mllog/mlperf_sft.py", "lineno": 172}}
:::MLLOG {"namespace": "", "time_ms": 1778728210369, "event_type": "POINT_IN_TIME", "key": "train_samples", "value": 3901, "metadata": {"file": "/opt/venv/lib/python3.12/site-packages/primus_mllog/mlperf_sft.py", "lineno": 172}}
:::MLLOG {"namespace": "", "time_ms": 1778728210369, "event_type": "POINT_IN_TIME", "key": "eval_samples", "value": 173, "metadata": {"file": "/opt/venv/lib/python3.12/site-packages/primus_mllog/mlperf_sft.py", "lineno": 172}}
:::MLLOG {"namespace": "", "time_ms": 1778728210369, "event_type": "POINT_IN_TIME", "key": "gradient_accumulation_steps", "value": 1, "metadata": {"file": "/opt/venv/lib/python3.12/site-packages/primus_mllog/mlperf_sft.py", "lineno": 172}}
:::MLLOG {"namespace": "", "time_ms": 1778728210369, "event_type": "POINT_IN_TIME", "key": "seed", "value": 13795, "metadata": {"file": "/opt/venv/lib/python3.12/site-packages/primus_mllog/mlperf_sft.py", "lineno": 172}}
:::MLLOG {"namespace": "", "time_ms": 1778728210370, "event_type": "POINT_IN_TIME", "key": "opt_name", "value": "adamw", "metadata": {"file": "/opt/venv/lib/python3.12/site-packages/primus_mllog/mlperf_sft.py", "lineno": 172}}
:::MLLOG {"namespace": "", "time_ms": 1778728210370, "event_type": "POINT_IN_TIME", "key": "opt_base_learning_rate", "value": 0.0006, "metadata": {"file": "/opt/venv/lib/python3.12/site-packages/primus_mllog/mlperf_sft.py", "lineno": 172}}
:::MLLOG {"namespace": "", "time_ms": 1778728210370, "event_type": "POINT_IN_TIME", "key": "opt_adamw_beta_1", "value": 0.9, "metadata": {"file": "/opt/venv/lib/python3.12/site-packages/primus_mllog/mlperf_sft.py", "lineno": 172}}
:::MLLOG {"namespace": "", "time_ms": 1778728210370, "event_type": "POINT_IN_TIME", "key": "opt_adamw_beta_2", "value": 0.999, "metadata": {"file": "/opt/venv/lib/python3.12/site-packages/primus_mllog/mlperf_sft.py", "lineno": 172}}
:::MLLOG {"namespace": "", "time_ms": 1778728210370, "event_type": "POINT_IN_TIME", "key": "opt_adamw_epsilon", "value": 1e-08, "metadata": {"file": "/opt/venv/lib/python3.12/site-packages/primus_mllog/mlperf_sft.py", "lineno": 172}}
:::MLLOG {"namespace": "", "time_ms": 1778728210370, "event_type": "POINT_IN_TIME", "key": "opt_adamw_weight_decay", "value": 0.0001, "metadata": {"file": "/opt/venv/lib/python3.12/site-packages/primus_mllog/mlperf_sft.py", "lineno": 172}}
:::MLLOG {"namespace": "", "time_ms": 1778728210370, "event_type": "POINT_IN_TIME", "key": "opt_gradient_clip_norm", "value": 0.3, "metadata": {"file": "/opt/venv/lib/python3.12/site-packages/primus_mllog/mlperf_sft.py", "lineno": 172}}
:::MLLOG {"namespace": "", "time_ms": 1778728210370, "event_type": "POINT_IN_TIME", "key": "opt_learning_rate_warmup_factor", "value": 0.0, "metadata": {"file": "/opt/venv/lib/python3.12/site-packages/primus_mllog/mlperf_sft.py", "lineno": 172}}
:::MLLOG {"namespace": "", "time_ms": 1778728210370, "event_type": "POINT_IN_TIME", "key": "opt_learning_rate_training_steps", "value": 550, "metadata": {"file": "/opt/venv/lib/python3.12/site-packages/primus_mllog/mlperf_sft.py", "lineno": 172}}
:::MLLOG {"namespace": "", "time_ms": 1778728210370, "event_type": "POINT_IN_TIME", "key": "max_sequence_length", "value": 8192, "metadata": {"file": "/opt/venv/lib/python3.12/site-packages/primus_mllog/mlperf_sft.py", "lineno": 172}}
:::MLLOG {"namespace": "", "time_ms": 1778728210370, "event_type": "POINT_IN_TIME", "key": "max_steps", "value": 550, "metadata": {"file": "/opt/venv/lib/python3.12/site-packages/primus_mllog/mlperf_sft.py", "lineno": 172}}
:::MLLOG {"namespace": "", "time_ms": 1778728210370, "event_type": "POINT_IN_TIME", "key": "lora_rank", "value": 16, "metadata": {"file": "/opt/venv/lib/python3.12/site-packages/primus_mllog/mlperf_sft.py", "lineno": 172}}
:::MLLOG {"namespace": "", "time_ms": 1778728210370, "event_type": "POINT_IN_TIME", "key": "lora_alpha", "value": 32, "metadata": {"file": "/opt/venv/lib/python3.12/site-packages/primus_mllog/mlperf_sft.py", "lineno": 172}}
:::MLLOG {"namespace": "", "time_ms": 1778728210370, "event_type": "POINT_IN_TIME", "key": "tensor_parallelism", "value": 1, "metadata": {"file": "/opt/venv/lib/python3.12/site-packages/primus_mllog/mlperf_sft.py", "lineno": 172}}
:::MLLOG {"namespace": "", "time_ms": 1778728210370, "event_type": "POINT_IN_TIME", "key": "pipeline_parallelism", "value": 1, "metadata": {"file": "/opt/venv/lib/python3.12/site-packages/primus_mllog/mlperf_sft.py", "lineno": 172}}
:::MLLOG {"namespace": "", "time_ms": 1778728210370, "event_type": "POINT_IN_TIME", "key": "context_parallelism", "value": 1, "metadata": {"file": "/opt/venv/lib/python3.12/site-packages/primus_mllog/mlperf_sft.py", "lineno": 172}}
:::MLLOG {"namespace": "", "time_ms": 1778728210370, "event_type": "POINT_IN_TIME", "key": "expert_parallelism", "value": 1, "metadata": {"file": "/opt/venv/lib/python3.12/site-packages/primus_mllog/mlperf_sft.py", "lineno": 172}}
:::MLLOG {"namespace": "", "time_ms": 1778728210370, "event_type": "POINT_IN_TIME", "key": "micro_batch_size", "value": 1, "metadata": {"file": "/opt/venv/lib/python3.12/site-packages/primus_mllog/mlperf_sft.py", "lineno": 172}}
:::MLLOG {"namespace": "", "time_ms": 1778728210370, "event_type": "POINT_IN_TIME", "key": "config_filename", "value": "config_MI350X_1x8x1.sh", "metadata": {"file": "/opt/venv/lib/python3.12/site-packages/primus_mllog/mlperf_sft.py", "lineno": 172}}
:::MLLOG {"namespace": "", "time_ms": 1778728210371, "event_type": "POINT_IN_TIME", "key": "lowest_numerical_precision_linear", "value": "mxfp4", "metadata": {"file": "/opt/venv/lib/python3.12/site-packages/primus_mllog/mlperf_sft.py", "lineno": 172}}
:::MLLOG {"namespace": "", "time_ms": 1778728627963, "event_type": "INTERVAL_END", "key": "init_stop", "value": null, "metadata": {"file": "/opt/venv/lib/python3.12/site-packages/primus_mllog/mlperf_sft.py", "lineno": 186}}
:::MLLOG {"namespace": "", "time_ms": 1778728627963, "event_type": "INTERVAL_START", "key": "run_start", "value": null, "metadata": {"file": "/opt/venv/lib/python3.12/site-packages/primus_mllog/mlperf_sft.py", "lineno": 187}}
:::MLLOG {"namespace": "", "time_ms": 1778728627963, "event_type": "INTERVAL_START", "key": "epoch_start", "value": null, "metadata": {"file": "/opt/venv/lib/python3.12/site-packages/primus_mllog/mlperf_sft.py", "lineno": 189, "samples_count": 0}}
:::MLLOG {"namespace": "", "time_ms": 1778728627964, "event_type": "INTERVAL_START", "key": "block_start", "value": null, "metadata": {"file": "/opt/venv/lib/python3.12/site-packages/primus_mllog/mlperf_sft.py", "lineno": 192, "samples_count": 0}}
:::MLLOG {"namespace": "", "time_ms": 1778728888908, "event_type": "INTERVAL_END", "key": "block_stop", "value": null, "metadata": {"file": "/opt/venv/lib/python3.12/site-packages/primus_mllog/mlperf_sft.py", "lineno": 243, "samples_count": 1536}}
:::MLLOG {"namespace": "", "time_ms": 1778728888908, "event_type": "INTERVAL_START", "key": "eval_start", "value": null, "metadata": {"file": "/opt/venv/lib/python3.12/site-packages/primus_mllog/mlperf_sft.py", "lineno": 247, "samples_count": 1536}}
:::MLLOG {"namespace": "", "time_ms": 1778728902239, "event_type": "POINT_IN_TIME", "key": "eval_accuracy", "value": 0.9717976450920105, "metadata": {"file": "/opt/venv/lib/python3.12/site-packages/primus_mllog/mlperf_sft.py", "lineno": 264, "samples_count": 1536}}
:::MLLOG {"namespace": "", "time_ms": 1778728902240, "event_type": "INTERVAL_END", "key": "eval_stop", "value": null, "metadata": {"file": "/opt/venv/lib/python3.12/site-packages/primus_mllog/mlperf_sft.py", "lineno": 277, "samples_count": 1536}}
:::MLLOG {"namespace": "", "time_ms": 1778728902240, "event_type": "INTERVAL_START", "key": "block_start", "value": null, "metadata": {"file": "/opt/venv/lib/python3.12/site-packages/primus_mllog/mlperf_sft.py", "lineno": 283, "samples_count": 1536}}
:::MLLOG {"namespace": "", "time_ms": 1778728968511, "event_type": "INTERVAL_END", "key": "block_stop", "value": null, "metadata": {"file": "/opt/venv/lib/python3.12/site-packages/primus_mllog/mlperf_sft.py", "lineno": 243, "samples_count": 1920}}
:::MLLOG {"namespace": "", "time_ms": 1778728968512, "event_type": "INTERVAL_START", "key": "eval_start", "value": null, "metadata": {"file": "/opt/venv/lib/python3.12/site-packages/primus_mllog/mlperf_sft.py", "lineno": 247, "samples_count": 1920}}
:::MLLOG {"namespace": "", "time_ms": 1778728981332, "event_type": "POINT_IN_TIME", "key": "eval_accuracy", "value": 0.9617698192596436, "metadata": {"file": "/opt/venv/lib/python3.12/site-packages/primus_mllog/mlperf_sft.py", "lineno": 264, "samples_count": 1920}}
:::MLLOG {"namespace": "", "time_ms": 1778728981332, "event_type": "INTERVAL_END", "key": "eval_stop", "value": null, "metadata": {"file": "/opt/venv/lib/python3.12/site-packages/primus_mllog/mlperf_sft.py", "lineno": 277, "samples_count": 1920}}
:::MLLOG {"namespace": "", "time_ms": 1778728981332, "event_type": "INTERVAL_START", "key": "block_start", "value": null, "metadata": {"file": "/opt/venv/lib/python3.12/site-packages/primus_mllog/mlperf_sft.py", "lineno": 283, "samples_count": 1920}}
:::MLLOG {"namespace": "", "time_ms": 1778729047875, "event_type": "INTERVAL_END", "key": "block_stop", "value": null, "metadata": {"file": "/opt/venv/lib/python3.12/site-packages/primus_mllog/mlperf_sft.py", "lineno": 243, "samples_count": 2304}}
:::MLLOG {"namespace": "", "time_ms": 1778729047875, "event_type": "INTERVAL_START", "key": "eval_start", "value": null, "metadata": {"file": "/opt/venv/lib/python3.12/site-packages/primus_mllog/mlperf_sft.py", "lineno": 247, "samples_count": 2304}}
:::MLLOG {"namespace": "", "time_ms": 1778729060794, "event_type": "POINT_IN_TIME", "key": "eval_accuracy", "value": 0.9608383774757385, "metadata": {"file": "/opt/venv/lib/python3.12/site-packages/primus_mllog/mlperf_sft.py", "lineno": 264, "samples_count": 2304}}
:::MLLOG {"namespace": "", "time_ms": 1778729060794, "event_type": "INTERVAL_END", "key": "eval_stop", "value": null, "metadata": {"file": "/opt/venv/lib/python3.12/site-packages/primus_mllog/mlperf_sft.py", "lineno": 277, "samples_count": 2304}}
:::MLLOG {"namespace": "", "time_ms": 1778729060794, "event_type": "INTERVAL_START", "key": "block_start", "value": null, "metadata": {"file": "/opt/venv/lib/python3.12/site-packages/primus_mllog/mlperf_sft.py", "lineno": 283, "samples_count": 2304}}
:::MLLOG {"namespace": "", "time_ms": 1778729126107, "event_type": "INTERVAL_END", "key": "block_stop", "value": null, "metadata": {"file": "/opt/venv/lib/python3.12/site-packages/primus_mllog/mlperf_sft.py", "lineno": 243, "samples_count": 2688}}
:::MLLOG {"namespace": "", "time_ms": 1778729126108, "event_type": "INTERVAL_START", "key": "eval_start", "value": null, "metadata": {"file": "/opt/venv/lib/python3.12/site-packages/primus_mllog/mlperf_sft.py", "lineno": 247, "samples_count": 2688}}
:::MLLOG {"namespace": "", "time_ms": 1778729138659, "event_type": "POINT_IN_TIME", "key": "eval_accuracy", "value": 0.9475905299186707, "metadata": {"file": "/opt/venv/lib/python3.12/site-packages/primus_mllog/mlperf_sft.py", "lineno": 264, "samples_count": 2688}}
:::MLLOG {"namespace": "", "time_ms": 1778729138659, "event_type": "INTERVAL_END", "key": "eval_stop", "value": null, "metadata": {"file": "/opt/venv/lib/python3.12/site-packages/primus_mllog/mlperf_sft.py", "lineno": 277, "samples_count": 2688}}
:::MLLOG {"namespace": "", "time_ms": 1778729138659, "event_type": "INTERVAL_START", "key": "block_start", "value": null, "metadata": {"file": "/opt/venv/lib/python3.12/site-packages/primus_mllog/mlperf_sft.py", "lineno": 283, "samples_count": 2688}}
:::MLLOG {"namespace": "", "time_ms": 1778729228029, "event_type": "INTERVAL_END", "key": "block_stop", "value": null, "metadata": {"file": "/opt/venv/lib/python3.12/site-packages/primus_mllog/mlperf_sft.py", "lineno": 243, "samples_count": 3072}}
:::MLLOG {"namespace": "", "time_ms": 1778729228030, "event_type": "INTERVAL_START", "key": "eval_start", "value": null, "metadata": {"file": "/opt/venv/lib/python3.12/site-packages/primus_mllog/mlperf_sft.py", "lineno": 247, "samples_count": 3072}}
:::MLLOG {"namespace": "", "time_ms": 1778729245126, "event_type": "POINT_IN_TIME", "key": "eval_accuracy", "value": 0.9233573079109192, "metadata": {"file": "/opt/venv/lib/python3.12/site-packages/primus_mllog/mlperf_sft.py", "lineno": 264, "samples_count": 3072}}
:::MLLOG {"namespace": "", "time_ms": 1778729245127, "event_type": "INTERVAL_END", "key": "eval_stop", "value": null, "metadata": {"file": "/opt/venv/lib/python3.12/site-packages/primus_mllog/mlperf_sft.py", "lineno": 277, "samples_count": 3072}}
:::MLLOG {"namespace": "", "time_ms": 1778729245135, "event_type": "INTERVAL_END", "key": "epoch_stop", "value": null, "metadata": {"file": "/opt/venv/lib/python3.12/site-packages/primus_mllog/mlperf_sft.py", "lineno": 305, "samples_count": 3072}}
:::MLLOG {"namespace": "", "time_ms": 1778729245135, "event_type": "INTERVAL_END", "key": "run_stop", "value": null, "metadata": {"file": "/opt/venv/lib/python3.12/site-packages/primus_mllog/mlperf_sft.py", "lineno": 319, "samples_count": 3072, "status": "success"}}
:::MLLOG {"namespace": "", "time_ms": 1778729245135, "event_type": "POINT_IN_TIME", "key": "run_duration", "value": "617.17s -> 10.29 minutes", "metadata": {"file": "/opt/venv/lib/python3.12/site-packages/primus_mllog/mlperf_sft.py", "lineno": 331, "samples": 3072}}
:::MLLOG {"namespace": "", "time_ms": 1778729245135, "event_type": "POINT_IN_TIME", "key": "throughput", "value": 4.98, "metadata": {"file": "/opt/venv/lib/python3.12/site-packages/primus_mllog/mlperf_sft.py", "lineno": 336, "samples": 3072}}
:::MLLOG {"namespace": "", "time_ms": 1778729284014, "event_type": "POINT_IN_TIME", "key": "submission_benchmark", "value": "llama2_70b_lora", "metadata": {"file": "/opt/venv/lib/python3.12/site-packages/primus_mllog/mlperf_sft.py", "lineno": 120}}
:::MLLOG {"namespace": "", "time_ms": 1778729284021, "event_type": "POINT_IN_TIME", "key": "submission_org", "value": "AMD", "metadata": {"file": "/opt/venv/lib/python3.12/site-packages/primus_mllog/mlperf_sft.py", "lineno": 124}}
:::MLLOG {"namespace": "", "time_ms": 1778729284021, "event_type": "POINT_IN_TIME", "key": "submission_division", "value": "closed", "metadata": {"file": "/opt/venv/lib/python3.12/site-packages/primus_mllog/mlperf_sft.py", "lineno": 128}}
:::MLLOG {"namespace": "", "time_ms": 1778729284021, "event_type": "POINT_IN_TIME", "key": "submission_platform", "value": "MI350X", "metadata": {"file": "/opt/venv/lib/python3.12/site-packages/primus_mllog/mlperf_sft.py", "lineno": 132}}
:::MLLOG {"namespace": "", "time_ms": 1778729284021, "event_type": "POINT_IN_TIME", "key": "submission_status", "value": "onprem", "metadata": {"file": "/opt/venv/lib/python3.12/site-packages/primus_mllog/mlperf_sft.py", "lineno": 136}}
:::MLLOG {"namespace": "", "time_ms": 1778729284021, "event_type": "POINT_IN_TIME", "key": "target_accuracy", "value": 0.925, "metadata": {"file": "/opt/venv/lib/python3.12/site-packages/primus_mllog/mlperf_sft.py", "lineno": 139}}
:::MLLOG {"namespace": "", "time_ms": 1778729284021, "event_type": "POINT_IN_TIME", "key": "global_batch_size", "value": 8, "metadata": {"file": "/opt/venv/lib/python3.12/site-packages/primus_mllog/mlperf_sft.py", "lineno": 172}}
:::MLLOG {"namespace": "", "time_ms": 1778729284021, "event_type": "POINT_IN_TIME", "key": "train_samples", "value": 3901, "metadata": {"file": "/opt/venv/lib/python3.12/site-packages/primus_mllog/mlperf_sft.py", "lineno": 172}}
:::MLLOG {"namespace": "", "time_ms": 1778729284021, "event_type": "POINT_IN_TIME", "key": "eval_samples", "value": 173, "metadata": {"file": "/opt/venv/lib/python3.12/site-packages/primus_mllog/mlperf_sft.py", "lineno": 172}}
:::MLLOG {"namespace": "", "time_ms": 1778729284021, "event_type": "POINT_IN_TIME", "key": "gradient_accumulation_steps", "value": 1, "metadata": {"file": "/opt/venv/lib/python3.12/site-packages/primus_mllog/mlperf_sft.py", "lineno": 172}}
:::MLLOG {"namespace": "", "time_ms": 1778729284021, "event_type": "POINT_IN_TIME", "key": "seed", "value": 11048, "metadata": {"file": "/opt/venv/lib/python3.12/site-packages/primus_mllog/mlperf_sft.py", "lineno": 172}}
:::MLLOG {"namespace": "", "time_ms": 1778729284021, "event_type": "POINT_IN_TIME", "key": "opt_name", "value": "adamw", "metadata": {"file": "/opt/venv/lib/python3.12/site-packages/primus_mllog/mlperf_sft.py", "lineno": 172}}
:::MLLOG {"namespace": "", "time_ms": 1778729284021, "event_type": "POINT_IN_TIME", "key": "opt_base_learning_rate", "value": 0.0006, "metadata": {"file": "/opt/venv/lib/python3.12/site-packages/primus_mllog/mlperf_sft.py", "lineno": 172}}
:::MLLOG {"namespace": "", "time_ms": 1778729284021, "event_type": "POINT_IN_TIME", "key": "opt_adamw_beta_1", "value": 0.9, "metadata": {"file": "/opt/venv/lib/python3.12/site-packages/primus_mllog/mlperf_sft.py", "lineno": 172}}
:::MLLOG {"namespace": "", "time_ms": 1778729284021, "event_type": "POINT_IN_TIME", "key": "opt_adamw_beta_2", "value": 0.999, "metadata": {"file": "/opt/venv/lib/python3.12/site-packages/primus_mllog/mlperf_sft.py", "lineno": 172}}
:::MLLOG {"namespace": "", "time_ms": 1778729284021, "event_type": "POINT_IN_TIME", "key": "opt_adamw_epsilon", "value": 1e-08, "metadata": {"file": "/opt/venv/lib/python3.12/site-packages/primus_mllog/mlperf_sft.py", "lineno": 172}}
:::MLLOG {"namespace": "", "time_ms": 1778729284021, "event_type": "POINT_IN_TIME", "key": "opt_adamw_weight_decay", "value": 0.0001, "metadata": {"file": "/opt/venv/lib/python3.12/site-packages/primus_mllog/mlperf_sft.py", "lineno": 172}}
:::MLLOG {"namespace": "", "time_ms": 1778729284022, "event_type": "POINT_IN_TIME", "key": "opt_gradient_clip_norm", "value": 0.3, "metadata": {"file": "/opt/venv/lib/python3.12/site-packages/primus_mllog/mlperf_sft.py", "lineno": 172}}
:::MLLOG {"namespace": "", "time_ms": 1778729284022, "event_type": "POINT_IN_TIME", "key": "opt_learning_rate_warmup_factor", "value": 0.0, "metadata": {"file": "/opt/venv/lib/python3.12/site-packages/primus_mllog/mlperf_sft.py", "lineno": 172}}
:::MLLOG {"namespace": "", "time_ms": 1778729284022, "event_type": "POINT_IN_TIME", "key": "opt_learning_rate_training_steps", "value": 550, "metadata": {"file": "/opt/venv/lib/python3.12/site-packages/primus_mllog/mlperf_sft.py", "lineno": 172}}
:::MLLOG {"namespace": "", "time_ms": 1778729284022, "event_type": "POINT_IN_TIME", "key": "max_sequence_length", "value": 8192, "metadata": {"file": "/opt/venv/lib/python3.12/site-packages/primus_mllog/mlperf_sft.py", "lineno": 172}}
:::MLLOG {"namespace": "", "time_ms": 1778729284022, "event_type": "POINT_IN_TIME", "key": "max_steps", "value": 550, "metadata": {"file": "/opt/venv/lib/python3.12/site-packages/primus_mllog/mlperf_sft.py", "lineno": 172}}
:::MLLOG {"namespace": "", "time_ms": 1778729284022, "event_type": "POINT_IN_TIME", "key": "lora_rank", "value": 16, "metadata": {"file": "/opt/venv/lib/python3.12/site-packages/primus_mllog/mlperf_sft.py", "lineno": 172}}
:::MLLOG {"namespace": "", "time_ms": 1778729284022, "event_type": "POINT_IN_TIME", "key": "lora_alpha", "value": 32, "metadata": {"file": "/opt/venv/lib/python3.12/site-packages/primus_mllog/mlperf_sft.py", "lineno": 172}}
:::MLLOG {"namespace": "", "time_ms": 1778729284022, "event_type": "POINT_IN_TIME", "key": "tensor_parallelism", "value": 1, "metadata": {"file": "/opt/venv/lib/python3.12/site-packages/primus_mllog/mlperf_sft.py", "lineno": 172}}
:::MLLOG {"namespace": "", "time_ms": 1778729284022, "event_type": "POINT_IN_TIME", "key": "pipeline_parallelism", "value": 1, "metadata": {"file": "/opt/venv/lib/python3.12/site-packages/primus_mllog/mlperf_sft.py", "lineno": 172}}
:::MLLOG {"namespace": "", "time_ms": 1778729284022, "event_type": "POINT_IN_TIME", "key": "context_parallelism", "value": 1, "metadata": {"file": "/opt/venv/lib/python3.12/site-packages/primus_mllog/mlperf_sft.py", "lineno": 172}}
:::MLLOG {"namespace": "", "time_ms": 1778729284022, "event_type": "POINT_IN_TIME", "key": "expert_parallelism", "value": 1, "metadata": {"file": "/opt/venv/lib/python3.12/site-packages/primus_mllog/mlperf_sft.py", "lineno": 172}}
:::MLLOG {"namespace": "", "time_ms": 1778729284022, "event_type": "POINT_IN_TIME", "key": "micro_batch_size", "value": 1, "metadata": {"file": "/opt/venv/lib/python3.12/site-packages/primus_mllog/mlperf_sft.py", "lineno": 172}}
:::MLLOG {"namespace": "", "time_ms": 1778729284022, "event_type": "POINT_IN_TIME", "key": "config_filename", "value": "config_MI350X_1x8x1.sh", "metadata": {"file": "/opt/venv/lib/python3.12/site-packages/primus_mllog/mlperf_sft.py", "lineno": 172}}
:::MLLOG {"namespace": "", "time_ms": 1778729284022, "event_type": "POINT_IN_TIME", "key": "lowest_numerical_precision_linear", "value": "mxfp4", "metadata": {"file": "/opt/venv/lib/python3.12/site-packages/primus_mllog/mlperf_sft.py", "lineno": 172}}
:::MLLOG {"namespace": "", "time_ms": 1778729491326, "event_type": "INTERVAL_END", "key": "init_stop", "value": null, "metadata": {"file": "/opt/venv/lib/python3.12/site-packages/primus_mllog/mlperf_sft.py", "lineno": 186}}
:::MLLOG {"namespace": "", "time_ms": 1778729491327, "event_type": "INTERVAL_START", "key": "run_start", "value": null, "metadata": {"file": "/opt/venv/lib/python3.12/site-packages/primus_mllog/mlperf_sft.py", "lineno": 187}}
:::MLLOG {"namespace": "", "time_ms": 1778729491327, "event_type": "INTERVAL_START", "key": "epoch_start", "value": null, "metadata": {"file": "/opt/venv/lib/python3.12/site-packages/primus_mllog/mlperf_sft.py", "lineno": 189, "samples_count": 0}}
:::MLLOG {"namespace": "", "time_ms": 1778729491327, "event_type": "INTERVAL_START", "key": "block_start", "value": null, "metadata": {"file": "/opt/venv/lib/python3.12/site-packages/primus_mllog/mlperf_sft.py", "lineno": 192, "samples_count": 0}}
:::MLLOG {"namespace": "", "time_ms": 1778729752034, "event_type": "INTERVAL_END", "key": "block_stop", "value": null, "metadata": {"file": "/opt/venv/lib/python3.12/site-packages/primus_mllog/mlperf_sft.py", "lineno": 243, "samples_count": 1536}}
:::MLLOG {"namespace": "", "time_ms": 1778729752035, "event_type": "INTERVAL_START", "key": "eval_start", "value": null, "metadata": {"file": "/opt/venv/lib/python3.12/site-packages/primus_mllog/mlperf_sft.py", "lineno": 247, "samples_count": 1536}}
:::MLLOG {"namespace": "", "time_ms": 1778729764664, "event_type": "POINT_IN_TIME", "key": "eval_accuracy", "value": 0.972802460193634, "metadata": {"file": "/opt/venv/lib/python3.12/site-packages/primus_mllog/mlperf_sft.py", "lineno": 264, "samples_count": 1536}}
:::MLLOG {"namespace": "", "time_ms": 1778729764664, "event_type": "INTERVAL_END", "key": "eval_stop", "value": null, "metadata": {"file": "/opt/venv/lib/python3.12/site-packages/primus_mllog/mlperf_sft.py", "lineno": 277, "samples_count": 1536}}
:::MLLOG {"namespace": "", "time_ms": 1778729764664, "event_type": "INTERVAL_START", "key": "block_start", "value": null, "metadata": {"file": "/opt/venv/lib/python3.12/site-packages/primus_mllog/mlperf_sft.py", "lineno": 283, "samples_count": 1536}}
:::MLLOG {"namespace": "", "time_ms": 1778729829890, "event_type": "INTERVAL_END", "key": "block_stop", "value": null, "metadata": {"file": "/opt/venv/lib/python3.12/site-packages/primus_mllog/mlperf_sft.py", "lineno": 243, "samples_count": 1920}}
:::MLLOG {"namespace": "", "time_ms": 1778729829891, "event_type": "INTERVAL_START", "key": "eval_start", "value": null, "metadata": {"file": "/opt/venv/lib/python3.12/site-packages/primus_mllog/mlperf_sft.py", "lineno": 247, "samples_count": 1920}}
:::MLLOG {"namespace": "", "time_ms": 1778729842426, "event_type": "POINT_IN_TIME", "key": "eval_accuracy", "value": 0.9600574374198914, "metadata": {"file": "/opt/venv/lib/python3.12/site-packages/primus_mllog/mlperf_sft.py", "lineno": 264, "samples_count": 1920}}
:::MLLOG {"namespace": "", "time_ms": 1778729842426, "event_type": "INTERVAL_END", "key": "eval_stop", "value": null, "metadata": {"file": "/opt/venv/lib/python3.12/site-packages/primus_mllog/mlperf_sft.py", "lineno": 277, "samples_count": 1920}}
:::MLLOG {"namespace": "", "time_ms": 1778729842426, "event_type": "INTERVAL_START", "key": "block_start", "value": null, "metadata": {"file": "/opt/venv/lib/python3.12/site-packages/primus_mllog/mlperf_sft.py", "lineno": 283, "samples_count": 1920}}
:::MLLOG {"namespace": "", "time_ms": 1778729908003, "event_type": "INTERVAL_END", "key": "block_stop", "value": null, "metadata": {"file": "/opt/venv/lib/python3.12/site-packages/primus_mllog/mlperf_sft.py", "lineno": 243, "samples_count": 2304}}
:::MLLOG {"namespace": "", "time_ms": 1778729908004, "event_type": "INTERVAL_START", "key": "eval_start", "value": null, "metadata": {"file": "/opt/venv/lib/python3.12/site-packages/primus_mllog/mlperf_sft.py", "lineno": 247, "samples_count": 2304}}
:::MLLOG {"namespace": "", "time_ms": 1778729920566, "event_type": "POINT_IN_TIME", "key": "eval_accuracy", "value": 0.9552900791168213, "metadata": {"file": "/opt/venv/lib/python3.12/site-packages/primus_mllog/mlperf_sft.py", "lineno": 264, "samples_count": 2304}}
:::MLLOG {"namespace": "", "time_ms": 1778729920566, "event_type": "INTERVAL_END", "key": "eval_stop", "value": null, "metadata": {"file": "/opt/venv/lib/python3.12/site-packages/primus_mllog/mlperf_sft.py", "lineno": 277, "samples_count": 2304}}
:::MLLOG {"namespace": "", "time_ms": 1778729920566, "event_type": "INTERVAL_START", "key": "block_start", "value": null, "metadata": {"file": "/opt/venv/lib/python3.12/site-packages/primus_mllog/mlperf_sft.py", "lineno": 283, "samples_count": 2304}}
:::MLLOG {"namespace": "", "time_ms": 1778729988495, "event_type": "INTERVAL_END", "key": "block_stop", "value": null, "metadata": {"file": "/opt/venv/lib/python3.12/site-packages/primus_mllog/mlperf_sft.py", "lineno": 243, "samples_count": 2688}}
:::MLLOG {"namespace": "", "time_ms": 1778729988495, "event_type": "INTERVAL_START", "key": "eval_start", "value": null, "metadata": {"file": "/opt/venv/lib/python3.12/site-packages/primus_mllog/mlperf_sft.py", "lineno": 247, "samples_count": 2688}}
:::MLLOG {"namespace": "", "time_ms": 1778730001333, "event_type": "POINT_IN_TIME", "key": "eval_accuracy", "value": 0.9495273232460022, "metadata": {"file": "/opt/venv/lib/python3.12/site-packages/primus_mllog/mlperf_sft.py", "lineno": 264, "samples_count": 2688}}
:::MLLOG {"namespace": "", "time_ms": 1778730001333, "event_type": "INTERVAL_END", "key": "eval_stop", "value": null, "metadata": {"file": "/opt/venv/lib/python3.12/site-packages/primus_mllog/mlperf_sft.py", "lineno": 277, "samples_count": 2688}}
:::MLLOG {"namespace": "", "time_ms": 1778730001334, "event_type": "INTERVAL_START", "key": "block_start", "value": null, "metadata": {"file": "/opt/venv/lib/python3.12/site-packages/primus_mllog/mlperf_sft.py", "lineno": 283, "samples_count": 2688}}
:::MLLOG {"namespace": "", "time_ms": 1778730091733, "event_type": "INTERVAL_END", "key": "block_stop", "value": null, "metadata": {"file": "/opt/venv/lib/python3.12/site-packages/primus_mllog/mlperf_sft.py", "lineno": 243, "samples_count": 3072}}
:::MLLOG {"namespace": "", "time_ms": 1778730091733, "event_type": "INTERVAL_START", "key": "eval_start", "value": null, "metadata": {"file": "/opt/venv/lib/python3.12/site-packages/primus_mllog/mlperf_sft.py", "lineno": 247, "samples_count": 3072}}
:::MLLOG {"namespace": "", "time_ms": 1778730109010, "event_type": "POINT_IN_TIME", "key": "eval_accuracy", "value": 0.9236124157905579, "metadata": {"file": "/opt/venv/lib/python3.12/site-packages/primus_mllog/mlperf_sft.py", "lineno": 264, "samples_count": 3072}}
:::MLLOG {"namespace": "", "time_ms": 1778730109010, "event_type": "INTERVAL_END", "key": "eval_stop", "value": null, "metadata": {"file": "/opt/venv/lib/python3.12/site-packages/primus_mllog/mlperf_sft.py", "lineno": 277, "samples_count": 3072}}
:::MLLOG {"namespace": "", "time_ms": 1778730109017, "event_type": "INTERVAL_END", "key": "epoch_stop", "value": null, "metadata": {"file": "/opt/venv/lib/python3.12/site-packages/primus_mllog/mlperf_sft.py", "lineno": 305, "samples_count": 3072}}
:::MLLOG {"namespace": "", "time_ms": 1778730109017, "event_type": "INTERVAL_END", "key": "run_stop", "value": null, "metadata": {"file": "/opt/venv/lib/python3.12/site-packages/primus_mllog/mlperf_sft.py", "lineno": 319, "samples_count": 3072, "status": "success"}}
:::MLLOG {"namespace": "", "time_ms": 1778730109017, "event_type": "POINT_IN_TIME", "key": "run_duration", "value": "617.69s -> 10.29 minutes", "metadata": {"file": "/opt/venv/lib/python3.12/site-packages/primus_mllog/mlperf_sft.py", "lineno": 331, "samples": 3072}}
:::MLLOG {"namespace": "", "time_ms": 1778730109017, "event_type": "POINT_IN_TIME", "key": "throughput", "value": 4.97, "metadata": {"file": "/opt/venv/lib/python3.12/site-packages/primus_mllog/mlperf_sft.py", "lineno": 336, "samples": 3072}}
:::MLLOG {"namespace": "", "time_ms": 1778730148069, "event_type": "POINT_IN_TIME", "key": "submission_benchmark", "value": "llama2_70b_lora", "metadata": {"file": "/opt/venv/lib/python3.12/site-packages/primus_mllog/mlperf_sft.py", "lineno": 120}}
:::MLLOG {"namespace": "", "time_ms": 1778730148075, "event_type": "POINT_IN_TIME", "key": "submission_org", "value": "AMD", "metadata": {"file": "/opt/venv/lib/python3.12/site-packages/primus_mllog/mlperf_sft.py", "lineno": 124}}
:::MLLOG {"namespace": "", "time_ms": 1778730148076, "event_type": "POINT_IN_TIME", "key": "submission_division", "value": "closed", "metadata": {"file": "/opt/venv/lib/python3.12/site-packages/primus_mllog/mlperf_sft.py", "lineno": 128}}
:::MLLOG {"namespace": "", "time_ms": 1778730148076, "event_type": "POINT_IN_TIME", "key": "submission_platform", "value": "MI350X", "metadata": {"file": "/opt/venv/lib/python3.12/site-packages/primus_mllog/mlperf_sft.py", "lineno": 132}}
:::MLLOG {"namespace": "", "time_ms": 1778730148076, "event_type": "POINT_IN_TIME", "key": "submission_status", "value": "onprem", "metadata": {"file": "/opt/venv/lib/python3.12/site-packages/primus_mllog/mlperf_sft.py", "lineno": 136}}
:::MLLOG {"namespace": "", "time_ms": 1778730148076, "event_type": "POINT_IN_TIME", "key": "target_accuracy", "value": 0.925, "metadata": {"file": "/opt/venv/lib/python3.12/site-packages/primus_mllog/mlperf_sft.py", "lineno": 139}}
:::MLLOG {"namespace": "", "time_ms": 1778730148076, "event_type": "POINT_IN_TIME", "key": "global_batch_size", "value": 8, "metadata": {"file": "/opt/venv/lib/python3.12/site-packages/primus_mllog/mlperf_sft.py", "lineno": 172}}
:::MLLOG {"namespace": "", "time_ms": 1778730148076, "event_type": "POINT_IN_TIME", "key": "train_samples", "value": 3901, "metadata": {"file": "/opt/venv/lib/python3.12/site-packages/primus_mllog/mlperf_sft.py", "lineno": 172}}
:::MLLOG {"namespace": "", "time_ms": 1778730148076, "event_type": "POINT_IN_TIME", "key": "eval_samples", "value": 173, "metadata": {"file": "/opt/venv/lib/python3.12/site-packages/primus_mllog/mlperf_sft.py", "lineno": 172}}
:::MLLOG {"namespace": "", "time_ms": 1778730148076, "event_type": "POINT_IN_TIME", "key": "gradient_accumulation_steps", "value": 1, "metadata": {"file": "/opt/venv/lib/python3.12/site-packages/primus_mllog/mlperf_sft.py", "lineno": 172}}
:::MLLOG {"namespace": "", "time_ms": 1778730148076, "event_type": "POINT_IN_TIME", "key": "seed", "value": 938, "metadata": {"file": "/opt/venv/lib/python3.12/site-packages/primus_mllog/mlperf_sft.py", "lineno": 172}}
:::MLLOG {"namespace": "", "time_ms": 1778730148076, "event_type": "POINT_IN_TIME", "key": "opt_name", "value": "adamw", "metadata": {"file": "/opt/venv/lib/python3.12/site-packages/primus_mllog/mlperf_sft.py", "lineno": 172}}
:::MLLOG {"namespace": "", "time_ms": 1778730148076, "event_type": "POINT_IN_TIME", "key": "opt_base_learning_rate", "value": 0.0006, "metadata": {"file": "/opt/venv/lib/python3.12/site-packages/primus_mllog/mlperf_sft.py", "lineno": 172}}
:::MLLOG {"namespace": "", "time_ms": 1778730148076, "event_type": "POINT_IN_TIME", "key": "opt_adamw_beta_1", "value": 0.9, "metadata": {"file": "/opt/venv/lib/python3.12/site-packages/primus_mllog/mlperf_sft.py", "lineno": 172}}
:::MLLOG {"namespace": "", "time_ms": 1778730148076, "event_type": "POINT_IN_TIME", "key": "opt_adamw_beta_2", "value": 0.999, "metadata": {"file": "/opt/venv/lib/python3.12/site-packages/primus_mllog/mlperf_sft.py", "lineno": 172}}
:::MLLOG {"namespace": "", "time_ms": 1778730148076, "event_type": "POINT_IN_TIME", "key": "opt_adamw_epsilon", "value": 1e-08, "metadata": {"file": "/opt/venv/lib/python3.12/site-packages/primus_mllog/mlperf_sft.py", "lineno": 172}}
:::MLLOG {"namespace": "", "time_ms": 1778730148076, "event_type": "POINT_IN_TIME", "key": "opt_adamw_weight_decay", "value": 0.0001, "metadata": {"file": "/opt/venv/lib/python3.12/site-packages/primus_mllog/mlperf_sft.py", "lineno": 172}}
:::MLLOG {"namespace": "", "time_ms": 1778730148076, "event_type": "POINT_IN_TIME", "key": "opt_gradient_clip_norm", "value": 0.3, "metadata": {"file": "/opt/venv/lib/python3.12/site-packages/primus_mllog/mlperf_sft.py", "lineno": 172}}
:::MLLOG {"namespace": "", "time_ms": 1778730148076, "event_type": "POINT_IN_TIME", "key": "opt_learning_rate_warmup_factor", "value": 0.0, "metadata": {"file": "/opt/venv/lib/python3.12/site-packages/primus_mllog/mlperf_sft.py", "lineno": 172}}
:::MLLOG {"namespace": "", "time_ms": 1778730148076, "event_type": "POINT_IN_TIME", "key": "opt_learning_rate_training_steps", "value": 550, "metadata": {"file": "/opt/venv/lib/python3.12/site-packages/primus_mllog/mlperf_sft.py", "lineno": 172}}
:::MLLOG {"namespace": "", "time_ms": 1778730148076, "event_type": "POINT_IN_TIME", "key": "max_sequence_length", "value": 8192, "metadata": {"file": "/opt/venv/lib/python3.12/site-packages/primus_mllog/mlperf_sft.py", "lineno": 172}}
:::MLLOG {"namespace": "", "time_ms": 1778730148077, "event_type": "POINT_IN_TIME", "key": "max_steps", "value": 550, "metadata": {"file": "/opt/venv/lib/python3.12/site-packages/primus_mllog/mlperf_sft.py", "lineno": 172}}
:::MLLOG {"namespace": "", "time_ms": 1778730148077, "event_type": "POINT_IN_TIME", "key": "lora_rank", "value": 16, "metadata": {"file": "/opt/venv/lib/python3.12/site-packages/primus_mllog/mlperf_sft.py", "lineno": 172}}
:::MLLOG {"namespace": "", "time_ms": 1778730148077, "event_type": "POINT_IN_TIME", "key": "lora_alpha", "value": 32, "metadata": {"file": "/opt/venv/lib/python3.12/site-packages/primus_mllog/mlperf_sft.py", "lineno": 172}}
:::MLLOG {"namespace": "", "time_ms": 1778730148077, "event_type": "POINT_IN_TIME", "key": "tensor_parallelism", "value": 1, "metadata": {"file": "/opt/venv/lib/python3.12/site-packages/primus_mllog/mlperf_sft.py", "lineno": 172}}
:::MLLOG {"namespace": "", "time_ms": 1778730148077, "event_type": "POINT_IN_TIME", "key": "pipeline_parallelism", "value": 1, "metadata": {"file": "/opt/venv/lib/python3.12/site-packages/primus_mllog/mlperf_sft.py", "lineno": 172}}
:::MLLOG {"namespace": "", "time_ms": 1778730148077, "event_type": "POINT_IN_TIME", "key": "context_parallelism", "value": 1, "metadata": {"file": "/opt/venv/lib/python3.12/site-packages/primus_mllog/mlperf_sft.py", "lineno": 172}}
:::MLLOG {"namespace": "", "time_ms": 1778730148077, "event_type": "POINT_IN_TIME", "key": "expert_parallelism", "value": 1, "metadata": {"file": "/opt/venv/lib/python3.12/site-packages/primus_mllog/mlperf_sft.py", "lineno": 172}}
:::MLLOG {"namespace": "", "time_ms": 1778730148077, "event_type": "POINT_IN_TIME", "key": "micro_batch_size", "value": 1, "metadata": {"file": "/opt/venv/lib/python3.12/site-packages/primus_mllog/mlperf_sft.py", "lineno": 172}}
:::MLLOG {"namespace": "", "time_ms": 1778730148077, "event_type": "POINT_IN_TIME", "key": "config_filename", "value": "config_MI350X_1x8x1.sh", "metadata": {"file": "/opt/venv/lib/python3.12/site-packages/primus_mllog/mlperf_sft.py", "lineno": 172}}
:::MLLOG {"namespace": "", "time_ms": 1778730148077, "event_type": "POINT_IN_TIME", "key": "lowest_numerical_precision_linear", "value": "mxfp4", "metadata": {"file": "/opt/venv/lib/python3.12/site-packages/primus_mllog/mlperf_sft.py", "lineno": 172}}
:::MLLOG {"namespace": "", "time_ms": 1778730352294, "event_type": "INTERVAL_END", "key": "init_stop", "value": null, "metadata": {"file": "/opt/venv/lib/python3.12/site-packages/primus_mllog/mlperf_sft.py", "lineno": 186}}
:::MLLOG {"namespace": "", "time_ms": 1778730352294, "event_type": "INTERVAL_START", "key": "run_start", "value": null, "metadata": {"file": "/opt/venv/lib/python3.12/site-packages/primus_mllog/mlperf_sft.py", "lineno": 187}}
:::MLLOG {"namespace": "", "time_ms": 1778730352295, "event_type": "INTERVAL_START", "key": "epoch_start", "value": null, "metadata": {"file": "/opt/venv/lib/python3.12/site-packages/primus_mllog/mlperf_sft.py", "lineno": 189, "samples_count": 0}}
:::MLLOG {"namespace": "", "time_ms": 1778730352295, "event_type": "INTERVAL_START", "key": "block_start", "value": null, "metadata": {"file": "/opt/venv/lib/python3.12/site-packages/primus_mllog/mlperf_sft.py", "lineno": 192, "samples_count": 0}}
:::MLLOG {"namespace": "", "time_ms": 1778730611804, "event_type": "INTERVAL_END", "key": "block_stop", "value": null, "metadata": {"file": "/opt/venv/lib/python3.12/site-packages/primus_mllog/mlperf_sft.py", "lineno": 243, "samples_count": 1536}}
:::MLLOG {"namespace": "", "time_ms": 1778730611804, "event_type": "INTERVAL_START", "key": "eval_start", "value": null, "metadata": {"file": "/opt/venv/lib/python3.12/site-packages/primus_mllog/mlperf_sft.py", "lineno": 247, "samples_count": 1536}}
:::MLLOG {"namespace": "", "time_ms": 1778730624381, "event_type": "POINT_IN_TIME", "key": "eval_accuracy", "value": 0.9706330895423889, "metadata": {"file": "/opt/venv/lib/python3.12/site-packages/primus_mllog/mlperf_sft.py", "lineno": 264, "samples_count": 1536}}
:::MLLOG {"namespace": "", "time_ms": 1778730624381, "event_type": "INTERVAL_END", "key": "eval_stop", "value": null, "metadata": {"file": "/opt/venv/lib/python3.12/site-packages/primus_mllog/mlperf_sft.py", "lineno": 277, "samples_count": 1536}}
:::MLLOG {"namespace": "", "time_ms": 1778730624381, "event_type": "INTERVAL_START", "key": "block_start", "value": null, "metadata": {"file": "/opt/venv/lib/python3.12/site-packages/primus_mllog/mlperf_sft.py", "lineno": 283, "samples_count": 1536}}
:::MLLOG {"namespace": "", "time_ms": 1778730690140, "event_type": "INTERVAL_END", "key": "block_stop", "value": null, "metadata": {"file": "/opt/venv/lib/python3.12/site-packages/primus_mllog/mlperf_sft.py", "lineno": 243, "samples_count": 1920}}
:::MLLOG {"namespace": "", "time_ms": 1778730690140, "event_type": "INTERVAL_START", "key": "eval_start", "value": null, "metadata": {"file": "/opt/venv/lib/python3.12/site-packages/primus_mllog/mlperf_sft.py", "lineno": 247, "samples_count": 1920}}
:::MLLOG {"namespace": "", "time_ms": 1778730702728, "event_type": "POINT_IN_TIME", "key": "eval_accuracy", "value": 0.9580866694450378, "metadata": {"file": "/opt/venv/lib/python3.12/site-packages/primus_mllog/mlperf_sft.py", "lineno": 264, "samples_count": 1920}}
:::MLLOG {"namespace": "", "time_ms": 1778730702728, "event_type": "INTERVAL_END", "key": "eval_stop", "value": null, "metadata": {"file": "/opt/venv/lib/python3.12/site-packages/primus_mllog/mlperf_sft.py", "lineno": 277, "samples_count": 1920}}
:::MLLOG {"namespace": "", "time_ms": 1778730702729, "event_type": "INTERVAL_START", "key": "block_start", "value": null, "metadata": {"file": "/opt/venv/lib/python3.12/site-packages/primus_mllog/mlperf_sft.py", "lineno": 283, "samples_count": 1920}}
:::MLLOG {"namespace": "", "time_ms": 1778730767681, "event_type": "INTERVAL_END", "key": "block_stop", "value": null, "metadata": {"file": "/opt/venv/lib/python3.12/site-packages/primus_mllog/mlperf_sft.py", "lineno": 243, "samples_count": 2304}}
:::MLLOG {"namespace": "", "time_ms": 1778730767681, "event_type": "INTERVAL_START", "key": "eval_start", "value": null, "metadata": {"file": "/opt/venv/lib/python3.12/site-packages/primus_mllog/mlperf_sft.py", "lineno": 247, "samples_count": 2304}}
:::MLLOG {"namespace": "", "time_ms": 1778730780365, "event_type": "POINT_IN_TIME", "key": "eval_accuracy", "value": 0.9506952166557312, "metadata": {"file": "/opt/venv/lib/python3.12/site-packages/primus_mllog/mlperf_sft.py", "lineno": 264, "samples_count": 2304}}
:::MLLOG {"namespace": "", "time_ms": 1778730780366, "event_type": "INTERVAL_END", "key": "eval_stop", "value": null, "metadata": {"file": "/opt/venv/lib/python3.12/site-packages/primus_mllog/mlperf_sft.py", "lineno": 277, "samples_count": 2304}}
:::MLLOG {"namespace": "", "time_ms": 1778730780366, "event_type": "INTERVAL_START", "key": "block_start", "value": null, "metadata": {"file": "/opt/venv/lib/python3.12/site-packages/primus_mllog/mlperf_sft.py", "lineno": 283, "samples_count": 2304}}
:::MLLOG {"namespace": "", "time_ms": 1778730846223, "event_type": "INTERVAL_END", "key": "block_stop", "value": null, "metadata": {"file": "/opt/venv/lib/python3.12/site-packages/primus_mllog/mlperf_sft.py", "lineno": 243, "samples_count": 2688}}
:::MLLOG {"namespace": "", "time_ms": 1778730846223, "event_type": "INTERVAL_START", "key": "eval_start", "value": null, "metadata": {"file": "/opt/venv/lib/python3.12/site-packages/primus_mllog/mlperf_sft.py", "lineno": 247, "samples_count": 2688}}
:::MLLOG {"namespace": "", "time_ms": 1778730859311, "event_type": "POINT_IN_TIME", "key": "eval_accuracy", "value": 0.9501974582672119, "metadata": {"file": "/opt/venv/lib/python3.12/site-packages/primus_mllog/mlperf_sft.py", "lineno": 264, "samples_count": 2688}}
:::MLLOG {"namespace": "", "time_ms": 1778730859311, "event_type": "INTERVAL_END", "key": "eval_stop", "value": null, "metadata": {"file": "/opt/venv/lib/python3.12/site-packages/primus_mllog/mlperf_sft.py", "lineno": 277, "samples_count": 2688}}
:::MLLOG {"namespace": "", "time_ms": 1778730859311, "event_type": "INTERVAL_START", "key": "block_start", "value": null, "metadata": {"file": "/opt/venv/lib/python3.12/site-packages/primus_mllog/mlperf_sft.py", "lineno": 283, "samples_count": 2688}}
:::MLLOG {"namespace": "", "time_ms": 1778730945630, "event_type": "INTERVAL_END", "key": "block_stop", "value": null, "metadata": {"file": "/opt/venv/lib/python3.12/site-packages/primus_mllog/mlperf_sft.py", "lineno": 243, "samples_count": 3072}}
:::MLLOG {"namespace": "", "time_ms": 1778730945630, "event_type": "INTERVAL_START", "key": "eval_start", "value": null, "metadata": {"file": "/opt/venv/lib/python3.12/site-packages/primus_mllog/mlperf_sft.py", "lineno": 247, "samples_count": 3072}}
:::MLLOG {"namespace": "", "time_ms": 1778730962765, "event_type": "POINT_IN_TIME", "key": "eval_accuracy", "value": 0.9243313670158386, "metadata": {"file": "/opt/venv/lib/python3.12/site-packages/primus_mllog/mlperf_sft.py", "lineno": 264, "samples_count": 3072}}
:::MLLOG {"namespace": "", "time_ms": 1778730962765, "event_type": "INTERVAL_END", "key": "eval_stop", "value": null, "metadata": {"file": "/opt/venv/lib/python3.12/site-packages/primus_mllog/mlperf_sft.py", "lineno": 277, "samples_count": 3072}}
:::MLLOG {"namespace": "", "time_ms": 1778730962773, "event_type": "INTERVAL_END", "key": "epoch_stop", "value": null, "metadata": {"file": "/opt/venv/lib/python3.12/site-packages/primus_mllog/mlperf_sft.py", "lineno": 305, "samples_count": 3072}}
:::MLLOG {"namespace": "", "time_ms": 1778730962773, "event_type": "INTERVAL_END", "key": "run_stop", "value": null, "metadata": {"file": "/opt/venv/lib/python3.12/site-packages/primus_mllog/mlperf_sft.py", "lineno": 319, "samples_count": 3072, "status": "success"}}
:::MLLOG {"namespace": "", "time_ms": 1778730962773, "event_type": "POINT_IN_TIME", "key": "run_duration", "value": "610.48s -> 10.17 minutes", "metadata": {"file": "/opt/venv/lib/python3.12/site-packages/primus_mllog/mlperf_sft.py", "lineno": 331, "samples": 3072}}
:::MLLOG {"namespace": "", "time_ms": 1778730962773, "event_type": "POINT_IN_TIME", "key": "throughput", "value": 5.03, "metadata": {"file": "/opt/venv/lib/python3.12/site-packages/primus_mllog/mlperf_sft.py", "lineno": 336, "samples": 3072}}
:::MLLOG {"namespace": "", "time_ms": 1778731001654, "event_type": "POINT_IN_TIME", "key": "submission_benchmark", "value": "llama2_70b_lora", "metadata": {"file": "/opt/venv/lib/python3.12/site-packages/primus_mllog/mlperf_sft.py", "lineno": 120}}
:::MLLOG {"namespace": "", "time_ms": 1778731001661, "event_type": "POINT_IN_TIME", "key": "submission_org", "value": "AMD", "metadata": {"file": "/opt/venv/lib/python3.12/site-packages/primus_mllog/mlperf_sft.py", "lineno": 124}}
:::MLLOG {"namespace": "", "time_ms": 1778731001661, "event_type": "POINT_IN_TIME", "key": "submission_division", "value": "closed", "metadata": {"file": "/opt/venv/lib/python3.12/site-packages/primus_mllog/mlperf_sft.py", "lineno": 128}}
:::MLLOG {"namespace": "", "time_ms": 1778731001661, "event_type": "POINT_IN_TIME", "key": "submission_platform", "value": "MI350X", "metadata": {"file": "/opt/venv/lib/python3.12/site-packages/primus_mllog/mlperf_sft.py", "lineno": 132}}
:::MLLOG {"namespace": "", "time_ms": 1778731001661, "event_type": "POINT_IN_TIME", "key": "submission_status", "value": "onprem", "metadata": {"file": "/opt/venv/lib/python3.12/site-packages/primus_mllog/mlperf_sft.py", "lineno": 136}}
:::MLLOG {"namespace": "", "time_ms": 1778731001661, "event_type": "POINT_IN_TIME", "key": "target_accuracy", "value": 0.925, "metadata": {"file": "/opt/venv/lib/python3.12/site-packages/primus_mllog/mlperf_sft.py", "lineno": 139}}
:::MLLOG {"namespace": "", "time_ms": 1778731001661, "event_type": "POINT_IN_TIME", "key": "global_batch_size", "value": 8, "metadata": {"file": "/opt/venv/lib/python3.12/site-packages/primus_mllog/mlperf_sft.py", "lineno": 172}}
:::MLLOG {"namespace": "", "time_ms": 1778731001661, "event_type": "POINT_IN_TIME", "key": "train_samples", "value": 3901, "metadata": {"file": "/opt/venv/lib/python3.12/site-packages/primus_mllog/mlperf_sft.py", "lineno": 172}}
:::MLLOG {"namespace": "", "time_ms": 1778731001661, "event_type": "POINT_IN_TIME", "key": "eval_samples", "value": 173, "metadata": {"file": "/opt/venv/lib/python3.12/site-packages/primus_mllog/mlperf_sft.py", "lineno": 172}}
:::MLLOG {"namespace": "", "time_ms": 1778731001661, "event_type": "POINT_IN_TIME", "key": "gradient_accumulation_steps", "value": 1, "metadata": {"file": "/opt/venv/lib/python3.12/site-packages/primus_mllog/mlperf_sft.py", "lineno": 172}}
:::MLLOG {"namespace": "", "time_ms": 1778731001661, "event_type": "POINT_IN_TIME", "key": "seed", "value": 6874, "metadata": {"file": "/opt/venv/lib/python3.12/site-packages/primus_mllog/mlperf_sft.py", "lineno": 172}}
:::MLLOG {"namespace": "", "time_ms": 1778731001661, "event_type": "POINT_IN_TIME", "key": "opt_name", "value": "adamw", "metadata": {"file": "/opt/venv/lib/python3.12/site-packages/primus_mllog/mlperf_sft.py", "lineno": 172}}
:::MLLOG {"namespace": "", "time_ms": 1778731001661, "event_type": "POINT_IN_TIME", "key": "opt_base_learning_rate", "value": 0.0006, "metadata": {"file": "/opt/venv/lib/python3.12/site-packages/primus_mllog/mlperf_sft.py", "lineno": 172}}
:::MLLOG {"namespace": "", "time_ms": 1778731001662, "event_type": "POINT_IN_TIME", "key": "opt_adamw_beta_1", "value": 0.9, "metadata": {"file": "/opt/venv/lib/python3.12/site-packages/primus_mllog/mlperf_sft.py", "lineno": 172}}
:::MLLOG {"namespace": "", "time_ms": 1778731001662, "event_type": "POINT_IN_TIME", "key": "opt_adamw_beta_2", "value": 0.999, "metadata": {"file": "/opt/venv/lib/python3.12/site-packages/primus_mllog/mlperf_sft.py", "lineno": 172}}
:::MLLOG {"namespace": "", "time_ms": 1778731001662, "event_type": "POINT_IN_TIME", "key": "opt_adamw_epsilon", "value": 1e-08, "metadata": {"file": "/opt/venv/lib/python3.12/site-packages/primus_mllog/mlperf_sft.py", "lineno": 172}}
:::MLLOG {"namespace": "", "time_ms": 1778731001662, "event_type": "POINT_IN_TIME", "key": "opt_adamw_weight_decay", "value": 0.0001, "metadata": {"file": "/opt/venv/lib/python3.12/site-packages/primus_mllog/mlperf_sft.py", "lineno": 172}}
:::MLLOG {"namespace": "", "time_ms": 1778731001662, "event_type": "POINT_IN_TIME", "key": "opt_gradient_clip_norm", "value": 0.3, "metadata": {"file": "/opt/venv/lib/python3.12/site-packages/primus_mllog/mlperf_sft.py", "lineno": 172}}
:::MLLOG {"namespace": "", "time_ms": 1778731001662, "event_type": "POINT_IN_TIME", "key": "opt_learning_rate_warmup_factor", "value": 0.0, "metadata": {"file": "/opt/venv/lib/python3.12/site-packages/primus_mllog/mlperf_sft.py", "lineno": 172}}
:::MLLOG {"namespace": "", "time_ms": 1778731001662, "event_type": "POINT_IN_TIME", "key": "opt_learning_rate_training_steps", "value": 550, "metadata": {"file": "/opt/venv/lib/python3.12/site-packages/primus_mllog/mlperf_sft.py", "lineno": 172}}
:::MLLOG {"namespace": "", "time_ms": 1778731001662, "event_type": "POINT_IN_TIME", "key": "max_sequence_length", "value": 8192, "metadata": {"file": "/opt/venv/lib/python3.12/site-packages/primus_mllog/mlperf_sft.py", "lineno": 172}}
:::MLLOG {"namespace": "", "time_ms": 1778731001662, "event_type": "POINT_IN_TIME", "key": "max_steps", "value": 550, "metadata": {"file": "/opt/venv/lib/python3.12/site-packages/primus_mllog/mlperf_sft.py", "lineno": 172}}
:::MLLOG {"namespace": "", "time_ms": 1778731001662, "event_type": "POINT_IN_TIME", "key": "lora_rank", "value": 16, "metadata": {"file": "/opt/venv/lib/python3.12/site-packages/primus_mllog/mlperf_sft.py", "lineno": 172}}
:::MLLOG {"namespace": "", "time_ms": 1778731001662, "event_type": "POINT_IN_TIME", "key": "lora_alpha", "value": 32, "metadata": {"file": "/opt/venv/lib/python3.12/site-packages/primus_mllog/mlperf_sft.py", "lineno": 172}}
:::MLLOG {"namespace": "", "time_ms": 1778731001662, "event_type": "POINT_IN_TIME", "key": "tensor_parallelism", "value": 1, "metadata": {"file": "/opt/venv/lib/python3.12/site-packages/primus_mllog/mlperf_sft.py", "lineno": 172}}
:::MLLOG {"namespace": "", "time_ms": 1778731001662, "event_type": "POINT_IN_TIME", "key": "pipeline_parallelism", "value": 1, "metadata": {"file": "/opt/venv/lib/python3.12/site-packages/primus_mllog/mlperf_sft.py", "lineno": 172}}
:::MLLOG {"namespace": "", "time_ms": 1778731001662, "event_type": "POINT_IN_TIME", "key": "context_parallelism", "value": 1, "metadata": {"file": "/opt/venv/lib/python3.12/site-packages/primus_mllog/mlperf_sft.py", "lineno": 172}}
:::MLLOG {"namespace": "", "time_ms": 1778731001662, "event_type": "POINT_IN_TIME", "key": "expert_parallelism", "value": 1, "metadata": {"file": "/opt/venv/lib/python3.12/site-packages/primus_mllog/mlperf_sft.py", "lineno": 172}}
:::MLLOG {"namespace": "", "time_ms": 1778731001662, "event_type": "POINT_IN_TIME", "key": "micro_batch_size", "value": 1, "metadata": {"file": "/opt/venv/lib/python3.12/site-packages/primus_mllog/mlperf_sft.py", "lineno": 172}}
:::MLLOG {"namespace": "", "time_ms": 1778731001662, "event_type": "POINT_IN_TIME", "key": "config_filename", "value": "config_MI350X_1x8x1.sh", "metadata": {"file": "/opt/venv/lib/python3.12/site-packages/primus_mllog/mlperf_sft.py", "lineno": 172}}
:::MLLOG {"namespace": "", "time_ms": 1778731001662, "event_type": "POINT_IN_TIME", "key": "lowest_numerical_precision_linear", "value": "mxfp4", "metadata": {"file": "/opt/venv/lib/python3.12/site-packages/primus_mllog/mlperf_sft.py", "lineno": 172}}
:::MLLOG {"namespace": "", "time_ms": 1778731207832, "event_type": "INTERVAL_END", "key": "init_stop", "value": null, "metadata": {"file": "/opt/venv/lib/python3.12/site-packages/primus_mllog/mlperf_sft.py", "lineno": 186}}
:::MLLOG {"namespace": "", "time_ms": 1778731207832, "event_type": "INTERVAL_START", "key": "run_start", "value": null, "metadata": {"file": "/opt/venv/lib/python3.12/site-packages/primus_mllog/mlperf_sft.py", "lineno": 187}}
:::MLLOG {"namespace": "", "time_ms": 1778731207832, "event_type": "INTERVAL_START", "key": "epoch_start", "value": null, "metadata": {"file": "/opt/venv/lib/python3.12/site-packages/primus_mllog/mlperf_sft.py", "lineno": 189, "samples_count": 0}}
:::MLLOG {"namespace": "", "time_ms": 1778731207832, "event_type": "INTERVAL_START", "key": "block_start", "value": null, "metadata": {"file": "/opt/venv/lib/python3.12/site-packages/primus_mllog/mlperf_sft.py", "lineno": 192, "samples_count": 0}}
:::MLLOG {"namespace": "", "time_ms": 1778731474376, "event_type": "INTERVAL_END", "key": "block_stop", "value": null, "metadata": {"file": "/opt/venv/lib/python3.12/site-packages/primus_mllog/mlperf_sft.py", "lineno": 243, "samples_count": 1536}}
:::MLLOG {"namespace": "", "time_ms": 1778731474376, "event_type": "INTERVAL_START", "key": "eval_start", "value": null, "metadata": {"file": "/opt/venv/lib/python3.12/site-packages/primus_mllog/mlperf_sft.py", "lineno": 247, "samples_count": 1536}}
:::MLLOG {"namespace": "", "time_ms": 1778731487396, "event_type": "POINT_IN_TIME", "key": "eval_accuracy", "value": 0.9672476649284363, "metadata": {"file": "/opt/venv/lib/python3.12/site-packages/primus_mllog/mlperf_sft.py", "lineno": 264, "samples_count": 1536}}
:::MLLOG {"namespace": "", "time_ms": 1778731487396, "event_type": "INTERVAL_END", "key": "eval_stop", "value": null, "metadata": {"file": "/opt/venv/lib/python3.12/site-packages/primus_mllog/mlperf_sft.py", "lineno": 277, "samples_count": 1536}}
:::MLLOG {"namespace": "", "time_ms": 1778731487396, "event_type": "INTERVAL_START", "key": "block_start", "value": null, "metadata": {"file": "/opt/venv/lib/python3.12/site-packages/primus_mllog/mlperf_sft.py", "lineno": 283, "samples_count": 1536}}
:::MLLOG {"namespace": "", "time_ms": 1778731554788, "event_type": "INTERVAL_END", "key": "block_stop", "value": null, "metadata": {"file": "/opt/venv/lib/python3.12/site-packages/primus_mllog/mlperf_sft.py", "lineno": 243, "samples_count": 1920}}
:::MLLOG {"namespace": "", "time_ms": 1778731554789, "event_type": "INTERVAL_START", "key": "eval_start", "value": null, "metadata": {"file": "/opt/venv/lib/python3.12/site-packages/primus_mllog/mlperf_sft.py", "lineno": 247, "samples_count": 1920}}
:::MLLOG {"namespace": "", "time_ms": 1778731567611, "event_type": "POINT_IN_TIME", "key": "eval_accuracy", "value": 0.9614537358283997, "metadata": {"file": "/opt/venv/lib/python3.12/site-packages/primus_mllog/mlperf_sft.py", "lineno": 264, "samples_count": 1920}}
:::MLLOG {"namespace": "", "time_ms": 1778731567612, "event_type": "INTERVAL_END", "key": "eval_stop", "value": null, "metadata": {"file": "/opt/venv/lib/python3.12/site-packages/primus_mllog/mlperf_sft.py", "lineno": 277, "samples_count": 1920}}
:::MLLOG {"namespace": "", "time_ms": 1778731567612, "event_type": "INTERVAL_START", "key": "block_start", "value": null, "metadata": {"file": "/opt/venv/lib/python3.12/site-packages/primus_mllog/mlperf_sft.py", "lineno": 283, "samples_count": 1920}}
:::MLLOG {"namespace": "", "time_ms": 1778731635696, "event_type": "INTERVAL_END", "key": "block_stop", "value": null, "metadata": {"file": "/opt/venv/lib/python3.12/site-packages/primus_mllog/mlperf_sft.py", "lineno": 243, "samples_count": 2304}}
:::MLLOG {"namespace": "", "time_ms": 1778731635696, "event_type": "INTERVAL_START", "key": "eval_start", "value": null, "metadata": {"file": "/opt/venv/lib/python3.12/site-packages/primus_mllog/mlperf_sft.py", "lineno": 247, "samples_count": 2304}}
:::MLLOG {"namespace": "", "time_ms": 1778731648680, "event_type": "POINT_IN_TIME", "key": "eval_accuracy", "value": 0.9516479969024658, "metadata": {"file": "/opt/venv/lib/python3.12/site-packages/primus_mllog/mlperf_sft.py", "lineno": 264, "samples_count": 2304}}
:::MLLOG {"namespace": "", "time_ms": 1778731648681, "event_type": "INTERVAL_END", "key": "eval_stop", "value": null, "metadata": {"file": "/opt/venv/lib/python3.12/site-packages/primus_mllog/mlperf_sft.py", "lineno": 277, "samples_count": 2304}}
:::MLLOG {"namespace": "", "time_ms": 1778731648681, "event_type": "INTERVAL_START", "key": "block_start", "value": null, "metadata": {"file": "/opt/venv/lib/python3.12/site-packages/primus_mllog/mlperf_sft.py", "lineno": 283, "samples_count": 2304}}
:::MLLOG {"namespace": "", "time_ms": 1778731717003, "event_type": "INTERVAL_END", "key": "block_stop", "value": null, "metadata": {"file": "/opt/venv/lib/python3.12/site-packages/primus_mllog/mlperf_sft.py", "lineno": 243, "samples_count": 2688}}
:::MLLOG {"namespace": "", "time_ms": 1778731717003, "event_type": "INTERVAL_START", "key": "eval_start", "value": null, "metadata": {"file": "/opt/venv/lib/python3.12/site-packages/primus_mllog/mlperf_sft.py", "lineno": 247, "samples_count": 2688}}
:::MLLOG {"namespace": "", "time_ms": 1778731730099, "event_type": "POINT_IN_TIME", "key": "eval_accuracy", "value": 0.9495159983634949, "metadata": {"file": "/opt/venv/lib/python3.12/site-packages/primus_mllog/mlperf_sft.py", "lineno": 264, "samples_count": 2688}}
:::MLLOG {"namespace": "", "time_ms": 1778731730100, "event_type": "INTERVAL_END", "key": "eval_stop", "value": null, "metadata": {"file": "/opt/venv/lib/python3.12/site-packages/primus_mllog/mlperf_sft.py", "lineno": 277, "samples_count": 2688}}
:::MLLOG {"namespace": "", "time_ms": 1778731730100, "event_type": "INTERVAL_START", "key": "block_start", "value": null, "metadata": {"file": "/opt/venv/lib/python3.12/site-packages/primus_mllog/mlperf_sft.py", "lineno": 283, "samples_count": 2688}}
:::MLLOG {"namespace": "", "time_ms": 1778731817854, "event_type": "INTERVAL_END", "key": "block_stop", "value": null, "metadata": {"file": "/opt/venv/lib/python3.12/site-packages/primus_mllog/mlperf_sft.py", "lineno": 243, "samples_count": 3072}}
:::MLLOG {"namespace": "", "time_ms": 1778731817854, "event_type": "INTERVAL_START", "key": "eval_start", "value": null, "metadata": {"file": "/opt/venv/lib/python3.12/site-packages/primus_mllog/mlperf_sft.py", "lineno": 247, "samples_count": 3072}}
:::MLLOG {"namespace": "", "time_ms": 1778731835220, "event_type": "POINT_IN_TIME", "key": "eval_accuracy", "value": 0.924717128276825, "metadata": {"file": "/opt/venv/lib/python3.12/site-packages/primus_mllog/mlperf_sft.py", "lineno": 264, "samples_count": 3072}}
:::MLLOG {"namespace": "", "time_ms": 1778731835221, "event_type": "INTERVAL_END", "key": "eval_stop", "value": null, "metadata": {"file": "/opt/venv/lib/python3.12/site-packages/primus_mllog/mlperf_sft.py", "lineno": 277, "samples_count": 3072}}
:::MLLOG {"namespace": "", "time_ms": 1778731835227, "event_type": "INTERVAL_END", "key": "epoch_stop", "value": null, "metadata": {"file": "/opt/venv/lib/python3.12/site-packages/primus_mllog/mlperf_sft.py", "lineno": 305, "samples_count": 3072}}
:::MLLOG {"namespace": "", "time_ms": 1778731835227, "event_type": "INTERVAL_END", "key": "run_stop", "value": null, "metadata": {"file": "/opt/venv/lib/python3.12/site-packages/primus_mllog/mlperf_sft.py", "lineno": 319, "samples_count": 3072, "status": "success"}}
:::MLLOG {"namespace": "", "time_ms": 1778731835227, "event_type": "POINT_IN_TIME", "key": "run_duration", "value": "627.39s -> 10.46 minutes", "metadata": {"file": "/opt/venv/lib/python3.12/site-packages/primus_mllog/mlperf_sft.py", "lineno": 331, "samples": 3072}}
:::MLLOG {"namespace": "", "time_ms": 1778731835227, "event_type": "POINT_IN_TIME", "key": "throughput", "value": 4.9, "metadata": {"file": "/opt/venv/lib/python3.12/site-packages/primus_mllog/mlperf_sft.py", "lineno": 336, "samples": 3072}}
:::MLLOG {"namespace": "", "time_ms": 1778731874001, "event_type": "POINT_IN_TIME", "key": "submission_benchmark", "value": "llama2_70b_lora", "metadata": {"file": "/opt/venv/lib/python3.12/site-packages/primus_mllog/mlperf_sft.py", "lineno": 120}}
:::MLLOG {"namespace": "", "time_ms": 1778731874009, "event_type": "POINT_IN_TIME", "key": "submission_org", "value": "AMD", "metadata": {"file": "/opt/venv/lib/python3.12/site-packages/primus_mllog/mlperf_sft.py", "lineno": 124}}
:::MLLOG {"namespace": "", "time_ms": 1778731874009, "event_type": "POINT_IN_TIME", "key": "submission_division", "value": "closed", "metadata": {"file": "/opt/venv/lib/python3.12/site-packages/primus_mllog/mlperf_sft.py", "lineno": 128}}
:::MLLOG {"namespace": "", "time_ms": 1778731874009, "event_type": "POINT_IN_TIME", "key": "submission_platform", "value": "MI350X", "metadata": {"file": "/opt/venv/lib/python3.12/site-packages/primus_mllog/mlperf_sft.py", "lineno": 132}}
:::MLLOG {"namespace": "", "time_ms": 1778731874009, "event_type": "POINT_IN_TIME", "key": "submission_status", "value": "onprem", "metadata": {"file": "/opt/venv/lib/python3.12/site-packages/primus_mllog/mlperf_sft.py", "lineno": 136}}
:::MLLOG {"namespace": "", "time_ms": 1778731874009, "event_type": "POINT_IN_TIME", "key": "target_accuracy", "value": 0.925, "metadata": {"file": "/opt/venv/lib/python3.12/site-packages/primus_mllog/mlperf_sft.py", "lineno": 139}}
:::MLLOG {"namespace": "", "time_ms": 1778731874009, "event_type": "POINT_IN_TIME", "key": "global_batch_size", "value": 8, "metadata": {"file": "/opt/venv/lib/python3.12/site-packages/primus_mllog/mlperf_sft.py", "lineno": 172}}
:::MLLOG {"namespace": "", "time_ms": 1778731874009, "event_type": "POINT_IN_TIME", "key": "train_samples", "value": 3901, "metadata": {"file": "/opt/venv/lib/python3.12/site-packages/primus_mllog/mlperf_sft.py", "lineno": 172}}
:::MLLOG {"namespace": "", "time_ms": 1778731874009, "event_type": "POINT_IN_TIME", "key": "eval_samples", "value": 173, "metadata": {"file": "/opt/venv/lib/python3.12/site-packages/primus_mllog/mlperf_sft.py", "lineno": 172}}
:::MLLOG {"namespace": "", "time_ms": 1778731874009, "event_type": "POINT_IN_TIME", "key": "gradient_accumulation_steps", "value": 1, "metadata": {"file": "/opt/venv/lib/python3.12/site-packages/primus_mllog/mlperf_sft.py", "lineno": 172}}
:::MLLOG {"namespace": "", "time_ms": 1778731874009, "event_type": "POINT_IN_TIME", "key": "seed", "value": 13730, "metadata": {"file": "/opt/venv/lib/python3.12/site-packages/primus_mllog/mlperf_sft.py", "lineno": 172}}
:::MLLOG {"namespace": "", "time_ms": 1778731874009, "event_type": "POINT_IN_TIME", "key": "opt_name", "value": "adamw", "metadata": {"file": "/opt/venv/lib/python3.12/site-packages/primus_mllog/mlperf_sft.py", "lineno": 172}}
:::MLLOG {"namespace": "", "time_ms": 1778731874010, "event_type": "POINT_IN_TIME", "key": "opt_base_learning_rate", "value": 0.0006, "metadata": {"file": "/opt/venv/lib/python3.12/site-packages/primus_mllog/mlperf_sft.py", "lineno": 172}}
:::MLLOG {"namespace": "", "time_ms": 1778731874010, "event_type": "POINT_IN_TIME", "key": "opt_adamw_beta_1", "value": 0.9, "metadata": {"file": "/opt/venv/lib/python3.12/site-packages/primus_mllog/mlperf_sft.py", "lineno": 172}}
:::MLLOG {"namespace": "", "time_ms": 1778731874010, "event_type": "POINT_IN_TIME", "key": "opt_adamw_beta_2", "value": 0.999, "metadata": {"file": "/opt/venv/lib/python3.12/site-packages/primus_mllog/mlperf_sft.py", "lineno": 172}}
:::MLLOG {"namespace": "", "time_ms": 1778731874010, "event_type": "POINT_IN_TIME", "key": "opt_adamw_epsilon", "value": 1e-08, "metadata": {"file": "/opt/venv/lib/python3.12/site-packages/primus_mllog/mlperf_sft.py", "lineno": 172}}
:::MLLOG {"namespace": "", "time_ms": 1778731874010, "event_type": "POINT_IN_TIME", "key": "opt_adamw_weight_decay", "value": 0.0001, "metadata": {"file": "/opt/venv/lib/python3.12/site-packages/primus_mllog/mlperf_sft.py", "lineno": 172}}
:::MLLOG {"namespace": "", "time_ms": 1778731874010, "event_type": "POINT_IN_TIME", "key": "opt_gradient_clip_norm", "value": 0.3, "metadata": {"file": "/opt/venv/lib/python3.12/site-packages/primus_mllog/mlperf_sft.py", "lineno": 172}}
:::MLLOG {"namespace": "", "time_ms": 1778731874010, "event_type": "POINT_IN_TIME", "key": "opt_learning_rate_warmup_factor", "value": 0.0, "metadata": {"file": "/opt/venv/lib/python3.12/site-packages/primus_mllog/mlperf_sft.py", "lineno": 172}}
:::MLLOG {"namespace": "", "time_ms": 1778731874010, "event_type": "POINT_IN_TIME", "key": "opt_learning_rate_training_steps", "value": 550, "metadata": {"file": "/opt/venv/lib/python3.12/site-packages/primus_mllog/mlperf_sft.py", "lineno": 172}}
:::MLLOG {"namespace": "", "time_ms": 1778731874010, "event_type": "POINT_IN_TIME", "key": "max_sequence_length", "value": 8192, "metadata": {"file": "/opt/venv/lib/python3.12/site-packages/primus_mllog/mlperf_sft.py", "lineno": 172}}
:::MLLOG {"namespace": "", "time_ms": 1778731874010, "event_type": "POINT_IN_TIME", "key": "max_steps", "value": 550, "metadata": {"file": "/opt/venv/lib/python3.12/site-packages/primus_mllog/mlperf_sft.py", "lineno": 172}}
:::MLLOG {"namespace": "", "time_ms": 1778731874010, "event_type": "POINT_IN_TIME", "key": "lora_rank", "value": 16, "metadata": {"file": "/opt/venv/lib/python3.12/site-packages/primus_mllog/mlperf_sft.py", "lineno": 172}}
:::MLLOG {"namespace": "", "time_ms": 1778731874010, "event_type": "POINT_IN_TIME", "key": "lora_alpha", "value": 32, "metadata": {"file": "/opt/venv/lib/python3.12/site-packages/primus_mllog/mlperf_sft.py", "lineno": 172}}
:::MLLOG {"namespace": "", "time_ms": 1778731874010, "event_type": "POINT_IN_TIME", "key": "tensor_parallelism", "value": 1, "metadata": {"file": "/opt/venv/lib/python3.12/site-packages/primus_mllog/mlperf_sft.py", "lineno": 172}}
:::MLLOG {"namespace": "", "time_ms": 1778731874010, "event_type": "POINT_IN_TIME", "key": "pipeline_parallelism", "value": 1, "metadata": {"file": "/opt/venv/lib/python3.12/site-packages/primus_mllog/mlperf_sft.py", "lineno": 172}}
:::MLLOG {"namespace": "", "time_ms": 1778731874010, "event_type": "POINT_IN_TIME", "key": "context_parallelism", "value": 1, "metadata": {"file": "/opt/venv/lib/python3.12/site-packages/primus_mllog/mlperf_sft.py", "lineno": 172}}
:::MLLOG {"namespace": "", "time_ms": 1778731874010, "event_type": "POINT_IN_TIME", "key": "expert_parallelism", "value": 1, "metadata": {"file": "/opt/venv/lib/python3.12/site-packages/primus_mllog/mlperf_sft.py", "lineno": 172}}
:::MLLOG {"namespace": "", "time_ms": 1778731874010, "event_type": "POINT_IN_TIME", "key": "micro_batch_size", "value": 1, "metadata": {"file": "/opt/venv/lib/python3.12/site-packages/primus_mllog/mlperf_sft.py", "lineno": 172}}
:::MLLOG {"namespace": "", "time_ms": 1778731874010, "event_type": "POINT_IN_TIME", "key": "config_filename", "value": "config_MI350X_1x8x1.sh", "metadata": {"file": "/opt/venv/lib/python3.12/site-packages/primus_mllog/mlperf_sft.py", "lineno": 172}}
:::MLLOG {"namespace": "", "time_ms": 1778731874010, "event_type": "POINT_IN_TIME", "key": "lowest_numerical_precision_linear", "value": "mxfp4", "metadata": {"file": "/opt/venv/lib/python3.12/site-packages/primus_mllog/mlperf_sft.py", "lineno": 172}}
:::MLLOG {"namespace": "", "time_ms": 1778732085102, "event_type": "INTERVAL_END", "key": "init_stop", "value": null, "metadata": {"file": "/opt/venv/lib/python3.12/site-packages/primus_mllog/mlperf_sft.py", "lineno": 186}}
:::MLLOG {"namespace": "", "time_ms": 1778732085103, "event_type": "INTERVAL_START", "key": "run_start", "value": null, "metadata": {"file": "/opt/venv/lib/python3.12/site-packages/primus_mllog/mlperf_sft.py", "lineno": 187}}
:::MLLOG {"namespace": "", "time_ms": 1778732085103, "event_type": "INTERVAL_START", "key": "epoch_start", "value": null, "metadata": {"file": "/opt/venv/lib/python3.12/site-packages/primus_mllog/mlperf_sft.py", "lineno": 189, "samples_count": 0}}
:::MLLOG {"namespace": "", "time_ms": 1778732085103, "event_type": "INTERVAL_START", "key": "block_start", "value": null, "metadata": {"file": "/opt/venv/lib/python3.12/site-packages/primus_mllog/mlperf_sft.py", "lineno": 192, "samples_count": 0}}
:::MLLOG {"namespace": "", "time_ms": 1778732345915, "event_type": "INTERVAL_END", "key": "block_stop", "value": null, "metadata": {"file": "/opt/venv/lib/python3.12/site-packages/primus_mllog/mlperf_sft.py", "lineno": 243, "samples_count": 1536}}
:::MLLOG {"namespace": "", "time_ms": 1778732345916, "event_type": "INTERVAL_START", "key": "eval_start", "value": null, "metadata": {"file": "/opt/venv/lib/python3.12/site-packages/primus_mllog/mlperf_sft.py", "lineno": 247, "samples_count": 1536}}
:::MLLOG {"namespace": "", "time_ms": 1778732358770, "event_type": "POINT_IN_TIME", "key": "eval_accuracy", "value": 0.9708566665649414, "metadata": {"file": "/opt/venv/lib/python3.12/site-packages/primus_mllog/mlperf_sft.py", "lineno": 264, "samples_count": 1536}}
:::MLLOG {"namespace": "", "time_ms": 1778732358770, "event_type": "INTERVAL_END", "key": "eval_stop", "value": null, "metadata": {"file": "/opt/venv/lib/python3.12/site-packages/primus_mllog/mlperf_sft.py", "lineno": 277, "samples_count": 1536}}
:::MLLOG {"namespace": "", "time_ms": 1778732358770, "event_type": "INTERVAL_START", "key": "block_start", "value": null, "metadata": {"file": "/opt/venv/lib/python3.12/site-packages/primus_mllog/mlperf_sft.py", "lineno": 283, "samples_count": 1536}}
:::MLLOG {"namespace": "", "time_ms": 1778732423986, "event_type": "INTERVAL_END", "key": "block_stop", "value": null, "metadata": {"file": "/opt/venv/lib/python3.12/site-packages/primus_mllog/mlperf_sft.py", "lineno": 243, "samples_count": 1920}}
:::MLLOG {"namespace": "", "time_ms": 1778732423986, "event_type": "INTERVAL_START", "key": "eval_start", "value": null, "metadata": {"file": "/opt/venv/lib/python3.12/site-packages/primus_mllog/mlperf_sft.py", "lineno": 247, "samples_count": 1920}}
:::MLLOG {"namespace": "", "time_ms": 1778732436415, "event_type": "POINT_IN_TIME", "key": "eval_accuracy", "value": 0.9591031074523926, "metadata": {"file": "/opt/venv/lib/python3.12/site-packages/primus_mllog/mlperf_sft.py", "lineno": 264, "samples_count": 1920}}
:::MLLOG {"namespace": "", "time_ms": 1778732436416, "event_type": "INTERVAL_END", "key": "eval_stop", "value": null, "metadata": {"file": "/opt/venv/lib/python3.12/site-packages/primus_mllog/mlperf_sft.py", "lineno": 277, "samples_count": 1920}}
:::MLLOG {"namespace": "", "time_ms": 1778732436416, "event_type": "INTERVAL_START", "key": "block_start", "value": null, "metadata": {"file": "/opt/venv/lib/python3.12/site-packages/primus_mllog/mlperf_sft.py", "lineno": 283, "samples_count": 1920}}
:::MLLOG {"namespace": "", "time_ms": 1778732503197, "event_type": "INTERVAL_END", "key": "block_stop", "value": null, "metadata": {"file": "/opt/venv/lib/python3.12/site-packages/primus_mllog/mlperf_sft.py", "lineno": 243, "samples_count": 2304}}
:::MLLOG {"namespace": "", "time_ms": 1778732503197, "event_type": "INTERVAL_START", "key": "eval_start", "value": null, "metadata": {"file": "/opt/venv/lib/python3.12/site-packages/primus_mllog/mlperf_sft.py", "lineno": 247, "samples_count": 2304}}
:::MLLOG {"namespace": "", "time_ms": 1778732515779, "event_type": "POINT_IN_TIME", "key": "eval_accuracy", "value": 0.9513139724731445, "metadata": {"file": "/opt/venv/lib/python3.12/site-packages/primus_mllog/mlperf_sft.py", "lineno": 264, "samples_count": 2304}}
:::MLLOG {"namespace": "", "time_ms": 1778732515780, "event_type": "INTERVAL_END", "key": "eval_stop", "value": null, "metadata": {"file": "/opt/venv/lib/python3.12/site-packages/primus_mllog/mlperf_sft.py", "lineno": 277, "samples_count": 2304}}
:::MLLOG {"namespace": "", "time_ms": 1778732515780, "event_type": "INTERVAL_START", "key": "block_start", "value": null, "metadata": {"file": "/opt/venv/lib/python3.12/site-packages/primus_mllog/mlperf_sft.py", "lineno": 283, "samples_count": 2304}}
:::MLLOG {"namespace": "", "time_ms": 1778732582475, "event_type": "INTERVAL_END", "key": "block_stop", "value": null, "metadata": {"file": "/opt/venv/lib/python3.12/site-packages/primus_mllog/mlperf_sft.py", "lineno": 243, "samples_count": 2688}}
:::MLLOG {"namespace": "", "time_ms": 1778732582476, "event_type": "INTERVAL_START", "key": "eval_start", "value": null, "metadata": {"file": "/opt/venv/lib/python3.12/site-packages/primus_mllog/mlperf_sft.py", "lineno": 247, "samples_count": 2688}}
:::MLLOG {"namespace": "", "time_ms": 1778732594815, "event_type": "POINT_IN_TIME", "key": "eval_accuracy", "value": 0.9466495513916016, "metadata": {"file": "/opt/venv/lib/python3.12/site-packages/primus_mllog/mlperf_sft.py", "lineno": 264, "samples_count": 2688}}
:::MLLOG {"namespace": "", "time_ms": 1778732594816, "event_type": "INTERVAL_END", "key": "eval_stop", "value": null, "metadata": {"file": "/opt/venv/lib/python3.12/site-packages/primus_mllog/mlperf_sft.py", "lineno": 277, "samples_count": 2688}}
:::MLLOG {"namespace": "", "time_ms": 1778732594816, "event_type": "INTERVAL_START", "key": "block_start", "value": null, "metadata": {"file": "/opt/venv/lib/python3.12/site-packages/primus_mllog/mlperf_sft.py", "lineno": 283, "samples_count": 2688}}
:::MLLOG {"namespace": "", "time_ms": 1778732680780, "event_type": "INTERVAL_END", "key": "block_stop", "value": null, "metadata": {"file": "/opt/venv/lib/python3.12/site-packages/primus_mllog/mlperf_sft.py", "lineno": 243, "samples_count": 3072}}
:::MLLOG {"namespace": "", "time_ms": 1778732680780, "event_type": "INTERVAL_START", "key": "eval_start", "value": null, "metadata": {"file": "/opt/venv/lib/python3.12/site-packages/primus_mllog/mlperf_sft.py", "lineno": 247, "samples_count": 3072}}
:::MLLOG {"namespace": "", "time_ms": 1778732697786, "event_type": "POINT_IN_TIME", "key": "eval_accuracy", "value": 0.9229380488395691, "metadata": {"file": "/opt/venv/lib/python3.12/site-packages/primus_mllog/mlperf_sft.py", "lineno": 264, "samples_count": 3072}}
:::MLLOG {"namespace": "", "time_ms": 1778732697787, "event_type": "INTERVAL_END", "key": "eval_stop", "value": null, "metadata": {"file": "/opt/venv/lib/python3.12/site-packages/primus_mllog/mlperf_sft.py", "lineno": 277, "samples_count": 3072}}
:::MLLOG {"namespace": "", "time_ms": 1778732697794, "event_type": "INTERVAL_END", "key": "epoch_stop", "value": null, "metadata": {"file": "/opt/venv/lib/python3.12/site-packages/primus_mllog/mlperf_sft.py", "lineno": 305, "samples_count": 3072}}
:::MLLOG {"namespace": "", "time_ms": 1778732697794, "event_type": "INTERVAL_END", "key": "run_stop", "value": null, "metadata": {"file": "/opt/venv/lib/python3.12/site-packages/primus_mllog/mlperf_sft.py", "lineno": 319, "samples_count": 3072, "status": "success"}}
:::MLLOG {"namespace": "", "time_ms": 1778732697794, "event_type": "POINT_IN_TIME", "key": "run_duration", "value": "612.69s -> 10.21 minutes", "metadata": {"file": "/opt/venv/lib/python3.12/site-packages/primus_mllog/mlperf_sft.py", "lineno": 331, "samples": 3072}}
:::MLLOG {"namespace": "", "time_ms": 1778732697794, "event_type": "POINT_IN_TIME", "key": "throughput", "value": 5.01, "metadata": {"file": "/opt/venv/lib/python3.12/site-packages/primus_mllog/mlperf_sft.py", "lineno": 336, "samples": 3072}}
:::MLLOG {"namespace": "", "time_ms": 1778732736217, "event_type": "POINT_IN_TIME", "key": "submission_benchmark", "value": "llama2_70b_lora", "metadata": {"file": "/opt/venv/lib/python3.12/site-packages/primus_mllog/mlperf_sft.py", "lineno": 120}}
:::MLLOG {"namespace": "", "time_ms": 1778732736226, "event_type": "POINT_IN_TIME", "key": "submission_org", "value": "AMD", "metadata": {"file": "/opt/venv/lib/python3.12/site-packages/primus_mllog/mlperf_sft.py", "lineno": 124}}
:::MLLOG {"namespace": "", "time_ms": 1778732736226, "event_type": "POINT_IN_TIME", "key": "submission_division", "value": "closed", "metadata": {"file": "/opt/venv/lib/python3.12/site-packages/primus_mllog/mlperf_sft.py", "lineno": 128}}
:::MLLOG {"namespace": "", "time_ms": 1778732736226, "event_type": "POINT_IN_TIME", "key": "submission_platform", "value": "MI350X", "metadata": {"file": "/opt/venv/lib/python3.12/site-packages/primus_mllog/mlperf_sft.py", "lineno": 132}}
:::MLLOG {"namespace": "", "time_ms": 1778732736226, "event_type": "POINT_IN_TIME", "key": "submission_status", "value": "onprem", "metadata": {"file": "/opt/venv/lib/python3.12/site-packages/primus_mllog/mlperf_sft.py", "lineno": 136}}
:::MLLOG {"namespace": "", "time_ms": 1778732736226, "event_type": "POINT_IN_TIME", "key": "target_accuracy", "value": 0.925, "metadata": {"file": "/opt/venv/lib/python3.12/site-packages/primus_mllog/mlperf_sft.py", "lineno": 139}}
:::MLLOG {"namespace": "", "time_ms": 1778732736226, "event_type": "POINT_IN_TIME", "key": "global_batch_size", "value": 8, "metadata": {"file": "/opt/venv/lib/python3.12/site-packages/primus_mllog/mlperf_sft.py", "lineno": 172}}
:::MLLOG {"namespace": "", "time_ms": 1778732736226, "event_type": "POINT_IN_TIME", "key": "train_samples", "value": 3901, "metadata": {"file": "/opt/venv/lib/python3.12/site-packages/primus_mllog/mlperf_sft.py", "lineno": 172}}
:::MLLOG {"namespace": "", "time_ms": 1778732736226, "event_type": "POINT_IN_TIME", "key": "eval_samples", "value": 173, "metadata": {"file": "/opt/venv/lib/python3.12/site-packages/primus_mllog/mlperf_sft.py", "lineno": 172}}
:::MLLOG {"namespace": "", "time_ms": 1778732736226, "event_type": "POINT_IN_TIME", "key": "gradient_accumulation_steps", "value": 1, "metadata": {"file": "/opt/venv/lib/python3.12/site-packages/primus_mllog/mlperf_sft.py", "lineno": 172}}
:::MLLOG {"namespace": "", "time_ms": 1778732736226, "event_type": "POINT_IN_TIME", "key": "seed", "value": 1246, "metadata": {"file": "/opt/venv/lib/python3.12/site-packages/primus_mllog/mlperf_sft.py", "lineno": 172}}
:::MLLOG {"namespace": "", "time_ms": 1778732736226, "event_type": "POINT_IN_TIME", "key": "opt_name", "value": "adamw", "metadata": {"file": "/opt/venv/lib/python3.12/site-packages/primus_mllog/mlperf_sft.py", "lineno": 172}}
:::MLLOG {"namespace": "", "time_ms": 1778732736226, "event_type": "POINT_IN_TIME", "key": "opt_base_learning_rate", "value": 0.0006, "metadata": {"file": "/opt/venv/lib/python3.12/site-packages/primus_mllog/mlperf_sft.py", "lineno": 172}}
:::MLLOG {"namespace": "", "time_ms": 1778732736226, "event_type": "POINT_IN_TIME", "key": "opt_adamw_beta_1", "value": 0.9, "metadata": {"file": "/opt/venv/lib/python3.12/site-packages/primus_mllog/mlperf_sft.py", "lineno": 172}}
:::MLLOG {"namespace": "", "time_ms": 1778732736226, "event_type": "POINT_IN_TIME", "key": "opt_adamw_beta_2", "value": 0.999, "metadata": {"file": "/opt/venv/lib/python3.12/site-packages/primus_mllog/mlperf_sft.py", "lineno": 172}}
:::MLLOG {"namespace": "", "time_ms": 1778732736226, "event_type": "POINT_IN_TIME", "key": "opt_adamw_epsilon", "value": 1e-08, "metadata": {"file": "/opt/venv/lib/python3.12/site-packages/primus_mllog/mlperf_sft.py", "lineno": 172}}
:::MLLOG {"namespace": "", "time_ms": 1778732736226, "event_type": "POINT_IN_TIME", "key": "opt_adamw_weight_decay", "value": 0.0001, "metadata": {"file": "/opt/venv/lib/python3.12/site-packages/primus_mllog/mlperf_sft.py", "lineno": 172}}
:::MLLOG {"namespace": "", "time_ms": 1778732736226, "event_type": "POINT_IN_TIME", "key": "opt_gradient_clip_norm", "value": 0.3, "metadata": {"file": "/opt/venv/lib/python3.12/site-packages/primus_mllog/mlperf_sft.py", "lineno": 172}}
:::MLLOG {"namespace": "", "time_ms": 1778732736226, "event_type": "POINT_IN_TIME", "key": "opt_learning_rate_warmup_factor", "value": 0.0, "metadata": {"file": "/opt/venv/lib/python3.12/site-packages/primus_mllog/mlperf_sft.py", "lineno": 172}}
:::MLLOG {"namespace": "", "time_ms": 1778732736227, "event_type": "POINT_IN_TIME", "key": "opt_learning_rate_training_steps", "value": 550, "metadata": {"file": "/opt/venv/lib/python3.12/site-packages/primus_mllog/mlperf_sft.py", "lineno": 172}}
:::MLLOG {"namespace": "", "time_ms": 1778732736227, "event_type": "POINT_IN_TIME", "key": "max_sequence_length", "value": 8192, "metadata": {"file": "/opt/venv/lib/python3.12/site-packages/primus_mllog/mlperf_sft.py", "lineno": 172}}
:::MLLOG {"namespace": "", "time_ms": 1778732736227, "event_type": "POINT_IN_TIME", "key": "max_steps", "value": 550, "metadata": {"file": "/opt/venv/lib/python3.12/site-packages/primus_mllog/mlperf_sft.py", "lineno": 172}}
:::MLLOG {"namespace": "", "time_ms": 1778732736227, "event_type": "POINT_IN_TIME", "key": "lora_rank", "value": 16, "metadata": {"file": "/opt/venv/lib/python3.12/site-packages/primus_mllog/mlperf_sft.py", "lineno": 172}}
:::MLLOG {"namespace": "", "time_ms": 1778732736227, "event_type": "POINT_IN_TIME", "key": "lora_alpha", "value": 32, "metadata": {"file": "/opt/venv/lib/python3.12/site-packages/primus_mllog/mlperf_sft.py", "lineno": 172}}
:::MLLOG {"namespace": "", "time_ms": 1778732736227, "event_type": "POINT_IN_TIME", "key": "tensor_parallelism", "value": 1, "metadata": {"file": "/opt/venv/lib/python3.12/site-packages/primus_mllog/mlperf_sft.py", "lineno": 172}}
:::MLLOG {"namespace": "", "time_ms": 1778732736227, "event_type": "POINT_IN_TIME", "key": "pipeline_parallelism", "value": 1, "metadata": {"file": "/opt/venv/lib/python3.12/site-packages/primus_mllog/mlperf_sft.py", "lineno": 172}}
:::MLLOG {"namespace": "", "time_ms": 1778732736227, "event_type": "POINT_IN_TIME", "key": "context_parallelism", "value": 1, "metadata": {"file": "/opt/venv/lib/python3.12/site-packages/primus_mllog/mlperf_sft.py", "lineno": 172}}
:::MLLOG {"namespace": "", "time_ms": 1778732736227, "event_type": "POINT_IN_TIME", "key": "expert_parallelism", "value": 1, "metadata": {"file": "/opt/venv/lib/python3.12/site-packages/primus_mllog/mlperf_sft.py", "lineno": 172}}
:::MLLOG {"namespace": "", "time_ms": 1778732736227, "event_type": "POINT_IN_TIME", "key": "micro_batch_size", "value": 1, "metadata": {"file": "/opt/venv/lib/python3.12/site-packages/primus_mllog/mlperf_sft.py", "lineno": 172}}
:::MLLOG {"namespace": "", "time_ms": 1778732736227, "event_type": "POINT_IN_TIME", "key": "config_filename", "value": "config_MI350X_1x8x1.sh", "metadata": {"file": "/opt/venv/lib/python3.12/site-packages/primus_mllog/mlperf_sft.py", "lineno": 172}}
:::MLLOG {"namespace": "", "time_ms": 1778732736227, "event_type": "POINT_IN_TIME", "key": "lowest_numerical_precision_linear", "value": "mxfp4", "metadata": {"file": "/opt/venv/lib/python3.12/site-packages/primus_mllog/mlperf_sft.py", "lineno": 172}}
:::MLLOG {"namespace": "", "time_ms": 1778732939622, "event_type": "INTERVAL_END", "key": "init_stop", "value": null, "metadata": {"file": "/opt/venv/lib/python3.12/site-packages/primus_mllog/mlperf_sft.py", "lineno": 186}}
:::MLLOG {"namespace": "", "time_ms": 1778732939623, "event_type": "INTERVAL_START", "key": "run_start", "value": null, "metadata": {"file": "/opt/venv/lib/python3.12/site-packages/primus_mllog/mlperf_sft.py", "lineno": 187}}
:::MLLOG {"namespace": "", "time_ms": 1778732939623, "event_type": "INTERVAL_START", "key": "epoch_start", "value": null, "metadata": {"file": "/opt/venv/lib/python3.12/site-packages/primus_mllog/mlperf_sft.py", "lineno": 189, "samples_count": 0}}
:::MLLOG {"namespace": "", "time_ms": 1778732939623, "event_type": "INTERVAL_START", "key": "block_start", "value": null, "metadata": {"file": "/opt/venv/lib/python3.12/site-packages/primus_mllog/mlperf_sft.py", "lineno": 192, "samples_count": 0}}
:::MLLOG {"namespace": "", "time_ms": 1778733203929, "event_type": "INTERVAL_END", "key": "block_stop", "value": null, "metadata": {"file": "/opt/venv/lib/python3.12/site-packages/primus_mllog/mlperf_sft.py", "lineno": 243, "samples_count": 1536}}
:::MLLOG {"namespace": "", "time_ms": 1778733203929, "event_type": "INTERVAL_START", "key": "eval_start", "value": null, "metadata": {"file": "/opt/venv/lib/python3.12/site-packages/primus_mllog/mlperf_sft.py", "lineno": 247, "samples_count": 1536}}
:::MLLOG {"namespace": "", "time_ms": 1778733217084, "event_type": "POINT_IN_TIME", "key": "eval_accuracy", "value": 0.9759654998779297, "metadata": {"file": "/opt/venv/lib/python3.12/site-packages/primus_mllog/mlperf_sft.py", "lineno": 264, "samples_count": 1536}}
:::MLLOG {"namespace": "", "time_ms": 1778733217084, "event_type": "INTERVAL_END", "key": "eval_stop", "value": null, "metadata": {"file": "/opt/venv/lib/python3.12/site-packages/primus_mllog/mlperf_sft.py", "lineno": 277, "samples_count": 1536}}
:::MLLOG {"namespace": "", "time_ms": 1778733217084, "event_type": "INTERVAL_START", "key": "block_start", "value": null, "metadata": {"file": "/opt/venv/lib/python3.12/site-packages/primus_mllog/mlperf_sft.py", "lineno": 283, "samples_count": 1536}}
:::MLLOG {"namespace": "", "time_ms": 1778733284113, "event_type": "INTERVAL_END", "key": "block_stop", "value": null, "metadata": {"file": "/opt/venv/lib/python3.12/site-packages/primus_mllog/mlperf_sft.py", "lineno": 243, "samples_count": 1920}}
:::MLLOG {"namespace": "", "time_ms": 1778733284113, "event_type": "INTERVAL_START", "key": "eval_start", "value": null, "metadata": {"file": "/opt/venv/lib/python3.12/site-packages/primus_mllog/mlperf_sft.py", "lineno": 247, "samples_count": 1920}}
:::MLLOG {"namespace": "", "time_ms": 1778733296971, "event_type": "POINT_IN_TIME", "key": "eval_accuracy", "value": 0.9594444632530212, "metadata": {"file": "/opt/venv/lib/python3.12/site-packages/primus_mllog/mlperf_sft.py", "lineno": 264, "samples_count": 1920}}
:::MLLOG {"namespace": "", "time_ms": 1778733296971, "event_type": "INTERVAL_END", "key": "eval_stop", "value": null, "metadata": {"file": "/opt/venv/lib/python3.12/site-packages/primus_mllog/mlperf_sft.py", "lineno": 277, "samples_count": 1920}}
:::MLLOG {"namespace": "", "time_ms": 1778733296971, "event_type": "INTERVAL_START", "key": "block_start", "value": null, "metadata": {"file": "/opt/venv/lib/python3.12/site-packages/primus_mllog/mlperf_sft.py", "lineno": 283, "samples_count": 1920}}
:::MLLOG {"namespace": "", "time_ms": 1778733364084, "event_type": "INTERVAL_END", "key": "block_stop", "value": null, "metadata": {"file": "/opt/venv/lib/python3.12/site-packages/primus_mllog/mlperf_sft.py", "lineno": 243, "samples_count": 2304}}
:::MLLOG {"namespace": "", "time_ms": 1778733364085, "event_type": "INTERVAL_START", "key": "eval_start", "value": null, "metadata": {"file": "/opt/venv/lib/python3.12/site-packages/primus_mllog/mlperf_sft.py", "lineno": 247, "samples_count": 2304}}
:::MLLOG {"namespace": "", "time_ms": 1778733376686, "event_type": "POINT_IN_TIME", "key": "eval_accuracy", "value": 0.955643355846405, "metadata": {"file": "/opt/venv/lib/python3.12/site-packages/primus_mllog/mlperf_sft.py", "lineno": 264, "samples_count": 2304}}
:::MLLOG {"namespace": "", "time_ms": 1778733376686, "event_type": "INTERVAL_END", "key": "eval_stop", "value": null, "metadata": {"file": "/opt/venv/lib/python3.12/site-packages/primus_mllog/mlperf_sft.py", "lineno": 277, "samples_count": 2304}}
:::MLLOG {"namespace": "", "time_ms": 1778733376686, "event_type": "INTERVAL_START", "key": "block_start", "value": null, "metadata": {"file": "/opt/venv/lib/python3.12/site-packages/primus_mllog/mlperf_sft.py", "lineno": 283, "samples_count": 2304}}
:::MLLOG {"namespace": "", "time_ms": 1778733443494, "event_type": "INTERVAL_END", "key": "block_stop", "value": null, "metadata": {"file": "/opt/venv/lib/python3.12/site-packages/primus_mllog/mlperf_sft.py", "lineno": 243, "samples_count": 2688}}
:::MLLOG {"namespace": "", "time_ms": 1778733443494, "event_type": "INTERVAL_START", "key": "eval_start", "value": null, "metadata": {"file": "/opt/venv/lib/python3.12/site-packages/primus_mllog/mlperf_sft.py", "lineno": 247, "samples_count": 2688}}
:::MLLOG {"namespace": "", "time_ms": 1778733455945, "event_type": "POINT_IN_TIME", "key": "eval_accuracy", "value": 0.9528999924659729, "metadata": {"file": "/opt/venv/lib/python3.12/site-packages/primus_mllog/mlperf_sft.py", "lineno": 264, "samples_count": 2688}}
:::MLLOG {"namespace": "", "time_ms": 1778733455945, "event_type": "INTERVAL_END", "key": "eval_stop", "value": null, "metadata": {"file": "/opt/venv/lib/python3.12/site-packages/primus_mllog/mlperf_sft.py", "lineno": 277, "samples_count": 2688}}
:::MLLOG {"namespace": "", "time_ms": 1778733455945, "event_type": "INTERVAL_START", "key": "block_start", "value": null, "metadata": {"file": "/opt/venv/lib/python3.12/site-packages/primus_mllog/mlperf_sft.py", "lineno": 283, "samples_count": 2688}}
:::MLLOG {"namespace": "", "time_ms": 1778733541795, "event_type": "INTERVAL_END", "key": "block_stop", "value": null, "metadata": {"file": "/opt/venv/lib/python3.12/site-packages/primus_mllog/mlperf_sft.py", "lineno": 243, "samples_count": 3072}}
:::MLLOG {"namespace": "", "time_ms": 1778733541795, "event_type": "INTERVAL_START", "key": "eval_start", "value": null, "metadata": {"file": "/opt/venv/lib/python3.12/site-packages/primus_mllog/mlperf_sft.py", "lineno": 247, "samples_count": 3072}}
:::MLLOG {"namespace": "", "time_ms": 1778733557950, "event_type": "POINT_IN_TIME", "key": "eval_accuracy", "value": 0.9255926609039307, "metadata": {"file": "/opt/venv/lib/python3.12/site-packages/primus_mllog/mlperf_sft.py", "lineno": 264, "samples_count": 3072}}
:::MLLOG {"namespace": "", "time_ms": 1778733557951, "event_type": "INTERVAL_END", "key": "eval_stop", "value": null, "metadata": {"file": "/opt/venv/lib/python3.12/site-packages/primus_mllog/mlperf_sft.py", "lineno": 277, "samples_count": 3072}}
:::MLLOG {"namespace": "", "time_ms": 1778733557951, "event_type": "INTERVAL_START", "key": "block_start", "value": null, "metadata": {"file": "/opt/venv/lib/python3.12/site-packages/primus_mllog/mlperf_sft.py", "lineno": 283, "samples_count": 3072}}
:::MLLOG {"namespace": "", "time_ms": 1778733641656, "event_type": "INTERVAL_END", "key": "block_stop", "value": null, "metadata": {"file": "/opt/venv/lib/python3.12/site-packages/primus_mllog/mlperf_sft.py", "lineno": 243, "samples_count": 3456}}
:::MLLOG {"namespace": "", "time_ms": 1778733641656, "event_type": "INTERVAL_START", "key": "eval_start", "value": null, "metadata": {"file": "/opt/venv/lib/python3.12/site-packages/primus_mllog/mlperf_sft.py", "lineno": 247, "samples_count": 3456}}
:::MLLOG {"namespace": "", "time_ms": 1778733658114, "event_type": "POINT_IN_TIME", "key": "eval_accuracy", "value": 0.9235205054283142, "metadata": {"file": "/opt/venv/lib/python3.12/site-packages/primus_mllog/mlperf_sft.py", "lineno": 264, "samples_count": 3456}}
:::MLLOG {"namespace": "", "time_ms": 1778733658115, "event_type": "INTERVAL_END", "key": "eval_stop", "value": null, "metadata": {"file": "/opt/venv/lib/python3.12/site-packages/primus_mllog/mlperf_sft.py", "lineno": 277, "samples_count": 3456}}
:::MLLOG {"namespace": "", "time_ms": 1778733658123, "event_type": "INTERVAL_END", "key": "epoch_stop", "value": null, "metadata": {"file": "/opt/venv/lib/python3.12/site-packages/primus_mllog/mlperf_sft.py", "lineno": 305, "samples_count": 3456}}
:::MLLOG {"namespace": "", "time_ms": 1778733658123, "event_type": "INTERVAL_END", "key": "run_stop", "value": null, "metadata": {"file": "/opt/venv/lib/python3.12/site-packages/primus_mllog/mlperf_sft.py", "lineno": 319, "samples_count": 3456, "status": "success"}}
:::MLLOG {"namespace": "", "time_ms": 1778733658123, "event_type": "POINT_IN_TIME", "key": "run_duration", "value": "718.5s -> 11.98 minutes", "metadata": {"file": "/opt/venv/lib/python3.12/site-packages/primus_mllog/mlperf_sft.py", "lineno": 331, "samples": 3456}}
:::MLLOG {"namespace": "", "time_ms": 1778733658123, "event_type": "POINT_IN_TIME", "key": "throughput", "value": 4.81, "metadata": {"file": "/opt/venv/lib/python3.12/site-packages/primus_mllog/mlperf_sft.py", "lineno": 336, "samples": 3456}}
:::MLLOG {"namespace": "", "time_ms": 1778733697833, "event_type": "POINT_IN_TIME", "key": "submission_benchmark", "value": "llama2_70b_lora", "metadata": {"file": "/opt/venv/lib/python3.12/site-packages/primus_mllog/mlperf_sft.py", "lineno": 120}}
:::MLLOG {"namespace": "", "time_ms": 1778733697840, "event_type": "POINT_IN_TIME", "key": "submission_org", "value": "AMD", "metadata": {"file": "/opt/venv/lib/python3.12/site-packages/primus_mllog/mlperf_sft.py", "lineno": 124}}
:::MLLOG {"namespace": "", "time_ms": 1778733697840, "event_type": "POINT_IN_TIME", "key": "submission_division", "value": "closed", "metadata": {"file": "/opt/venv/lib/python3.12/site-packages/primus_mllog/mlperf_sft.py", "lineno": 128}}
:::MLLOG {"namespace": "", "time_ms": 1778733697840, "event_type": "POINT_IN_TIME", "key": "submission_platform", "value": "MI350X", "metadata": {"file": "/opt/venv/lib/python3.12/site-packages/primus_mllog/mlperf_sft.py", "lineno": 132}}
:::MLLOG {"namespace": "", "time_ms": 1778733697840, "event_type": "POINT_IN_TIME", "key": "submission_status", "value": "onprem", "metadata": {"file": "/opt/venv/lib/python3.12/site-packages/primus_mllog/mlperf_sft.py", "lineno": 136}}
:::MLLOG {"namespace": "", "time_ms": 1778733697841, "event_type": "POINT_IN_TIME", "key": "target_accuracy", "value": 0.925, "metadata": {"file": "/opt/venv/lib/python3.12/site-packages/primus_mllog/mlperf_sft.py", "lineno": 139}}
:::MLLOG {"namespace": "", "time_ms": 1778733697841, "event_type": "POINT_IN_TIME", "key": "global_batch_size", "value": 8, "metadata": {"file": "/opt/venv/lib/python3.12/site-packages/primus_mllog/mlperf_sft.py", "lineno": 172}}
:::MLLOG {"namespace": "", "time_ms": 1778733697841, "event_type": "POINT_IN_TIME", "key": "train_samples", "value": 3901, "metadata": {"file": "/opt/venv/lib/python3.12/site-packages/primus_mllog/mlperf_sft.py", "lineno": 172}}
:::MLLOG {"namespace": "", "time_ms": 1778733697841, "event_type": "POINT_IN_TIME", "key": "eval_samples", "value": 173, "metadata": {"file": "/opt/venv/lib/python3.12/site-packages/primus_mllog/mlperf_sft.py", "lineno": 172}}
:::MLLOG {"namespace": "", "time_ms": 1778733697841, "event_type": "POINT_IN_TIME", "key": "gradient_accumulation_steps", "value": 1, "metadata": {"file": "/opt/venv/lib/python3.12/site-packages/primus_mllog/mlperf_sft.py", "lineno": 172}}
:::MLLOG {"namespace": "", "time_ms": 1778733697841, "event_type": "POINT_IN_TIME", "key": "seed", "value": 7572, "metadata": {"file": "/opt/venv/lib/python3.12/site-packages/primus_mllog/mlperf_sft.py", "lineno": 172}}
:::MLLOG {"namespace": "", "time_ms": 1778733697842, "event_type": "POINT_IN_TIME", "key": "opt_name", "value": "adamw", "metadata": {"file": "/opt/venv/lib/python3.12/site-packages/primus_mllog/mlperf_sft.py", "lineno": 172}}
:::MLLOG {"namespace": "", "time_ms": 1778733697842, "event_type": "POINT_IN_TIME", "key": "opt_base_learning_rate", "value": 0.0006, "metadata": {"file": "/opt/venv/lib/python3.12/site-packages/primus_mllog/mlperf_sft.py", "lineno": 172}}
:::MLLOG {"namespace": "", "time_ms": 1778733697842, "event_type": "POINT_IN_TIME", "key": "opt_adamw_beta_1", "value": 0.9, "metadata": {"file": "/opt/venv/lib/python3.12/site-packages/primus_mllog/mlperf_sft.py", "lineno": 172}}
:::MLLOG {"namespace": "", "time_ms": 1778733697842, "event_type": "POINT_IN_TIME", "key": "opt_adamw_beta_2", "value": 0.999, "metadata": {"file": "/opt/venv/lib/python3.12/site-packages/primus_mllog/mlperf_sft.py", "lineno": 172}}
:::MLLOG {"namespace": "", "time_ms": 1778733697842, "event_type": "POINT_IN_TIME", "key": "opt_adamw_epsilon", "value": 1e-08, "metadata": {"file": "/opt/venv/lib/python3.12/site-packages/primus_mllog/mlperf_sft.py", "lineno": 172}}
:::MLLOG {"namespace": "", "time_ms": 1778733697842, "event_type": "POINT_IN_TIME", "key": "opt_adamw_weight_decay", "value": 0.0001, "metadata": {"file": "/opt/venv/lib/python3.12/site-packages/primus_mllog/mlperf_sft.py", "lineno": 172}}
:::MLLOG {"namespace": "", "time_ms": 1778733697842, "event_type": "POINT_IN_TIME", "key": "opt_gradient_clip_norm", "value": 0.3, "metadata": {"file": "/opt/venv/lib/python3.12/site-packages/primus_mllog/mlperf_sft.py", "lineno": 172}}
:::MLLOG {"namespace": "", "time_ms": 1778733697842, "event_type": "POINT_IN_TIME", "key": "opt_learning_rate_warmup_factor", "value": 0.0, "metadata": {"file": "/opt/venv/lib/python3.12/site-packages/primus_mllog/mlperf_sft.py", "lineno": 172}}
:::MLLOG {"namespace": "", "time_ms": 1778733697842, "event_type": "POINT_IN_TIME", "key": "opt_learning_rate_training_steps", "value": 550, "metadata": {"file": "/opt/venv/lib/python3.12/site-packages/primus_mllog/mlperf_sft.py", "lineno": 172}}
:::MLLOG {"namespace": "", "time_ms": 1778733697842, "event_type": "POINT_IN_TIME", "key": "max_sequence_length", "value": 8192, "metadata": {"file": "/opt/venv/lib/python3.12/site-packages/primus_mllog/mlperf_sft.py", "lineno": 172}}
:::MLLOG {"namespace": "", "time_ms": 1778733697843, "event_type": "POINT_IN_TIME", "key": "max_steps", "value": 550, "metadata": {"file": "/opt/venv/lib/python3.12/site-packages/primus_mllog/mlperf_sft.py", "lineno": 172}}
:::MLLOG {"namespace": "", "time_ms": 1778733697843, "event_type": "POINT_IN_TIME", "key": "lora_rank", "value": 16, "metadata": {"file": "/opt/venv/lib/python3.12/site-packages/primus_mllog/mlperf_sft.py", "lineno": 172}}
:::MLLOG {"namespace": "", "time_ms": 1778733697843, "event_type": "POINT_IN_TIME", "key": "lora_alpha", "value": 32, "metadata": {"file": "/opt/venv/lib/python3.12/site-packages/primus_mllog/mlperf_sft.py", "lineno": 172}}
:::MLLOG {"namespace": "", "time_ms": 1778733697843, "event_type": "POINT_IN_TIME", "key": "tensor_parallelism", "value": 1, "metadata": {"file": "/opt/venv/lib/python3.12/site-packages/primus_mllog/mlperf_sft.py", "lineno": 172}}
:::MLLOG {"namespace": "", "time_ms": 1778733697843, "event_type": "POINT_IN_TIME", "key": "pipeline_parallelism", "value": 1, "metadata": {"file": "/opt/venv/lib/python3.12/site-packages/primus_mllog/mlperf_sft.py", "lineno": 172}}
:::MLLOG {"namespace": "", "time_ms": 1778733697843, "event_type": "POINT_IN_TIME", "key": "context_parallelism", "value": 1, "metadata": {"file": "/opt/venv/lib/python3.12/site-packages/primus_mllog/mlperf_sft.py", "lineno": 172}}
:::MLLOG {"namespace": "", "time_ms": 1778733697843, "event_type": "POINT_IN_TIME", "key": "expert_parallelism", "value": 1, "metadata": {"file": "/opt/venv/lib/python3.12/site-packages/primus_mllog/mlperf_sft.py", "lineno": 172}}
:::MLLOG {"namespace": "", "time_ms": 1778733697843, "event_type": "POINT_IN_TIME", "key": "micro_batch_size", "value": 1, "metadata": {"file": "/opt/venv/lib/python3.12/site-packages/primus_mllog/mlperf_sft.py", "lineno": 172}}
:::MLLOG {"namespace": "", "time_ms": 1778733697843, "event_type": "POINT_IN_TIME", "key": "config_filename", "value": "config_MI350X_1x8x1.sh", "metadata": {"file": "/opt/venv/lib/python3.12/site-packages/primus_mllog/mlperf_sft.py", "lineno": 172}}
:::MLLOG {"namespace": "", "time_ms": 1778733697843, "event_type": "POINT_IN_TIME", "key": "lowest_numerical_precision_linear", "value": "mxfp4", "metadata": {"file": "/opt/venv/lib/python3.12/site-packages/primus_mllog/mlperf_sft.py", "lineno": 172}}
:::MLLOG {"namespace": "", "time_ms": 1778733906616, "event_type": "INTERVAL_END", "key": "init_stop", "value": null, "metadata": {"file": "/opt/venv/lib/python3.12/site-packages/primus_mllog/mlperf_sft.py", "lineno": 186}}
:::MLLOG {"namespace": "", "time_ms": 1778733906617, "event_type": "INTERVAL_START", "key": "run_start", "value": null, "metadata": {"file": "/opt/venv/lib/python3.12/site-packages/primus_mllog/mlperf_sft.py", "lineno": 187}}
:::MLLOG {"namespace": "", "time_ms": 1778733906617, "event_type": "INTERVAL_START", "key": "epoch_start", "value": null, "metadata": {"file": "/opt/venv/lib/python3.12/site-packages/primus_mllog/mlperf_sft.py", "lineno": 189, "samples_count": 0}}
:::MLLOG {"namespace": "", "time_ms": 1778733906617, "event_type": "INTERVAL_START", "key": "block_start", "value": null, "metadata": {"file": "/opt/venv/lib/python3.12/site-packages/primus_mllog/mlperf_sft.py", "lineno": 192, "samples_count": 0}}
:::MLLOG {"namespace": "", "time_ms": 1778734172137, "event_type": "INTERVAL_END", "key": "block_stop", "value": null, "metadata": {"file": "/opt/venv/lib/python3.12/site-packages/primus_mllog/mlperf_sft.py", "lineno": 243, "samples_count": 1536}}
:::MLLOG {"namespace": "", "time_ms": 1778734172137, "event_type": "INTERVAL_START", "key": "eval_start", "value": null, "metadata": {"file": "/opt/venv/lib/python3.12/site-packages/primus_mllog/mlperf_sft.py", "lineno": 247, "samples_count": 1536}}
:::MLLOG {"namespace": "", "time_ms": 1778734184800, "event_type": "POINT_IN_TIME", "key": "eval_accuracy", "value": 0.968942403793335, "metadata": {"file": "/opt/venv/lib/python3.12/site-packages/primus_mllog/mlperf_sft.py", "lineno": 264, "samples_count": 1536}}
:::MLLOG {"namespace": "", "time_ms": 1778734184801, "event_type": "INTERVAL_END", "key": "eval_stop", "value": null, "metadata": {"file": "/opt/venv/lib/python3.12/site-packages/primus_mllog/mlperf_sft.py", "lineno": 277, "samples_count": 1536}}
:::MLLOG {"namespace": "", "time_ms": 1778734184801, "event_type": "INTERVAL_START", "key": "block_start", "value": null, "metadata": {"file": "/opt/venv/lib/python3.12/site-packages/primus_mllog/mlperf_sft.py", "lineno": 283, "samples_count": 1536}}
:::MLLOG {"namespace": "", "time_ms": 1778734253533, "event_type": "INTERVAL_END", "key": "block_stop", "value": null, "metadata": {"file": "/opt/venv/lib/python3.12/site-packages/primus_mllog/mlperf_sft.py", "lineno": 243, "samples_count": 1920}}
:::MLLOG {"namespace": "", "time_ms": 1778734253534, "event_type": "INTERVAL_START", "key": "eval_start", "value": null, "metadata": {"file": "/opt/venv/lib/python3.12/site-packages/primus_mllog/mlperf_sft.py", "lineno": 247, "samples_count": 1920}}
:::MLLOG {"namespace": "", "time_ms": 1778734266439, "event_type": "POINT_IN_TIME", "key": "eval_accuracy", "value": 0.9567465782165527, "metadata": {"file": "/opt/venv/lib/python3.12/site-packages/primus_mllog/mlperf_sft.py", "lineno": 264, "samples_count": 1920}}
:::MLLOG {"namespace": "", "time_ms": 1778734266439, "event_type": "INTERVAL_END", "key": "eval_stop", "value": null, "metadata": {"file": "/opt/venv/lib/python3.12/site-packages/primus_mllog/mlperf_sft.py", "lineno": 277, "samples_count": 1920}}
:::MLLOG {"namespace": "", "time_ms": 1778734266439, "event_type": "INTERVAL_START", "key": "block_start", "value": null, "metadata": {"file": "/opt/venv/lib/python3.12/site-packages/primus_mllog/mlperf_sft.py", "lineno": 283, "samples_count": 1920}}
:::MLLOG {"namespace": "", "time_ms": 1778734333123, "event_type": "INTERVAL_END", "key": "block_stop", "value": null, "metadata": {"file": "/opt/venv/lib/python3.12/site-packages/primus_mllog/mlperf_sft.py", "lineno": 243, "samples_count": 2304}}
:::MLLOG {"namespace": "", "time_ms": 1778734333124, "event_type": "INTERVAL_START", "key": "eval_start", "value": null, "metadata": {"file": "/opt/venv/lib/python3.12/site-packages/primus_mllog/mlperf_sft.py", "lineno": 247, "samples_count": 2304}}
:::MLLOG {"namespace": "", "time_ms": 1778734345758, "event_type": "POINT_IN_TIME", "key": "eval_accuracy", "value": 0.9497073292732239, "metadata": {"file": "/opt/venv/lib/python3.12/site-packages/primus_mllog/mlperf_sft.py", "lineno": 264, "samples_count": 2304}}
:::MLLOG {"namespace": "", "time_ms": 1778734345759, "event_type": "INTERVAL_END", "key": "eval_stop", "value": null, "metadata": {"file": "/opt/venv/lib/python3.12/site-packages/primus_mllog/mlperf_sft.py", "lineno": 277, "samples_count": 2304}}
:::MLLOG {"namespace": "", "time_ms": 1778734345759, "event_type": "INTERVAL_START", "key": "block_start", "value": null, "metadata": {"file": "/opt/venv/lib/python3.12/site-packages/primus_mllog/mlperf_sft.py", "lineno": 283, "samples_count": 2304}}
:::MLLOG {"namespace": "", "time_ms": 1778734413109, "event_type": "INTERVAL_END", "key": "block_stop", "value": null, "metadata": {"file": "/opt/venv/lib/python3.12/site-packages/primus_mllog/mlperf_sft.py", "lineno": 243, "samples_count": 2688}}
:::MLLOG {"namespace": "", "time_ms": 1778734413110, "event_type": "INTERVAL_START", "key": "eval_start", "value": null, "metadata": {"file": "/opt/venv/lib/python3.12/site-packages/primus_mllog/mlperf_sft.py", "lineno": 247, "samples_count": 2688}}
:::MLLOG {"namespace": "", "time_ms": 1778734425607, "event_type": "POINT_IN_TIME", "key": "eval_accuracy", "value": 0.9467928409576416, "metadata": {"file": "/opt/venv/lib/python3.12/site-packages/primus_mllog/mlperf_sft.py", "lineno": 264, "samples_count": 2688}}
:::MLLOG {"namespace": "", "time_ms": 1778734425607, "event_type": "INTERVAL_END", "key": "eval_stop", "value": null, "metadata": {"file": "/opt/venv/lib/python3.12/site-packages/primus_mllog/mlperf_sft.py", "lineno": 277, "samples_count": 2688}}
:::MLLOG {"namespace": "", "time_ms": 1778734425607, "event_type": "INTERVAL_START", "key": "block_start", "value": null, "metadata": {"file": "/opt/venv/lib/python3.12/site-packages/primus_mllog/mlperf_sft.py", "lineno": 283, "samples_count": 2688}}
:::MLLOG {"namespace": "", "time_ms": 1778734514992, "event_type": "INTERVAL_END", "key": "block_stop", "value": null, "metadata": {"file": "/opt/venv/lib/python3.12/site-packages/primus_mllog/mlperf_sft.py", "lineno": 243, "samples_count": 3072}}
:::MLLOG {"namespace": "", "time_ms": 1778734514992, "event_type": "INTERVAL_START", "key": "eval_start", "value": null, "metadata": {"file": "/opt/venv/lib/python3.12/site-packages/primus_mllog/mlperf_sft.py", "lineno": 247, "samples_count": 3072}}
:::MLLOG {"namespace": "", "time_ms": 1778734532117, "event_type": "POINT_IN_TIME", "key": "eval_accuracy", "value": 0.9227733016014099, "metadata": {"file": "/opt/venv/lib/python3.12/site-packages/primus_mllog/mlperf_sft.py", "lineno": 264, "samples_count": 3072}}
:::MLLOG {"namespace": "", "time_ms": 1778734532117, "event_type": "INTERVAL_END", "key": "eval_stop", "value": null, "metadata": {"file": "/opt/venv/lib/python3.12/site-packages/primus_mllog/mlperf_sft.py", "lineno": 277, "samples_count": 3072}}
:::MLLOG {"namespace": "", "time_ms": 1778734532125, "event_type": "INTERVAL_END", "key": "epoch_stop", "value": null, "metadata": {"file": "/opt/venv/lib/python3.12/site-packages/primus_mllog/mlperf_sft.py", "lineno": 305, "samples_count": 3072}}
:::MLLOG {"namespace": "", "time_ms": 1778734532125, "event_type": "INTERVAL_END", "key": "run_stop", "value": null, "metadata": {"file": "/opt/venv/lib/python3.12/site-packages/primus_mllog/mlperf_sft.py", "lineno": 319, "samples_count": 3072, "status": "success"}}
:::MLLOG {"namespace": "", "time_ms": 1778734532125, "event_type": "POINT_IN_TIME", "key": "run_duration", "value": "625.51s -> 10.43 minutes", "metadata": {"file": "/opt/venv/lib/python3.12/site-packages/primus_mllog/mlperf_sft.py", "lineno": 331, "samples": 3072}}
:::MLLOG {"namespace": "", "time_ms": 1778734532125, "event_type": "POINT_IN_TIME", "key": "throughput", "value": 4.91, "metadata": {"file": "/opt/venv/lib/python3.12/site-packages/primus_mllog/mlperf_sft.py", "lineno": 336, "samples": 3072}}
:::MLLOG {"namespace": "", "time_ms": 1778734571875, "event_type": "POINT_IN_TIME", "key": "submission_benchmark", "value": "llama2_70b_lora", "metadata": {"file": "/opt/venv/lib/python3.12/site-packages/primus_mllog/mlperf_sft.py", "lineno": 120}}
:::MLLOG {"namespace": "", "time_ms": 1778734571882, "event_type": "POINT_IN_TIME", "key": "submission_org", "value": "AMD", "metadata": {"file": "/opt/venv/lib/python3.12/site-packages/primus_mllog/mlperf_sft.py", "lineno": 124}}
:::MLLOG {"namespace": "", "time_ms": 1778734571882, "event_type": "POINT_IN_TIME", "key": "submission_division", "value": "closed", "metadata": {"file": "/opt/venv/lib/python3.12/site-packages/primus_mllog/mlperf_sft.py", "lineno": 128}}
:::MLLOG {"namespace": "", "time_ms": 1778734571883, "event_type": "POINT_IN_TIME", "key": "submission_platform", "value": "MI350X", "metadata": {"file": "/opt/venv/lib/python3.12/site-packages/primus_mllog/mlperf_sft.py", "lineno": 132}}
:::MLLOG {"namespace": "", "time_ms": 1778734571883, "event_type": "POINT_IN_TIME", "key": "submission_status", "value": "onprem", "metadata": {"file": "/opt/venv/lib/python3.12/site-packages/primus_mllog/mlperf_sft.py", "lineno": 136}}
:::MLLOG {"namespace": "", "time_ms": 1778734571883, "event_type": "POINT_IN_TIME", "key": "target_accuracy", "value": 0.925, "metadata": {"file": "/opt/venv/lib/python3.12/site-packages/primus_mllog/mlperf_sft.py", "lineno": 139}}
:::MLLOG {"namespace": "", "time_ms": 1778734571883, "event_type": "POINT_IN_TIME", "key": "global_batch_size", "value": 8, "metadata": {"file": "/opt/venv/lib/python3.12/site-packages/primus_mllog/mlperf_sft.py", "lineno": 172}}
:::MLLOG {"namespace": "", "time_ms": 1778734571883, "event_type": "POINT_IN_TIME", "key": "train_samples", "value": 3901, "metadata": {"file": "/opt/venv/lib/python3.12/site-packages/primus_mllog/mlperf_sft.py", "lineno": 172}}
:::MLLOG {"namespace": "", "time_ms": 1778734571883, "event_type": "POINT_IN_TIME", "key": "eval_samples", "value": 173, "metadata": {"file": "/opt/venv/lib/python3.12/site-packages/primus_mllog/mlperf_sft.py", "lineno": 172}}
:::MLLOG {"namespace": "", "time_ms": 1778734571883, "event_type": "POINT_IN_TIME", "key": "gradient_accumulation_steps", "value": 1, "metadata": {"file": "/opt/venv/lib/python3.12/site-packages/primus_mllog/mlperf_sft.py", "lineno": 172}}
:::MLLOG {"namespace": "", "time_ms": 1778734571883, "event_type": "POINT_IN_TIME", "key": "seed", "value": 20602, "metadata": {"file": "/opt/venv/lib/python3.12/site-packages/primus_mllog/mlperf_sft.py", "lineno": 172}}
:::MLLOG {"namespace": "", "time_ms": 1778734571883, "event_type": "POINT_IN_TIME", "key": "opt_name", "value": "adamw", "metadata": {"file": "/opt/venv/lib/python3.12/site-packages/primus_mllog/mlperf_sft.py", "lineno": 172}}
:::MLLOG {"namespace": "", "time_ms": 1778734571883, "event_type": "POINT_IN_TIME", "key": "opt_base_learning_rate", "value": 0.0006, "metadata": {"file": "/opt/venv/lib/python3.12/site-packages/primus_mllog/mlperf_sft.py", "lineno": 172}}
:::MLLOG {"namespace": "", "time_ms": 1778734571883, "event_type": "POINT_IN_TIME", "key": "opt_adamw_beta_1", "value": 0.9, "metadata": {"file": "/opt/venv/lib/python3.12/site-packages/primus_mllog/mlperf_sft.py", "lineno": 172}}
:::MLLOG {"namespace": "", "time_ms": 1778734571883, "event_type": "POINT_IN_TIME", "key": "opt_adamw_beta_2", "value": 0.999, "metadata": {"file": "/opt/venv/lib/python3.12/site-packages/primus_mllog/mlperf_sft.py", "lineno": 172}}
:::MLLOG {"namespace": "", "time_ms": 1778734571883, "event_type": "POINT_IN_TIME", "key": "opt_adamw_epsilon", "value": 1e-08, "metadata": {"file": "/opt/venv/lib/python3.12/site-packages/primus_mllog/mlperf_sft.py", "lineno": 172}}
:::MLLOG {"namespace": "", "time_ms": 1778734571883, "event_type": "POINT_IN_TIME", "key": "opt_adamw_weight_decay", "value": 0.0001, "metadata": {"file": "/opt/venv/lib/python3.12/site-packages/primus_mllog/mlperf_sft.py", "lineno": 172}}
:::MLLOG {"namespace": "", "time_ms": 1778734571883, "event_type": "POINT_IN_TIME", "key": "opt_gradient_clip_norm", "value": 0.3, "metadata": {"file": "/opt/venv/lib/python3.12/site-packages/primus_mllog/mlperf_sft.py", "lineno": 172}}
:::MLLOG {"namespace": "", "time_ms": 1778734571883, "event_type": "POINT_IN_TIME", "key": "opt_learning_rate_warmup_factor", "value": 0.0, "metadata": {"file": "/opt/venv/lib/python3.12/site-packages/primus_mllog/mlperf_sft.py", "lineno": 172}}
:::MLLOG {"namespace": "", "time_ms": 1778734571883, "event_type": "POINT_IN_TIME", "key": "opt_learning_rate_training_steps", "value": 550, "metadata": {"file": "/opt/venv/lib/python3.12/site-packages/primus_mllog/mlperf_sft.py", "lineno": 172}}
:::MLLOG {"namespace": "", "time_ms": 1778734571883, "event_type": "POINT_IN_TIME", "key": "max_sequence_length", "value": 8192, "metadata": {"file": "/opt/venv/lib/python3.12/site-packages/primus_mllog/mlperf_sft.py", "lineno": 172}}
:::MLLOG {"namespace": "", "time_ms": 1778734571884, "event_type": "POINT_IN_TIME", "key": "max_steps", "value": 550, "metadata": {"file": "/opt/venv/lib/python3.12/site-packages/primus_mllog/mlperf_sft.py", "lineno": 172}}
:::MLLOG {"namespace": "", "time_ms": 1778734571884, "event_type": "POINT_IN_TIME", "key": "lora_rank", "value": 16, "metadata": {"file": "/opt/venv/lib/python3.12/site-packages/primus_mllog/mlperf_sft.py", "lineno": 172}}
:::MLLOG {"namespace": "", "time_ms": 1778734571884, "event_type": "POINT_IN_TIME", "key": "lora_alpha", "value": 32, "metadata": {"file": "/opt/venv/lib/python3.12/site-packages/primus_mllog/mlperf_sft.py", "lineno": 172}}
:::MLLOG {"namespace": "", "time_ms": 1778734571884, "event_type": "POINT_IN_TIME", "key": "tensor_parallelism", "value": 1, "metadata": {"file": "/opt/venv/lib/python3.12/site-packages/primus_mllog/mlperf_sft.py", "lineno": 172}}
:::MLLOG {"namespace": "", "time_ms": 1778734571884, "event_type": "POINT_IN_TIME", "key": "pipeline_parallelism", "value": 1, "metadata": {"file": "/opt/venv/lib/python3.12/site-packages/primus_mllog/mlperf_sft.py", "lineno": 172}}
:::MLLOG {"namespace": "", "time_ms": 1778734571884, "event_type": "POINT_IN_TIME", "key": "context_parallelism", "value": 1, "metadata": {"file": "/opt/venv/lib/python3.12/site-packages/primus_mllog/mlperf_sft.py", "lineno": 172}}
:::MLLOG {"namespace": "", "time_ms": 1778734571884, "event_type": "POINT_IN_TIME", "key": "expert_parallelism", "value": 1, "metadata": {"file": "/opt/venv/lib/python3.12/site-packages/primus_mllog/mlperf_sft.py", "lineno": 172}}
:::MLLOG {"namespace": "", "time_ms": 1778734571884, "event_type": "POINT_IN_TIME", "key": "micro_batch_size", "value": 1, "metadata": {"file": "/opt/venv/lib/python3.12/site-packages/primus_mllog/mlperf_sft.py", "lineno": 172}}
:::MLLOG {"namespace": "", "time_ms": 1778734571884, "event_type": "POINT_IN_TIME", "key": "config_filename", "value": "config_MI350X_1x8x1.sh", "metadata": {"file": "/opt/venv/lib/python3.12/site-packages/primus_mllog/mlperf_sft.py", "lineno": 172}}
:::MLLOG {"namespace": "", "time_ms": 1778734571884, "event_type": "POINT_IN_TIME", "key": "lowest_numerical_precision_linear", "value": "mxfp4", "metadata": {"file": "/opt/venv/lib/python3.12/site-packages/primus_mllog/mlperf_sft.py", "lineno": 172}}
:::MLLOG {"namespace": "", "time_ms": 1778734779555, "event_type": "INTERVAL_END", "key": "init_stop", "value": null, "metadata": {"file": "/opt/venv/lib/python3.12/site-packages/primus_mllog/mlperf_sft.py", "lineno": 186}}
:::MLLOG {"namespace": "", "time_ms": 1778734779555, "event_type": "INTERVAL_START", "key": "run_start", "value": null, "metadata": {"file": "/opt/venv/lib/python3.12/site-packages/primus_mllog/mlperf_sft.py", "lineno": 187}}
:::MLLOG {"namespace": "", "time_ms": 1778734779555, "event_type": "INTERVAL_START", "key": "epoch_start", "value": null, "metadata": {"file": "/opt/venv/lib/python3.12/site-packages/primus_mllog/mlperf_sft.py", "lineno": 189, "samples_count": 0}}
:::MLLOG {"namespace": "", "time_ms": 1778734779555, "event_type": "INTERVAL_START", "key": "block_start", "value": null, "metadata": {"file": "/opt/venv/lib/python3.12/site-packages/primus_mllog/mlperf_sft.py", "lineno": 192, "samples_count": 0}}
:::MLLOG {"namespace": "", "time_ms": 1778735039006, "event_type": "INTERVAL_END", "key": "block_stop", "value": null, "metadata": {"file": "/opt/venv/lib/python3.12/site-packages/primus_mllog/mlperf_sft.py", "lineno": 243, "samples_count": 1536}}
:::MLLOG {"namespace": "", "time_ms": 1778735039006, "event_type": "INTERVAL_START", "key": "eval_start", "value": null, "metadata": {"file": "/opt/venv/lib/python3.12/site-packages/primus_mllog/mlperf_sft.py", "lineno": 247, "samples_count": 1536}}
:::MLLOG {"namespace": "", "time_ms": 1778735051570, "event_type": "POINT_IN_TIME", "key": "eval_accuracy", "value": 0.9742898344993591, "metadata": {"file": "/opt/venv/lib/python3.12/site-packages/primus_mllog/mlperf_sft.py", "lineno": 264, "samples_count": 1536}}
:::MLLOG {"namespace": "", "time_ms": 1778735051570, "event_type": "INTERVAL_END", "key": "eval_stop", "value": null, "metadata": {"file": "/opt/venv/lib/python3.12/site-packages/primus_mllog/mlperf_sft.py", "lineno": 277, "samples_count": 1536}}
:::MLLOG {"namespace": "", "time_ms": 1778735051570, "event_type": "INTERVAL_START", "key": "block_start", "value": null, "metadata": {"file": "/opt/venv/lib/python3.12/site-packages/primus_mllog/mlperf_sft.py", "lineno": 283, "samples_count": 1536}}
:::MLLOG {"namespace": "", "time_ms": 1778735117863, "event_type": "INTERVAL_END", "key": "block_stop", "value": null, "metadata": {"file": "/opt/venv/lib/python3.12/site-packages/primus_mllog/mlperf_sft.py", "lineno": 243, "samples_count": 1920}}
:::MLLOG {"namespace": "", "time_ms": 1778735117864, "event_type": "INTERVAL_START", "key": "eval_start", "value": null, "metadata": {"file": "/opt/venv/lib/python3.12/site-packages/primus_mllog/mlperf_sft.py", "lineno": 247, "samples_count": 1920}}
:::MLLOG {"namespace": "", "time_ms": 1778735130658, "event_type": "POINT_IN_TIME", "key": "eval_accuracy", "value": 0.9590677618980408, "metadata": {"file": "/opt/venv/lib/python3.12/site-packages/primus_mllog/mlperf_sft.py", "lineno": 264, "samples_count": 1920}}
:::MLLOG {"namespace": "", "time_ms": 1778735130659, "event_type": "INTERVAL_END", "key": "eval_stop", "value": null, "metadata": {"file": "/opt/venv/lib/python3.12/site-packages/primus_mllog/mlperf_sft.py", "lineno": 277, "samples_count": 1920}}
:::MLLOG {"namespace": "", "time_ms": 1778735130659, "event_type": "INTERVAL_START", "key": "block_start", "value": null, "metadata": {"file": "/opt/venv/lib/python3.12/site-packages/primus_mllog/mlperf_sft.py", "lineno": 283, "samples_count": 1920}}
:::MLLOG {"namespace": "", "time_ms": 1778735196300, "event_type": "INTERVAL_END", "key": "block_stop", "value": null, "metadata": {"file": "/opt/venv/lib/python3.12/site-packages/primus_mllog/mlperf_sft.py", "lineno": 243, "samples_count": 2304}}
:::MLLOG {"namespace": "", "time_ms": 1778735196300, "event_type": "INTERVAL_START", "key": "eval_start", "value": null, "metadata": {"file": "/opt/venv/lib/python3.12/site-packages/primus_mllog/mlperf_sft.py", "lineno": 247, "samples_count": 2304}}
:::MLLOG {"namespace": "", "time_ms": 1778735208965, "event_type": "POINT_IN_TIME", "key": "eval_accuracy", "value": 0.9540361762046814, "metadata": {"file": "/opt/venv/lib/python3.12/site-packages/primus_mllog/mlperf_sft.py", "lineno": 264, "samples_count": 2304}}
:::MLLOG {"namespace": "", "time_ms": 1778735208965, "event_type": "INTERVAL_END", "key": "eval_stop", "value": null, "metadata": {"file": "/opt/venv/lib/python3.12/site-packages/primus_mllog/mlperf_sft.py", "lineno": 277, "samples_count": 2304}}
:::MLLOG {"namespace": "", "time_ms": 1778735208965, "event_type": "INTERVAL_START", "key": "block_start", "value": null, "metadata": {"file": "/opt/venv/lib/python3.12/site-packages/primus_mllog/mlperf_sft.py", "lineno": 283, "samples_count": 2304}}
:::MLLOG {"namespace": "", "time_ms": 1778735273543, "event_type": "INTERVAL_END", "key": "block_stop", "value": null, "metadata": {"file": "/opt/venv/lib/python3.12/site-packages/primus_mllog/mlperf_sft.py", "lineno": 243, "samples_count": 2688}}
:::MLLOG {"namespace": "", "time_ms": 1778735273543, "event_type": "INTERVAL_START", "key": "eval_start", "value": null, "metadata": {"file": "/opt/venv/lib/python3.12/site-packages/primus_mllog/mlperf_sft.py", "lineno": 247, "samples_count": 2688}}
:::MLLOG {"namespace": "", "time_ms": 1778735286208, "event_type": "POINT_IN_TIME", "key": "eval_accuracy", "value": 0.9489636421203613, "metadata": {"file": "/opt/venv/lib/python3.12/site-packages/primus_mllog/mlperf_sft.py", "lineno": 264, "samples_count": 2688}}
:::MLLOG {"namespace": "", "time_ms": 1778735286208, "event_type": "INTERVAL_END", "key": "eval_stop", "value": null, "metadata": {"file": "/opt/venv/lib/python3.12/site-packages/primus_mllog/mlperf_sft.py", "lineno": 277, "samples_count": 2688}}
:::MLLOG {"namespace": "", "time_ms": 1778735286208, "event_type": "INTERVAL_START", "key": "block_start", "value": null, "metadata": {"file": "/opt/venv/lib/python3.12/site-packages/primus_mllog/mlperf_sft.py", "lineno": 283, "samples_count": 2688}}
:::MLLOG {"namespace": "", "time_ms": 1778735373681, "event_type": "INTERVAL_END", "key": "block_stop", "value": null, "metadata": {"file": "/opt/venv/lib/python3.12/site-packages/primus_mllog/mlperf_sft.py", "lineno": 243, "samples_count": 3072}}
:::MLLOG {"namespace": "", "time_ms": 1778735373682, "event_type": "INTERVAL_START", "key": "eval_start", "value": null, "metadata": {"file": "/opt/venv/lib/python3.12/site-packages/primus_mllog/mlperf_sft.py", "lineno": 247, "samples_count": 3072}}
:::MLLOG {"namespace": "", "time_ms": 1778735390425, "event_type": "POINT_IN_TIME", "key": "eval_accuracy", "value": 0.9234971404075623, "metadata": {"file": "/opt/venv/lib/python3.12/site-packages/primus_mllog/mlperf_sft.py", "lineno": 264, "samples_count": 3072}}
:::MLLOG {"namespace": "", "time_ms": 1778735390426, "event_type": "INTERVAL_END", "key": "eval_stop", "value": null, "metadata": {"file": "/opt/venv/lib/python3.12/site-packages/primus_mllog/mlperf_sft.py", "lineno": 277, "samples_count": 3072}}
:::MLLOG {"namespace": "", "time_ms": 1778735390432, "event_type": "INTERVAL_END", "key": "epoch_stop", "value": null, "metadata": {"file": "/opt/venv/lib/python3.12/site-packages/primus_mllog/mlperf_sft.py", "lineno": 305, "samples_count": 3072}}
:::MLLOG {"namespace": "", "time_ms": 1778735390433, "event_type": "INTERVAL_END", "key": "run_stop", "value": null, "metadata": {"file": "/opt/venv/lib/python3.12/site-packages/primus_mllog/mlperf_sft.py", "lineno": 319, "samples_count": 3072, "status": "success"}}
:::MLLOG {"namespace": "", "time_ms": 1778735390433, "event_type": "POINT_IN_TIME", "key": "run_duration", "value": "610.88s -> 10.18 minutes", "metadata": {"file": "/opt/venv/lib/python3.12/site-packages/primus_mllog/mlperf_sft.py", "lineno": 331, "samples": 3072}}
:::MLLOG {"namespace": "", "time_ms": 1778735390433, "event_type": "POINT_IN_TIME", "key": "throughput", "value": 5.03, "metadata": {"file": "/opt/venv/lib/python3.12/site-packages/primus_mllog/mlperf_sft.py", "lineno": 336, "samples": 3072}}
:::MLLOG {"namespace": "", "time_ms": 1778735429298, "event_type": "POINT_IN_TIME", "key": "submission_benchmark", "value": "llama2_70b_lora", "metadata": {"file": "/opt/venv/lib/python3.12/site-packages/primus_mllog/mlperf_sft.py", "lineno": 120}}
:::MLLOG {"namespace": "", "time_ms": 1778735429305, "event_type": "POINT_IN_TIME", "key": "submission_org", "value": "AMD", "metadata": {"file": "/opt/venv/lib/python3.12/site-packages/primus_mllog/mlperf_sft.py", "lineno": 124}}
:::MLLOG {"namespace": "", "time_ms": 1778735429306, "event_type": "POINT_IN_TIME", "key": "submission_division", "value": "closed", "metadata": {"file": "/opt/venv/lib/python3.12/site-packages/primus_mllog/mlperf_sft.py", "lineno": 128}}
:::MLLOG {"namespace": "", "time_ms": 1778735429306, "event_type": "POINT_IN_TIME", "key": "submission_platform", "value": "MI350X", "metadata": {"file": "/opt/venv/lib/python3.12/site-packages/primus_mllog/mlperf_sft.py", "lineno": 132}}
:::MLLOG {"namespace": "", "time_ms": 1778735429306, "event_type": "POINT_IN_TIME", "key": "submission_status", "value": "onprem", "metadata": {"file": "/opt/venv/lib/python3.12/site-packages/primus_mllog/mlperf_sft.py", "lineno": 136}}
:::MLLOG {"namespace": "", "time_ms": 1778735429306, "event_type": "POINT_IN_TIME", "key": "target_accuracy", "value": 0.925, "metadata": {"file": "/opt/venv/lib/python3.12/site-packages/primus_mllog/mlperf_sft.py", "lineno": 139}}
:::MLLOG {"namespace": "", "time_ms": 1778735429306, "event_type": "POINT_IN_TIME", "key": "global_batch_size", "value": 8, "metadata": {"file": "/opt/venv/lib/python3.12/site-packages/primus_mllog/mlperf_sft.py", "lineno": 172}}
:::MLLOG {"namespace": "", "time_ms": 1778735429306, "event_type": "POINT_IN_TIME", "key": "train_samples", "value": 3901, "metadata": {"file": "/opt/venv/lib/python3.12/site-packages/primus_mllog/mlperf_sft.py", "lineno": 172}}
:::MLLOG {"namespace": "", "time_ms": 1778735429306, "event_type": "POINT_IN_TIME", "key": "eval_samples", "value": 173, "metadata": {"file": "/opt/venv/lib/python3.12/site-packages/primus_mllog/mlperf_sft.py", "lineno": 172}}
:::MLLOG {"namespace": "", "time_ms": 1778735429306, "event_type": "POINT_IN_TIME", "key": "gradient_accumulation_steps", "value": 1, "metadata": {"file": "/opt/venv/lib/python3.12/site-packages/primus_mllog/mlperf_sft.py", "lineno": 172}}
:::MLLOG {"namespace": "", "time_ms": 1778735429306, "event_type": "POINT_IN_TIME", "key": "seed", "value": 18503, "metadata": {"file": "/opt/venv/lib/python3.12/site-packages/primus_mllog/mlperf_sft.py", "lineno": 172}}
:::MLLOG {"namespace": "", "time_ms": 1778735429306, "event_type": "POINT_IN_TIME", "key": "opt_name", "value": "adamw", "metadata": {"file": "/opt/venv/lib/python3.12/site-packages/primus_mllog/mlperf_sft.py", "lineno": 172}}
:::MLLOG {"namespace": "", "time_ms": 1778735429306, "event_type": "POINT_IN_TIME", "key": "opt_base_learning_rate", "value": 0.0006, "metadata": {"file": "/opt/venv/lib/python3.12/site-packages/primus_mllog/mlperf_sft.py", "lineno": 172}}
:::MLLOG {"namespace": "", "time_ms": 1778735429307, "event_type": "POINT_IN_TIME", "key": "opt_adamw_beta_1", "value": 0.9, "metadata": {"file": "/opt/venv/lib/python3.12/site-packages/primus_mllog/mlperf_sft.py", "lineno": 172}}
:::MLLOG {"namespace": "", "time_ms": 1778735429307, "event_type": "POINT_IN_TIME", "key": "opt_adamw_beta_2", "value": 0.999, "metadata": {"file": "/opt/venv/lib/python3.12/site-packages/primus_mllog/mlperf_sft.py", "lineno": 172}}
:::MLLOG {"namespace": "", "time_ms": 1778735429307, "event_type": "POINT_IN_TIME", "key": "opt_adamw_epsilon", "value": 1e-08, "metadata": {"file": "/opt/venv/lib/python3.12/site-packages/primus_mllog/mlperf_sft.py", "lineno": 172}}
:::MLLOG {"namespace": "", "time_ms": 1778735429307, "event_type": "POINT_IN_TIME", "key": "opt_adamw_weight_decay", "value": 0.0001, "metadata": {"file": "/opt/venv/lib/python3.12/site-packages/primus_mllog/mlperf_sft.py", "lineno": 172}}
:::MLLOG {"namespace": "", "time_ms": 1778735429307, "event_type": "POINT_IN_TIME", "key": "opt_gradient_clip_norm", "value": 0.3, "metadata": {"file": "/opt/venv/lib/python3.12/site-packages/primus_mllog/mlperf_sft.py", "lineno": 172}}
:::MLLOG {"namespace": "", "time_ms": 1778735429307, "event_type": "POINT_IN_TIME", "key": "opt_learning_rate_warmup_factor", "value": 0.0, "metadata": {"file": "/opt/venv/lib/python3.12/site-packages/primus_mllog/mlperf_sft.py", "lineno": 172}}
:::MLLOG {"namespace": "", "time_ms": 1778735429307, "event_type": "POINT_IN_TIME", "key": "opt_learning_rate_training_steps", "value": 550, "metadata": {"file": "/opt/venv/lib/python3.12/site-packages/primus_mllog/mlperf_sft.py", "lineno": 172}}
:::MLLOG {"namespace": "", "time_ms": 1778735429307, "event_type": "POINT_IN_TIME", "key": "max_sequence_length", "value": 8192, "metadata": {"file": "/opt/venv/lib/python3.12/site-packages/primus_mllog/mlperf_sft.py", "lineno": 172}}
:::MLLOG {"namespace": "", "time_ms": 1778735429307, "event_type": "POINT_IN_TIME", "key": "max_steps", "value": 550, "metadata": {"file": "/opt/venv/lib/python3.12/site-packages/primus_mllog/mlperf_sft.py", "lineno": 172}}
:::MLLOG {"namespace": "", "time_ms": 1778735429307, "event_type": "POINT_IN_TIME", "key": "lora_rank", "value": 16, "metadata": {"file": "/opt/venv/lib/python3.12/site-packages/primus_mllog/mlperf_sft.py", "lineno": 172}}
:::MLLOG {"namespace": "", "time_ms": 1778735429307, "event_type": "POINT_IN_TIME", "key": "lora_alpha", "value": 32, "metadata": {"file": "/opt/venv/lib/python3.12/site-packages/primus_mllog/mlperf_sft.py", "lineno": 172}}
:::MLLOG {"namespace": "", "time_ms": 1778735429307, "event_type": "POINT_IN_TIME", "key": "tensor_parallelism", "value": 1, "metadata": {"file": "/opt/venv/lib/python3.12/site-packages/primus_mllog/mlperf_sft.py", "lineno": 172}}
:::MLLOG {"namespace": "", "time_ms": 1778735429307, "event_type": "POINT_IN_TIME", "key": "pipeline_parallelism", "value": 1, "metadata": {"file": "/opt/venv/lib/python3.12/site-packages/primus_mllog/mlperf_sft.py", "lineno": 172}}
:::MLLOG {"namespace": "", "time_ms": 1778735429307, "event_type": "POINT_IN_TIME", "key": "context_parallelism", "value": 1, "metadata": {"file": "/opt/venv/lib/python3.12/site-packages/primus_mllog/mlperf_sft.py", "lineno": 172}}
:::MLLOG {"namespace": "", "time_ms": 1778735429307, "event_type": "POINT_IN_TIME", "key": "expert_parallelism", "value": 1, "metadata": {"file": "/opt/venv/lib/python3.12/site-packages/primus_mllog/mlperf_sft.py", "lineno": 172}}
:::MLLOG {"namespace": "", "time_ms": 1778735429307, "event_type": "POINT_IN_TIME", "key": "micro_batch_size", "value": 1, "metadata": {"file": "/opt/venv/lib/python3.12/site-packages/primus_mllog/mlperf_sft.py", "lineno": 172}}
:::MLLOG {"namespace": "", "time_ms": 1778735429307, "event_type": "POINT_IN_TIME", "key": "config_filename", "value": "config_MI350X_1x8x1.sh", "metadata": {"file": "/opt/venv/lib/python3.12/site-packages/primus_mllog/mlperf_sft.py", "lineno": 172}}
:::MLLOG {"namespace": "", "time_ms": 1778735429307, "event_type": "POINT_IN_TIME", "key": "lowest_numerical_precision_linear", "value": "mxfp4", "metadata": {"file": "/opt/venv/lib/python3.12/site-packages/primus_mllog/mlperf_sft.py", "lineno": 172}}
:::MLLOG {"namespace": "", "time_ms": 1778735634593, "event_type": "INTERVAL_END", "key": "init_stop", "value": null, "metadata": {"file": "/opt/venv/lib/python3.12/site-packages/primus_mllog/mlperf_sft.py", "lineno": 186}}
:::MLLOG {"namespace": "", "time_ms": 1778735634594, "event_type": "INTERVAL_START", "key": "run_start", "value": null, "metadata": {"file": "/opt/venv/lib/python3.12/site-packages/primus_mllog/mlperf_sft.py", "lineno": 187}}
:::MLLOG {"namespace": "", "time_ms": 1778735634594, "event_type": "INTERVAL_START", "key": "epoch_start", "value": null, "metadata": {"file": "/opt/venv/lib/python3.12/site-packages/primus_mllog/mlperf_sft.py", "lineno": 189, "samples_count": 0}}
:::MLLOG {"namespace": "", "time_ms": 1778735634594, "event_type": "INTERVAL_START", "key": "block_start", "value": null, "metadata": {"file": "/opt/venv/lib/python3.12/site-packages/primus_mllog/mlperf_sft.py", "lineno": 192, "samples_count": 0}}
:::MLLOG {"namespace": "", "time_ms": 1778735895830, "event_type": "INTERVAL_END", "key": "block_stop", "value": null, "metadata": {"file": "/opt/venv/lib/python3.12/site-packages/primus_mllog/mlperf_sft.py", "lineno": 243, "samples_count": 1536}}
:::MLLOG {"namespace": "", "time_ms": 1778735895830, "event_type": "INTERVAL_START", "key": "eval_start", "value": null, "metadata": {"file": "/opt/venv/lib/python3.12/site-packages/primus_mllog/mlperf_sft.py", "lineno": 247, "samples_count": 1536}}
:::MLLOG {"namespace": "", "time_ms": 1778735908597, "event_type": "POINT_IN_TIME", "key": "eval_accuracy", "value": 0.9711659550666809, "metadata": {"file": "/opt/venv/lib/python3.12/site-packages/primus_mllog/mlperf_sft.py", "lineno": 264, "samples_count": 1536}}
:::MLLOG {"namespace": "", "time_ms": 1778735908597, "event_type": "INTERVAL_END", "key": "eval_stop", "value": null, "metadata": {"file": "/opt/venv/lib/python3.12/site-packages/primus_mllog/mlperf_sft.py", "lineno": 277, "samples_count": 1536}}
:::MLLOG {"namespace": "", "time_ms": 1778735908597, "event_type": "INTERVAL_START", "key": "block_start", "value": null, "metadata": {"file": "/opt/venv/lib/python3.12/site-packages/primus_mllog/mlperf_sft.py", "lineno": 283, "samples_count": 1536}}
:::MLLOG {"namespace": "", "time_ms": 1778735975494, "event_type": "INTERVAL_END", "key": "block_stop", "value": null, "metadata": {"file": "/opt/venv/lib/python3.12/site-packages/primus_mllog/mlperf_sft.py", "lineno": 243, "samples_count": 1920}}
:::MLLOG {"namespace": "", "time_ms": 1778735975494, "event_type": "INTERVAL_START", "key": "eval_start", "value": null, "metadata": {"file": "/opt/venv/lib/python3.12/site-packages/primus_mllog/mlperf_sft.py", "lineno": 247, "samples_count": 1920}}
:::MLLOG {"namespace": "", "time_ms": 1778735988536, "event_type": "POINT_IN_TIME", "key": "eval_accuracy", "value": 0.9613491892814636, "metadata": {"file": "/opt/venv/lib/python3.12/site-packages/primus_mllog/mlperf_sft.py", "lineno": 264, "samples_count": 1920}}
:::MLLOG {"namespace": "", "time_ms": 1778735988536, "event_type": "INTERVAL_END", "key": "eval_stop", "value": null, "metadata": {"file": "/opt/venv/lib/python3.12/site-packages/primus_mllog/mlperf_sft.py", "lineno": 277, "samples_count": 1920}}
:::MLLOG {"namespace": "", "time_ms": 1778735988536, "event_type": "INTERVAL_START", "key": "block_start", "value": null, "metadata": {"file": "/opt/venv/lib/python3.12/site-packages/primus_mllog/mlperf_sft.py", "lineno": 283, "samples_count": 1920}}
:::MLLOG {"namespace": "", "time_ms": 1778736055546, "event_type": "INTERVAL_END", "key": "block_stop", "value": null, "metadata": {"file": "/opt/venv/lib/python3.12/site-packages/primus_mllog/mlperf_sft.py", "lineno": 243, "samples_count": 2304}}
:::MLLOG {"namespace": "", "time_ms": 1778736055547, "event_type": "INTERVAL_START", "key": "eval_start", "value": null, "metadata": {"file": "/opt/venv/lib/python3.12/site-packages/primus_mllog/mlperf_sft.py", "lineno": 247, "samples_count": 2304}}
:::MLLOG {"namespace": "", "time_ms": 1778736068049, "event_type": "POINT_IN_TIME", "key": "eval_accuracy", "value": 0.9521817564964294, "metadata": {"file": "/opt/venv/lib/python3.12/site-packages/primus_mllog/mlperf_sft.py", "lineno": 264, "samples_count": 2304}}
:::MLLOG {"namespace": "", "time_ms": 1778736068049, "event_type": "INTERVAL_END", "key": "eval_stop", "value": null, "metadata": {"file": "/opt/venv/lib/python3.12/site-packages/primus_mllog/mlperf_sft.py", "lineno": 277, "samples_count": 2304}}
:::MLLOG {"namespace": "", "time_ms": 1778736068049, "event_type": "INTERVAL_START", "key": "block_start", "value": null, "metadata": {"file": "/opt/venv/lib/python3.12/site-packages/primus_mllog/mlperf_sft.py", "lineno": 283, "samples_count": 2304}}
:::MLLOG {"namespace": "", "time_ms": 1778736133038, "event_type": "INTERVAL_END", "key": "block_stop", "value": null, "metadata": {"file": "/opt/venv/lib/python3.12/site-packages/primus_mllog/mlperf_sft.py", "lineno": 243, "samples_count": 2688}}
:::MLLOG {"namespace": "", "time_ms": 1778736133038, "event_type": "INTERVAL_START", "key": "eval_start", "value": null, "metadata": {"file": "/opt/venv/lib/python3.12/site-packages/primus_mllog/mlperf_sft.py", "lineno": 247, "samples_count": 2688}}
:::MLLOG {"namespace": "", "time_ms": 1778736145964, "event_type": "POINT_IN_TIME", "key": "eval_accuracy", "value": 0.9498491287231445, "metadata": {"file": "/opt/venv/lib/python3.12/site-packages/primus_mllog/mlperf_sft.py", "lineno": 264, "samples_count": 2688}}
:::MLLOG {"namespace": "", "time_ms": 1778736145964, "event_type": "INTERVAL_END", "key": "eval_stop", "value": null, "metadata": {"file": "/opt/venv/lib/python3.12/site-packages/primus_mllog/mlperf_sft.py", "lineno": 277, "samples_count": 2688}}
:::MLLOG {"namespace": "", "time_ms": 1778736145964, "event_type": "INTERVAL_START", "key": "block_start", "value": null, "metadata": {"file": "/opt/venv/lib/python3.12/site-packages/primus_mllog/mlperf_sft.py", "lineno": 283, "samples_count": 2688}}
:::MLLOG {"namespace": "", "time_ms": 1778736234553, "event_type": "INTERVAL_END", "key": "block_stop", "value": null, "metadata": {"file": "/opt/venv/lib/python3.12/site-packages/primus_mllog/mlperf_sft.py", "lineno": 243, "samples_count": 3072}}
:::MLLOG {"namespace": "", "time_ms": 1778736234553, "event_type": "INTERVAL_START", "key": "eval_start", "value": null, "metadata": {"file": "/opt/venv/lib/python3.12/site-packages/primus_mllog/mlperf_sft.py", "lineno": 247, "samples_count": 3072}}
:::MLLOG {"namespace": "", "time_ms": 1778736252221, "event_type": "POINT_IN_TIME", "key": "eval_accuracy", "value": 0.9233968257904053, "metadata": {"file": "/opt/venv/lib/python3.12/site-packages/primus_mllog/mlperf_sft.py", "lineno": 264, "samples_count": 3072}}
:::MLLOG {"namespace": "", "time_ms": 1778736252221, "event_type": "INTERVAL_END", "key": "eval_stop", "value": null, "metadata": {"file": "/opt/venv/lib/python3.12/site-packages/primus_mllog/mlperf_sft.py", "lineno": 277, "samples_count": 3072}}
:::MLLOG {"namespace": "", "time_ms": 1778736252228, "event_type": "INTERVAL_END", "key": "epoch_stop", "value": null, "metadata": {"file": "/opt/venv/lib/python3.12/site-packages/primus_mllog/mlperf_sft.py", "lineno": 305, "samples_count": 3072}}
:::MLLOG {"namespace": "", "time_ms": 1778736252228, "event_type": "INTERVAL_END", "key": "run_stop", "value": null, "metadata": {"file": "/opt/venv/lib/python3.12/site-packages/primus_mllog/mlperf_sft.py", "lineno": 319, "samples_count": 3072, "status": "success"}}
:::MLLOG {"namespace": "", "time_ms": 1778736252228, "event_type": "POINT_IN_TIME", "key": "run_duration", "value": "617.63s -> 10.29 minutes", "metadata": {"file": "/opt/venv/lib/python3.12/site-packages/primus_mllog/mlperf_sft.py", "lineno": 331, "samples": 3072}}
:::MLLOG {"namespace": "", "time_ms": 1778736252228, "event_type": "POINT_IN_TIME", "key": "throughput", "value": 4.97, "metadata": {"file": "/opt/venv/lib/python3.12/site-packages/primus_mllog/mlperf_sft.py", "lineno": 336, "samples": 3072}}
:::MLLOG {"namespace": "", "time_ms": 1778736291100, "event_type": "POINT_IN_TIME", "key": "submission_benchmark", "value": "llama2_70b_lora", "metadata": {"file": "/opt/venv/lib/python3.12/site-packages/primus_mllog/mlperf_sft.py", "lineno": 120}}
:::MLLOG {"namespace": "", "time_ms": 1778736291107, "event_type": "POINT_IN_TIME", "key": "submission_org", "value": "AMD", "metadata": {"file": "/opt/venv/lib/python3.12/site-packages/primus_mllog/mlperf_sft.py", "lineno": 124}}
:::MLLOG {"namespace": "", "time_ms": 1778736291107, "event_type": "POINT_IN_TIME", "key": "submission_division", "value": "closed", "metadata": {"file": "/opt/venv/lib/python3.12/site-packages/primus_mllog/mlperf_sft.py", "lineno": 128}}
:::MLLOG {"namespace": "", "time_ms": 1778736291107, "event_type": "POINT_IN_TIME", "key": "submission_platform", "value": "MI350X", "metadata": {"file": "/opt/venv/lib/python3.12/site-packages/primus_mllog/mlperf_sft.py", "lineno": 132}}
:::MLLOG {"namespace": "", "time_ms": 1778736291107, "event_type": "POINT_IN_TIME", "key": "submission_status", "value": "onprem", "metadata": {"file": "/opt/venv/lib/python3.12/site-packages/primus_mllog/mlperf_sft.py", "lineno": 136}}
:::MLLOG {"namespace": "", "time_ms": 1778736291107, "event_type": "POINT_IN_TIME", "key": "target_accuracy", "value": 0.925, "metadata": {"file": "/opt/venv/lib/python3.12/site-packages/primus_mllog/mlperf_sft.py", "lineno": 139}}
:::MLLOG {"namespace": "", "time_ms": 1778736291107, "event_type": "POINT_IN_TIME", "key": "global_batch_size", "value": 8, "metadata": {"file": "/opt/venv/lib/python3.12/site-packages/primus_mllog/mlperf_sft.py", "lineno": 172}}
:::MLLOG {"namespace": "", "time_ms": 1778736291107, "event_type": "POINT_IN_TIME", "key": "train_samples", "value": 3901, "metadata": {"file": "/opt/venv/lib/python3.12/site-packages/primus_mllog/mlperf_sft.py", "lineno": 172}}
:::MLLOG {"namespace": "", "time_ms": 1778736291107, "event_type": "POINT_IN_TIME", "key": "eval_samples", "value": 173, "metadata": {"file": "/opt/venv/lib/python3.12/site-packages/primus_mllog/mlperf_sft.py", "lineno": 172}}
:::MLLOG {"namespace": "", "time_ms": 1778736291107, "event_type": "POINT_IN_TIME", "key": "gradient_accumulation_steps", "value": 1, "metadata": {"file": "/opt/venv/lib/python3.12/site-packages/primus_mllog/mlperf_sft.py", "lineno": 172}}
:::MLLOG {"namespace": "", "time_ms": 1778736291107, "event_type": "POINT_IN_TIME", "key": "seed", "value": 16892, "metadata": {"file": "/opt/venv/lib/python3.12/site-packages/primus_mllog/mlperf_sft.py", "lineno": 172}}
:::MLLOG {"namespace": "", "time_ms": 1778736291107, "event_type": "POINT_IN_TIME", "key": "opt_name", "value": "adamw", "metadata": {"file": "/opt/venv/lib/python3.12/site-packages/primus_mllog/mlperf_sft.py", "lineno": 172}}
:::MLLOG {"namespace": "", "time_ms": 1778736291107, "event_type": "POINT_IN_TIME", "key": "opt_base_learning_rate", "value": 0.0006, "metadata": {"file": "/opt/venv/lib/python3.12/site-packages/primus_mllog/mlperf_sft.py", "lineno": 172}}
:::MLLOG {"namespace": "", "time_ms": 1778736291107, "event_type": "POINT_IN_TIME", "key": "opt_adamw_beta_1", "value": 0.9, "metadata": {"file": "/opt/venv/lib/python3.12/site-packages/primus_mllog/mlperf_sft.py", "lineno": 172}}
:::MLLOG {"namespace": "", "time_ms": 1778736291107, "event_type": "POINT_IN_TIME", "key": "opt_adamw_beta_2", "value": 0.999, "metadata": {"file": "/opt/venv/lib/python3.12/site-packages/primus_mllog/mlperf_sft.py", "lineno": 172}}
:::MLLOG {"namespace": "", "time_ms": 1778736291107, "event_type": "POINT_IN_TIME", "key": "opt_adamw_epsilon", "value": 1e-08, "metadata": {"file": "/opt/venv/lib/python3.12/site-packages/primus_mllog/mlperf_sft.py", "lineno": 172}}
:::MLLOG {"namespace": "", "time_ms": 1778736291107, "event_type": "POINT_IN_TIME", "key": "opt_adamw_weight_decay", "value": 0.0001, "metadata": {"file": "/opt/venv/lib/python3.12/site-packages/primus_mllog/mlperf_sft.py", "lineno": 172}}
:::MLLOG {"namespace": "", "time_ms": 1778736291107, "event_type": "POINT_IN_TIME", "key": "opt_gradient_clip_norm", "value": 0.3, "metadata": {"file": "/opt/venv/lib/python3.12/site-packages/primus_mllog/mlperf_sft.py", "lineno": 172}}
:::MLLOG {"namespace": "", "time_ms": 1778736291107, "event_type": "POINT_IN_TIME", "key": "opt_learning_rate_warmup_factor", "value": 0.0, "metadata": {"file": "/opt/venv/lib/python3.12/site-packages/primus_mllog/mlperf_sft.py", "lineno": 172}}
:::MLLOG {"namespace": "", "time_ms": 1778736291107, "event_type": "POINT_IN_TIME", "key": "opt_learning_rate_training_steps", "value": 550, "metadata": {"file": "/opt/venv/lib/python3.12/site-packages/primus_mllog/mlperf_sft.py", "lineno": 172}}
:::MLLOG {"namespace": "", "time_ms": 1778736291108, "event_type": "POINT_IN_TIME", "key": "max_sequence_length", "value": 8192, "metadata": {"file": "/opt/venv/lib/python3.12/site-packages/primus_mllog/mlperf_sft.py", "lineno": 172}}
:::MLLOG {"namespace": "", "time_ms": 1778736291108, "event_type": "POINT_IN_TIME", "key": "max_steps", "value": 550, "metadata": {"file": "/opt/venv/lib/python3.12/site-packages/primus_mllog/mlperf_sft.py", "lineno": 172}}
:::MLLOG {"namespace": "", "time_ms": 1778736291108, "event_type": "POINT_IN_TIME", "key": "lora_rank", "value": 16, "metadata": {"file": "/opt/venv/lib/python3.12/site-packages/primus_mllog/mlperf_sft.py", "lineno": 172}}
:::MLLOG {"namespace": "", "time_ms": 1778736291108, "event_type": "POINT_IN_TIME", "key": "lora_alpha", "value": 32, "metadata": {"file": "/opt/venv/lib/python3.12/site-packages/primus_mllog/mlperf_sft.py", "lineno": 172}}
:::MLLOG {"namespace": "", "time_ms": 1778736291108, "event_type": "POINT_IN_TIME", "key": "tensor_parallelism", "value": 1, "metadata": {"file": "/opt/venv/lib/python3.12/site-packages/primus_mllog/mlperf_sft.py", "lineno": 172}}
:::MLLOG {"namespace": "", "time_ms": 1778736291108, "event_type": "POINT_IN_TIME", "key": "pipeline_parallelism", "value": 1, "metadata": {"file": "/opt/venv/lib/python3.12/site-packages/primus_mllog/mlperf_sft.py", "lineno": 172}}
:::MLLOG {"namespace": "", "time_ms": 1778736291108, "event_type": "POINT_IN_TIME", "key": "context_parallelism", "value": 1, "metadata": {"file": "/opt/venv/lib/python3.12/site-packages/primus_mllog/mlperf_sft.py", "lineno": 172}}
:::MLLOG {"namespace": "", "time_ms": 1778736291108, "event_type": "POINT_IN_TIME", "key": "expert_parallelism", "value": 1, "metadata": {"file": "/opt/venv/lib/python3.12/site-packages/primus_mllog/mlperf_sft.py", "lineno": 172}}
:::MLLOG {"namespace": "", "time_ms": 1778736291108, "event_type": "POINT_IN_TIME", "key": "micro_batch_size", "value": 1, "metadata": {"file": "/opt/venv/lib/python3.12/site-packages/primus_mllog/mlperf_sft.py", "lineno": 172}}
:::MLLOG {"namespace": "", "time_ms": 1778736291108, "event_type": "POINT_IN_TIME", "key": "config_filename", "value": "config_MI350X_1x8x1.sh", "metadata": {"file": "/opt/venv/lib/python3.12/site-packages/primus_mllog/mlperf_sft.py", "lineno": 172}}
:::MLLOG {"namespace": "", "time_ms": 1778736291108, "event_type": "POINT_IN_TIME", "key": "lowest_numerical_precision_linear", "value": "mxfp4", "metadata": {"file": "/opt/venv/lib/python3.12/site-packages/primus_mllog/mlperf_sft.py", "lineno": 172}}
:::MLLOG {"namespace": "", "time_ms": 1778736501770, "event_type": "INTERVAL_END", "key": "init_stop", "value": null, "metadata": {"file": "/opt/venv/lib/python3.12/site-packages/primus_mllog/mlperf_sft.py", "lineno": 186}}
:::MLLOG {"namespace": "", "time_ms": 1778736501770, "event_type": "INTERVAL_START", "key": "run_start", "value": null, "metadata": {"file": "/opt/venv/lib/python3.12/site-packages/primus_mllog/mlperf_sft.py", "lineno": 187}}
:::MLLOG {"namespace": "", "time_ms": 1778736501770, "event_type": "INTERVAL_START", "key": "epoch_start", "value": null, "metadata": {"file": "/opt/venv/lib/python3.12/site-packages/primus_mllog/mlperf_sft.py", "lineno": 189, "samples_count": 0}}
:::MLLOG {"namespace": "", "time_ms": 1778736501770, "event_type": "INTERVAL_START", "key": "block_start", "value": null, "metadata": {"file": "/opt/venv/lib/python3.12/site-packages/primus_mllog/mlperf_sft.py", "lineno": 192, "samples_count": 0}}
:::MLLOG {"namespace": "", "time_ms": 1778736762702, "event_type": "INTERVAL_END", "key": "block_stop", "value": null, "metadata": {"file": "/opt/venv/lib/python3.12/site-packages/primus_mllog/mlperf_sft.py", "lineno": 243, "samples_count": 1536}}
:::MLLOG {"namespace": "", "time_ms": 1778736762702, "event_type": "INTERVAL_START", "key": "eval_start", "value": null, "metadata": {"file": "/opt/venv/lib/python3.12/site-packages/primus_mllog/mlperf_sft.py", "lineno": 247, "samples_count": 1536}}
:::MLLOG {"namespace": "", "time_ms": 1778736775321, "event_type": "POINT_IN_TIME", "key": "eval_accuracy", "value": 0.9812850952148438, "metadata": {"file": "/opt/venv/lib/python3.12/site-packages/primus_mllog/mlperf_sft.py", "lineno": 264, "samples_count": 1536}}
:::MLLOG {"namespace": "", "time_ms": 1778736775321, "event_type": "INTERVAL_END", "key": "eval_stop", "value": null, "metadata": {"file": "/opt/venv/lib/python3.12/site-packages/primus_mllog/mlperf_sft.py", "lineno": 277, "samples_count": 1536}}
:::MLLOG {"namespace": "", "time_ms": 1778736775321, "event_type": "INTERVAL_START", "key": "block_start", "value": null, "metadata": {"file": "/opt/venv/lib/python3.12/site-packages/primus_mllog/mlperf_sft.py", "lineno": 283, "samples_count": 1536}}
:::MLLOG {"namespace": "", "time_ms": 1778736840526, "event_type": "INTERVAL_END", "key": "block_stop", "value": null, "metadata": {"file": "/opt/venv/lib/python3.12/site-packages/primus_mllog/mlperf_sft.py", "lineno": 243, "samples_count": 1920}}
:::MLLOG {"namespace": "", "time_ms": 1778736840527, "event_type": "INTERVAL_START", "key": "eval_start", "value": null, "metadata": {"file": "/opt/venv/lib/python3.12/site-packages/primus_mllog/mlperf_sft.py", "lineno": 247, "samples_count": 1920}}
:::MLLOG {"namespace": "", "time_ms": 1778736852738, "event_type": "POINT_IN_TIME", "key": "eval_accuracy", "value": 0.9627976417541504, "metadata": {"file": "/opt/venv/lib/python3.12/site-packages/primus_mllog/mlperf_sft.py", "lineno": 264, "samples_count": 1920}}
:::MLLOG {"namespace": "", "time_ms": 1778736852739, "event_type": "INTERVAL_END", "key": "eval_stop", "value": null, "metadata": {"file": "/opt/venv/lib/python3.12/site-packages/primus_mllog/mlperf_sft.py", "lineno": 277, "samples_count": 1920}}
:::MLLOG {"namespace": "", "time_ms": 1778736852739, "event_type": "INTERVAL_START", "key": "block_start", "value": null, "metadata": {"file": "/opt/venv/lib/python3.12/site-packages/primus_mllog/mlperf_sft.py", "lineno": 283, "samples_count": 1920}}
:::MLLOG {"namespace": "", "time_ms": 1778736918655, "event_type": "INTERVAL_END", "key": "block_stop", "value": null, "metadata": {"file": "/opt/venv/lib/python3.12/site-packages/primus_mllog/mlperf_sft.py", "lineno": 243, "samples_count": 2304}}
:::MLLOG {"namespace": "", "time_ms": 1778736918656, "event_type": "INTERVAL_START", "key": "eval_start", "value": null, "metadata": {"file": "/opt/venv/lib/python3.12/site-packages/primus_mllog/mlperf_sft.py", "lineno": 247, "samples_count": 2304}}
:::MLLOG {"namespace": "", "time_ms": 1778736931633, "event_type": "POINT_IN_TIME", "key": "eval_accuracy", "value": 0.9558544158935547, "metadata": {"file": "/opt/venv/lib/python3.12/site-packages/primus_mllog/mlperf_sft.py", "lineno": 264, "samples_count": 2304}}
:::MLLOG {"namespace": "", "time_ms": 1778736931634, "event_type": "INTERVAL_END", "key": "eval_stop", "value": null, "metadata": {"file": "/opt/venv/lib/python3.12/site-packages/primus_mllog/mlperf_sft.py", "lineno": 277, "samples_count": 2304}}
:::MLLOG {"namespace": "", "time_ms": 1778736931634, "event_type": "INTERVAL_START", "key": "block_start", "value": null, "metadata": {"file": "/opt/venv/lib/python3.12/site-packages/primus_mllog/mlperf_sft.py", "lineno": 283, "samples_count": 2304}}
:::MLLOG {"namespace": "", "time_ms": 1778736997165, "event_type": "INTERVAL_END", "key": "block_stop", "value": null, "metadata": {"file": "/opt/venv/lib/python3.12/site-packages/primus_mllog/mlperf_sft.py", "lineno": 243, "samples_count": 2688}}
:::MLLOG {"namespace": "", "time_ms": 1778736997166, "event_type": "INTERVAL_START", "key": "eval_start", "value": null, "metadata": {"file": "/opt/venv/lib/python3.12/site-packages/primus_mllog/mlperf_sft.py", "lineno": 247, "samples_count": 2688}}
:::MLLOG {"namespace": "", "time_ms": 1778737009663, "event_type": "POINT_IN_TIME", "key": "eval_accuracy", "value": 0.9520339369773865, "metadata": {"file": "/opt/venv/lib/python3.12/site-packages/primus_mllog/mlperf_sft.py", "lineno": 264, "samples_count": 2688}}
:::MLLOG {"namespace": "", "time_ms": 1778737009663, "event_type": "INTERVAL_END", "key": "eval_stop", "value": null, "metadata": {"file": "/opt/venv/lib/python3.12/site-packages/primus_mllog/mlperf_sft.py", "lineno": 277, "samples_count": 2688}}
:::MLLOG {"namespace": "", "time_ms": 1778737009663, "event_type": "INTERVAL_START", "key": "block_start", "value": null, "metadata": {"file": "/opt/venv/lib/python3.12/site-packages/primus_mllog/mlperf_sft.py", "lineno": 283, "samples_count": 2688}}
:::MLLOG {"namespace": "", "time_ms": 1778737095959, "event_type": "INTERVAL_END", "key": "block_stop", "value": null, "metadata": {"file": "/opt/venv/lib/python3.12/site-packages/primus_mllog/mlperf_sft.py", "lineno": 243, "samples_count": 3072}}
:::MLLOG {"namespace": "", "time_ms": 1778737095960, "event_type": "INTERVAL_START", "key": "eval_start", "value": null, "metadata": {"file": "/opt/venv/lib/python3.12/site-packages/primus_mllog/mlperf_sft.py", "lineno": 247, "samples_count": 3072}}
:::MLLOG {"namespace": "", "time_ms": 1778737112449, "event_type": "POINT_IN_TIME", "key": "eval_accuracy", "value": 0.9271366000175476, "metadata": {"file": "/opt/venv/lib/python3.12/site-packages/primus_mllog/mlperf_sft.py", "lineno": 264, "samples_count": 3072}}
:::MLLOG {"namespace": "", "time_ms": 1778737112449, "event_type": "INTERVAL_END", "key": "eval_stop", "value": null, "metadata": {"file": "/opt/venv/lib/python3.12/site-packages/primus_mllog/mlperf_sft.py", "lineno": 277, "samples_count": 3072}}
:::MLLOG {"namespace": "", "time_ms": 1778737112449, "event_type": "INTERVAL_START", "key": "block_start", "value": null, "metadata": {"file": "/opt/venv/lib/python3.12/site-packages/primus_mllog/mlperf_sft.py", "lineno": 283, "samples_count": 3072}}
:::MLLOG {"namespace": "", "time_ms": 1778737196045, "event_type": "INTERVAL_END", "key": "block_stop", "value": null, "metadata": {"file": "/opt/venv/lib/python3.12/site-packages/primus_mllog/mlperf_sft.py", "lineno": 243, "samples_count": 3456}}
:::MLLOG {"namespace": "", "time_ms": 1778737196046, "event_type": "INTERVAL_START", "key": "eval_start", "value": null, "metadata": {"file": "/opt/venv/lib/python3.12/site-packages/primus_mllog/mlperf_sft.py", "lineno": 247, "samples_count": 3456}}
:::MLLOG {"namespace": "", "time_ms": 1778737213213, "event_type": "POINT_IN_TIME", "key": "eval_accuracy", "value": 0.9247755408287048, "metadata": {"file": "/opt/venv/lib/python3.12/site-packages/primus_mllog/mlperf_sft.py", "lineno": 264, "samples_count": 3456}}
:::MLLOG {"namespace": "", "time_ms": 1778737213215, "event_type": "INTERVAL_END", "key": "eval_stop", "value": null, "metadata": {"file": "/opt/venv/lib/python3.12/site-packages/primus_mllog/mlperf_sft.py", "lineno": 277, "samples_count": 3456}}
:::MLLOG {"namespace": "", "time_ms": 1778737213222, "event_type": "INTERVAL_END", "key": "epoch_stop", "value": null, "metadata": {"file": "/opt/venv/lib/python3.12/site-packages/primus_mllog/mlperf_sft.py", "lineno": 305, "samples_count": 3456}}
:::MLLOG {"namespace": "", "time_ms": 1778737213222, "event_type": "INTERVAL_END", "key": "run_stop", "value": null, "metadata": {"file": "/opt/venv/lib/python3.12/site-packages/primus_mllog/mlperf_sft.py", "lineno": 319, "samples_count": 3456, "status": "success"}}
:::MLLOG {"namespace": "", "time_ms": 1778737213222, "event_type": "POINT_IN_TIME", "key": "run_duration", "value": "711.45s -> 11.86 minutes", "metadata": {"file": "/opt/venv/lib/python3.12/site-packages/primus_mllog/mlperf_sft.py", "lineno": 331, "samples": 3456}}
:::MLLOG {"namespace": "", "time_ms": 1778737213222, "event_type": "POINT_IN_TIME", "key": "throughput", "value": 4.86, "metadata": {"file": "/opt/venv/lib/python3.12/site-packages/primus_mllog/mlperf_sft.py", "lineno": 336, "samples": 3456}}
