:::MLLOG {"namespace": "", "time_ms": 1778043591947, "event_type": "POINT_IN_TIME", "key": "global_batch_size", "value": 32, "metadata": {"file": "/opt/venv/lib/python3.12/site-packages/primus_mllog/mlperf_pre_training.py", "lineno": 66}}
:::MLLOG {"namespace": "", "time_ms": 1778043591948, "event_type": "POINT_IN_TIME", "key": "gradient_accumulation_steps", "value": 2, "metadata": {"file": "/opt/venv/lib/python3.12/site-packages/primus_mllog/mlperf_pre_training.py", "lineno": 66}}
:::MLLOG {"namespace": "", "time_ms": 1778043591948, "event_type": "POINT_IN_TIME", "key": "max_sequence_length", "value": 8192, "metadata": {"file": "/opt/venv/lib/python3.12/site-packages/primus_mllog/mlperf_pre_training.py", "lineno": 66}}
:::MLLOG {"namespace": "", "time_ms": 1778043591948, "event_type": "POINT_IN_TIME", "key": "train_samples", "value": 38400000, "metadata": {"file": "/opt/venv/lib/python3.12/site-packages/primus_mllog/mlperf_pre_training.py", "lineno": 66}}
:::MLLOG {"namespace": "", "time_ms": 1778043591948, "event_type": "POINT_IN_TIME", "key": "eval_samples", "value": 1024, "metadata": {"file": "/opt/venv/lib/python3.12/site-packages/primus_mllog/mlperf_pre_training.py", "lineno": 66}}
:::MLLOG {"namespace": "", "time_ms": 1778043591948, "event_type": "POINT_IN_TIME", "key": "seed", "value": 1930, "metadata": {"file": "/opt/venv/lib/python3.12/site-packages/primus_mllog/mlperf_pre_training.py", "lineno": 66}}
:::MLLOG {"namespace": "", "time_ms": 1778043591948, "event_type": "POINT_IN_TIME", "key": "init_checkpoint_step", "value": 0, "metadata": {"file": "/opt/venv/lib/python3.12/site-packages/primus_mllog/mlperf_pre_training.py", "lineno": 66}}
:::MLLOG {"namespace": "", "time_ms": 1778043591948, "event_type": "POINT_IN_TIME", "key": "opt_name", "value": "adamw", "metadata": {"file": "/opt/venv/lib/python3.12/site-packages/primus_mllog/mlperf_pre_training.py", "lineno": 66}}
:::MLLOG {"namespace": "", "time_ms": 1778043591948, "event_type": "POINT_IN_TIME", "key": "opt_base_learning_rate", "value": 0.0008, "metadata": {"file": "/opt/venv/lib/python3.12/site-packages/primus_mllog/mlperf_pre_training.py", "lineno": 66}}
:::MLLOG {"namespace": "", "time_ms": 1778043591948, "event_type": "POINT_IN_TIME", "key": "opt_adamw_beta_1", "value": 0.9, "metadata": {"file": "/opt/venv/lib/python3.12/site-packages/primus_mllog/mlperf_pre_training.py", "lineno": 66}}
:::MLLOG {"namespace": "", "time_ms": 1778043591948, "event_type": "POINT_IN_TIME", "key": "opt_adamw_beta_2", "value": 0.95, "metadata": {"file": "/opt/venv/lib/python3.12/site-packages/primus_mllog/mlperf_pre_training.py", "lineno": 66}}
:::MLLOG {"namespace": "", "time_ms": 1778043591948, "event_type": "POINT_IN_TIME", "key": "opt_adamw_epsilon", "value": 1e-05, "metadata": {"file": "/opt/venv/lib/python3.12/site-packages/primus_mllog/mlperf_pre_training.py", "lineno": 66}}
:::MLLOG {"namespace": "", "time_ms": 1778043591948, "event_type": "POINT_IN_TIME", "key": "opt_adamw_weight_decay", "value": 0.1, "metadata": {"file": "/opt/venv/lib/python3.12/site-packages/primus_mllog/mlperf_pre_training.py", "lineno": 66}}
:::MLLOG {"namespace": "", "time_ms": 1778043591948, "event_type": "POINT_IN_TIME", "key": "opt_gradient_clip_norm", "value": 1.0, "metadata": {"file": "/opt/venv/lib/python3.12/site-packages/primus_mllog/mlperf_pre_training.py", "lineno": 66}}
:::MLLOG {"namespace": "", "time_ms": 1778043591948, "event_type": "POINT_IN_TIME", "key": "opt_end_learning_rate", "value": 8e-05, "metadata": {"file": "/opt/venv/lib/python3.12/site-packages/primus_mllog/mlperf_pre_training.py", "lineno": 66}}
:::MLLOG {"namespace": "", "time_ms": 1778043591948, "event_type": "POINT_IN_TIME", "key": "opt_learning_rate_warmup_steps", "value": 64, "metadata": {"file": "/opt/venv/lib/python3.12/site-packages/primus_mllog/mlperf_pre_training.py", "lineno": 66}}
:::MLLOG {"namespace": "", "time_ms": 1778043591948, "event_type": "POINT_IN_TIME", "key": "opt_learning_rate_decay_steps", "value": 1199936, "metadata": {"file": "/opt/venv/lib/python3.12/site-packages/primus_mllog/mlperf_pre_training.py", "lineno": 66}}
:::MLLOG {"namespace": "", "time_ms": 1778043591948, "event_type": "POINT_IN_TIME", "key": "opt_learning_rate_decay_schedule", "value": "cosine with linear warmup", "metadata": {"file": "/opt/venv/lib/python3.12/site-packages/primus_mllog/mlperf_pre_training.py", "lineno": 66}}
:::MLLOG {"namespace": "", "time_ms": 1778043591948, "event_type": "POINT_IN_TIME", "key": "max_steps", "value": 1200000, "metadata": {"file": "/opt/venv/lib/python3.12/site-packages/primus_mllog/mlperf_pre_training.py", "lineno": 66}}
:::MLLOG {"namespace": "", "time_ms": 1778043591948, "event_type": "POINT_IN_TIME", "key": "submission_benchmark", "value": "llama31_8b", "metadata": {"file": "/opt/venv/lib/python3.12/site-packages/primus_mllog/mlperf_pre_training.py", "lineno": 66}}
:::MLLOG {"namespace": "", "time_ms": 1778043591948, "event_type": "POINT_IN_TIME", "key": "submission_division", "value": "closed", "metadata": {"file": "/opt/venv/lib/python3.12/site-packages/primus_mllog/mlperf_pre_training.py", "lineno": 66}}
:::MLLOG {"namespace": "", "time_ms": 1778043591948, "event_type": "POINT_IN_TIME", "key": "submission_status", "value": "", "metadata": {"file": "/opt/venv/lib/python3.12/site-packages/primus_mllog/mlperf_pre_training.py", "lineno": 66}}
:::MLLOG {"namespace": "", "time_ms": 1778043591948, "event_type": "POINT_IN_TIME", "key": "submission_org", "value": "AMD", "metadata": {"file": "/opt/venv/lib/python3.12/site-packages/primus_mllog/mlperf_pre_training.py", "lineno": 66}}
:::MLLOG {"namespace": "", "time_ms": 1778043591948, "event_type": "POINT_IN_TIME", "key": "submission_platform", "value": "MI355X", "metadata": {"file": "/opt/venv/lib/python3.12/site-packages/primus_mllog/mlperf_pre_training.py", "lineno": 66}}
:::MLLOG {"namespace": "", "time_ms": 1778043591949, "event_type": "INTERVAL_END", "key": "init_stop", "value": null, "metadata": {"file": "/opt/venv/lib/python3.12/site-packages/primus_mllog/mlperf_pre_training.py", "lineno": 68}}
:::MLLOG {"namespace": "", "time_ms": 1778043901129, "event_type": "INTERVAL_START", "key": "run_start", "value": null, "metadata": {"file": "/opt/venv/lib/python3.12/site-packages/primus_mllog/mlperf_pre_training.py", "lineno": 193}}
:::MLLOG {"namespace": "", "time_ms": 1778043901129, "event_type": "INTERVAL_START", "key": "epoch_start", "value": null, "metadata": {"file": "/opt/venv/lib/python3.12/site-packages/primus_mllog/mlperf_pre_training.py", "lineno": 196, "samples_count": 0}}
:::MLLOG {"namespace": "", "time_ms": 1778043901129, "event_type": "INTERVAL_START", "key": "block_start", "value": null, "metadata": {"file": "/opt/venv/lib/python3.12/site-packages/primus_mllog/mlperf_pre_training.py", "lineno": 198, "samples_count": 0}}
:::MLLOG {"namespace": "", "time_ms": 1778044246568, "event_type": "INTERVAL_END", "key": "block_stop", "value": null, "metadata": {"file": "/opt/venv/lib/python3.12/site-packages/primus_mllog/mlperf_pre_training.py", "lineno": 139, "samples_count": 12288}}
:::MLLOG {"namespace": "", "time_ms": 1778044246568, "event_type": "INTERVAL_START", "key": "eval_start", "value": null, "metadata": {"file": "/opt/venv/lib/python3.12/site-packages/primus_mllog/mlperf_pre_training.py", "lineno": 141, "samples_count": 12288}}
:::MLLOG {"namespace": "", "time_ms": 1778044257856, "event_type": "POINT_IN_TIME", "key": "eval_accuracy", "value": 5.846873760223389, "metadata": {"file": "/opt/venv/lib/python3.12/site-packages/primus_mllog/mlperf_pre_training.py", "lineno": 156, "samples_count": 12288}}
:::MLLOG {"namespace": "", "time_ms": 1778044257856, "event_type": "INTERVAL_END", "key": "eval_stop", "value": null, "metadata": {"file": "/opt/venv/lib/python3.12/site-packages/primus_mllog/mlperf_pre_training.py", "lineno": 170, "samples_count": 12288}}
:::MLLOG {"namespace": "", "time_ms": 1778044257857, "event_type": "INTERVAL_START", "key": "block_start", "value": null, "metadata": {"file": "/opt/venv/lib/python3.12/site-packages/primus_mllog/mlperf_pre_training.py", "lineno": 174, "samples_count": 12288}}
:::MLLOG {"namespace": "", "time_ms": 1778044604225, "event_type": "INTERVAL_END", "key": "block_stop", "value": null, "metadata": {"file": "/opt/venv/lib/python3.12/site-packages/primus_mllog/mlperf_pre_training.py", "lineno": 139, "samples_count": 24576}}
:::MLLOG {"namespace": "", "time_ms": 1778044604226, "event_type": "INTERVAL_START", "key": "eval_start", "value": null, "metadata": {"file": "/opt/venv/lib/python3.12/site-packages/primus_mllog/mlperf_pre_training.py", "lineno": 141, "samples_count": 24576}}
:::MLLOG {"namespace": "", "time_ms": 1778044613613, "event_type": "POINT_IN_TIME", "key": "eval_accuracy", "value": 4.566349983215332, "metadata": {"file": "/opt/venv/lib/python3.12/site-packages/primus_mllog/mlperf_pre_training.py", "lineno": 156, "samples_count": 24576}}
:::MLLOG {"namespace": "", "time_ms": 1778044613613, "event_type": "INTERVAL_END", "key": "eval_stop", "value": null, "metadata": {"file": "/opt/venv/lib/python3.12/site-packages/primus_mllog/mlperf_pre_training.py", "lineno": 170, "samples_count": 24576}}
:::MLLOG {"namespace": "", "time_ms": 1778044613613, "event_type": "INTERVAL_START", "key": "block_start", "value": null, "metadata": {"file": "/opt/venv/lib/python3.12/site-packages/primus_mllog/mlperf_pre_training.py", "lineno": 174, "samples_count": 24576}}
:::MLLOG {"namespace": "", "time_ms": 1778044959221, "event_type": "INTERVAL_END", "key": "block_stop", "value": null, "metadata": {"file": "/opt/venv/lib/python3.12/site-packages/primus_mllog/mlperf_pre_training.py", "lineno": 139, "samples_count": 36864}}
:::MLLOG {"namespace": "", "time_ms": 1778044959221, "event_type": "INTERVAL_START", "key": "eval_start", "value": null, "metadata": {"file": "/opt/venv/lib/python3.12/site-packages/primus_mllog/mlperf_pre_training.py", "lineno": 141, "samples_count": 36864}}
:::MLLOG {"namespace": "", "time_ms": 1778044968546, "event_type": "POINT_IN_TIME", "key": "eval_accuracy", "value": 4.09853982925415, "metadata": {"file": "/opt/venv/lib/python3.12/site-packages/primus_mllog/mlperf_pre_training.py", "lineno": 156, "samples_count": 36864}}
:::MLLOG {"namespace": "", "time_ms": 1778044968546, "event_type": "INTERVAL_END", "key": "eval_stop", "value": null, "metadata": {"file": "/opt/venv/lib/python3.12/site-packages/primus_mllog/mlperf_pre_training.py", "lineno": 170, "samples_count": 36864}}
:::MLLOG {"namespace": "", "time_ms": 1778044968546, "event_type": "INTERVAL_START", "key": "block_start", "value": null, "metadata": {"file": "/opt/venv/lib/python3.12/site-packages/primus_mllog/mlperf_pre_training.py", "lineno": 174, "samples_count": 36864}}
:::MLLOG {"namespace": "", "time_ms": 1778045314377, "event_type": "INTERVAL_END", "key": "block_stop", "value": null, "metadata": {"file": "/opt/venv/lib/python3.12/site-packages/primus_mllog/mlperf_pre_training.py", "lineno": 139, "samples_count": 49152}}
:::MLLOG {"namespace": "", "time_ms": 1778045314378, "event_type": "INTERVAL_START", "key": "eval_start", "value": null, "metadata": {"file": "/opt/venv/lib/python3.12/site-packages/primus_mllog/mlperf_pre_training.py", "lineno": 141, "samples_count": 49152}}
:::MLLOG {"namespace": "", "time_ms": 1778045323596, "event_type": "POINT_IN_TIME", "key": "eval_accuracy", "value": 3.895092725753784, "metadata": {"file": "/opt/venv/lib/python3.12/site-packages/primus_mllog/mlperf_pre_training.py", "lineno": 156, "samples_count": 49152}}
:::MLLOG {"namespace": "", "time_ms": 1778045323596, "event_type": "INTERVAL_END", "key": "eval_stop", "value": null, "metadata": {"file": "/opt/venv/lib/python3.12/site-packages/primus_mllog/mlperf_pre_training.py", "lineno": 170, "samples_count": 49152}}
:::MLLOG {"namespace": "", "time_ms": 1778045323596, "event_type": "INTERVAL_START", "key": "block_start", "value": null, "metadata": {"file": "/opt/venv/lib/python3.12/site-packages/primus_mllog/mlperf_pre_training.py", "lineno": 174, "samples_count": 49152}}
:::MLLOG {"namespace": "", "time_ms": 1778045668607, "event_type": "INTERVAL_END", "key": "block_stop", "value": null, "metadata": {"file": "/opt/venv/lib/python3.12/site-packages/primus_mllog/mlperf_pre_training.py", "lineno": 139, "samples_count": 61440}}
:::MLLOG {"namespace": "", "time_ms": 1778045668608, "event_type": "INTERVAL_START", "key": "eval_start", "value": null, "metadata": {"file": "/opt/venv/lib/python3.12/site-packages/primus_mllog/mlperf_pre_training.py", "lineno": 141, "samples_count": 61440}}
:::MLLOG {"namespace": "", "time_ms": 1778045677965, "event_type": "POINT_IN_TIME", "key": "eval_accuracy", "value": 3.7675349712371826, "metadata": {"file": "/opt/venv/lib/python3.12/site-packages/primus_mllog/mlperf_pre_training.py", "lineno": 156, "samples_count": 61440}}
:::MLLOG {"namespace": "", "time_ms": 1778045677965, "event_type": "INTERVAL_END", "key": "eval_stop", "value": null, "metadata": {"file": "/opt/venv/lib/python3.12/site-packages/primus_mllog/mlperf_pre_training.py", "lineno": 170, "samples_count": 61440}}
:::MLLOG {"namespace": "", "time_ms": 1778045677965, "event_type": "INTERVAL_START", "key": "block_start", "value": null, "metadata": {"file": "/opt/venv/lib/python3.12/site-packages/primus_mllog/mlperf_pre_training.py", "lineno": 174, "samples_count": 61440}}
:::MLLOG {"namespace": "", "time_ms": 1778046022533, "event_type": "INTERVAL_END", "key": "block_stop", "value": null, "metadata": {"file": "/opt/venv/lib/python3.12/site-packages/primus_mllog/mlperf_pre_training.py", "lineno": 139, "samples_count": 73728}}
:::MLLOG {"namespace": "", "time_ms": 1778046022534, "event_type": "INTERVAL_START", "key": "eval_start", "value": null, "metadata": {"file": "/opt/venv/lib/python3.12/site-packages/primus_mllog/mlperf_pre_training.py", "lineno": 141, "samples_count": 73728}}
:::MLLOG {"namespace": "", "time_ms": 1778046031812, "event_type": "POINT_IN_TIME", "key": "eval_accuracy", "value": 3.6677892208099365, "metadata": {"file": "/opt/venv/lib/python3.12/site-packages/primus_mllog/mlperf_pre_training.py", "lineno": 156, "samples_count": 73728}}
:::MLLOG {"namespace": "", "time_ms": 1778046031812, "event_type": "INTERVAL_END", "key": "eval_stop", "value": null, "metadata": {"file": "/opt/venv/lib/python3.12/site-packages/primus_mllog/mlperf_pre_training.py", "lineno": 170, "samples_count": 73728}}
:::MLLOG {"namespace": "", "time_ms": 1778046031813, "event_type": "INTERVAL_START", "key": "block_start", "value": null, "metadata": {"file": "/opt/venv/lib/python3.12/site-packages/primus_mllog/mlperf_pre_training.py", "lineno": 174, "samples_count": 73728}}
:::MLLOG {"namespace": "", "time_ms": 1778046376504, "event_type": "INTERVAL_END", "key": "block_stop", "value": null, "metadata": {"file": "/opt/venv/lib/python3.12/site-packages/primus_mllog/mlperf_pre_training.py", "lineno": 139, "samples_count": 86016}}
:::MLLOG {"namespace": "", "time_ms": 1778046376504, "event_type": "INTERVAL_START", "key": "eval_start", "value": null, "metadata": {"file": "/opt/venv/lib/python3.12/site-packages/primus_mllog/mlperf_pre_training.py", "lineno": 141, "samples_count": 86016}}
:::MLLOG {"namespace": "", "time_ms": 1778046385850, "event_type": "POINT_IN_TIME", "key": "eval_accuracy", "value": 3.596177816390991, "metadata": {"file": "/opt/venv/lib/python3.12/site-packages/primus_mllog/mlperf_pre_training.py", "lineno": 156, "samples_count": 86016}}
:::MLLOG {"namespace": "", "time_ms": 1778046385850, "event_type": "INTERVAL_END", "key": "eval_stop", "value": null, "metadata": {"file": "/opt/venv/lib/python3.12/site-packages/primus_mllog/mlperf_pre_training.py", "lineno": 170, "samples_count": 86016}}
:::MLLOG {"namespace": "", "time_ms": 1778046385850, "event_type": "INTERVAL_START", "key": "block_start", "value": null, "metadata": {"file": "/opt/venv/lib/python3.12/site-packages/primus_mllog/mlperf_pre_training.py", "lineno": 174, "samples_count": 86016}}
:::MLLOG {"namespace": "", "time_ms": 1778046729524, "event_type": "INTERVAL_END", "key": "block_stop", "value": null, "metadata": {"file": "/opt/venv/lib/python3.12/site-packages/primus_mllog/mlperf_pre_training.py", "lineno": 139, "samples_count": 98304}}
:::MLLOG {"namespace": "", "time_ms": 1778046729525, "event_type": "INTERVAL_START", "key": "eval_start", "value": null, "metadata": {"file": "/opt/venv/lib/python3.12/site-packages/primus_mllog/mlperf_pre_training.py", "lineno": 141, "samples_count": 98304}}
:::MLLOG {"namespace": "", "time_ms": 1778046739023, "event_type": "POINT_IN_TIME", "key": "eval_accuracy", "value": 3.5291426181793213, "metadata": {"file": "/opt/venv/lib/python3.12/site-packages/primus_mllog/mlperf_pre_training.py", "lineno": 156, "samples_count": 98304}}
:::MLLOG {"namespace": "", "time_ms": 1778046739023, "event_type": "INTERVAL_END", "key": "eval_stop", "value": null, "metadata": {"file": "/opt/venv/lib/python3.12/site-packages/primus_mllog/mlperf_pre_training.py", "lineno": 170, "samples_count": 98304}}
:::MLLOG {"namespace": "", "time_ms": 1778046739023, "event_type": "INTERVAL_START", "key": "block_start", "value": null, "metadata": {"file": "/opt/venv/lib/python3.12/site-packages/primus_mllog/mlperf_pre_training.py", "lineno": 174, "samples_count": 98304}}
:::MLLOG {"namespace": "", "time_ms": 1778047082881, "event_type": "INTERVAL_END", "key": "block_stop", "value": null, "metadata": {"file": "/opt/venv/lib/python3.12/site-packages/primus_mllog/mlperf_pre_training.py", "lineno": 139, "samples_count": 110592}}
:::MLLOG {"namespace": "", "time_ms": 1778047082882, "event_type": "INTERVAL_START", "key": "eval_start", "value": null, "metadata": {"file": "/opt/venv/lib/python3.12/site-packages/primus_mllog/mlperf_pre_training.py", "lineno": 141, "samples_count": 110592}}
:::MLLOG {"namespace": "", "time_ms": 1778047092303, "event_type": "POINT_IN_TIME", "key": "eval_accuracy", "value": 3.4810855388641357, "metadata": {"file": "/opt/venv/lib/python3.12/site-packages/primus_mllog/mlperf_pre_training.py", "lineno": 156, "samples_count": 110592}}
:::MLLOG {"namespace": "", "time_ms": 1778047092304, "event_type": "INTERVAL_END", "key": "eval_stop", "value": null, "metadata": {"file": "/opt/venv/lib/python3.12/site-packages/primus_mllog/mlperf_pre_training.py", "lineno": 170, "samples_count": 110592}}
:::MLLOG {"namespace": "", "time_ms": 1778047092304, "event_type": "INTERVAL_START", "key": "block_start", "value": null, "metadata": {"file": "/opt/venv/lib/python3.12/site-packages/primus_mllog/mlperf_pre_training.py", "lineno": 174, "samples_count": 110592}}
:::MLLOG {"namespace": "", "time_ms": 1778047436824, "event_type": "INTERVAL_END", "key": "block_stop", "value": null, "metadata": {"file": "/opt/venv/lib/python3.12/site-packages/primus_mllog/mlperf_pre_training.py", "lineno": 139, "samples_count": 122880}}
:::MLLOG {"namespace": "", "time_ms": 1778047436825, "event_type": "INTERVAL_START", "key": "eval_start", "value": null, "metadata": {"file": "/opt/venv/lib/python3.12/site-packages/primus_mllog/mlperf_pre_training.py", "lineno": 141, "samples_count": 122880}}
:::MLLOG {"namespace": "", "time_ms": 1778047446255, "event_type": "POINT_IN_TIME", "key": "eval_accuracy", "value": 3.442443609237671, "metadata": {"file": "/opt/venv/lib/python3.12/site-packages/primus_mllog/mlperf_pre_training.py", "lineno": 156, "samples_count": 122880}}
:::MLLOG {"namespace": "", "time_ms": 1778047446256, "event_type": "INTERVAL_END", "key": "eval_stop", "value": null, "metadata": {"file": "/opt/venv/lib/python3.12/site-packages/primus_mllog/mlperf_pre_training.py", "lineno": 170, "samples_count": 122880}}
:::MLLOG {"namespace": "", "time_ms": 1778047446256, "event_type": "INTERVAL_START", "key": "block_start", "value": null, "metadata": {"file": "/opt/venv/lib/python3.12/site-packages/primus_mllog/mlperf_pre_training.py", "lineno": 174, "samples_count": 122880}}
:::MLLOG {"namespace": "", "time_ms": 1778047790933, "event_type": "INTERVAL_END", "key": "block_stop", "value": null, "metadata": {"file": "/opt/venv/lib/python3.12/site-packages/primus_mllog/mlperf_pre_training.py", "lineno": 139, "samples_count": 135168}}
:::MLLOG {"namespace": "", "time_ms": 1778047790933, "event_type": "INTERVAL_START", "key": "eval_start", "value": null, "metadata": {"file": "/opt/venv/lib/python3.12/site-packages/primus_mllog/mlperf_pre_training.py", "lineno": 141, "samples_count": 135168}}
:::MLLOG {"namespace": "", "time_ms": 1778047800334, "event_type": "POINT_IN_TIME", "key": "eval_accuracy", "value": 3.403621196746826, "metadata": {"file": "/opt/venv/lib/python3.12/site-packages/primus_mllog/mlperf_pre_training.py", "lineno": 156, "samples_count": 135168}}
:::MLLOG {"namespace": "", "time_ms": 1778047800335, "event_type": "INTERVAL_END", "key": "eval_stop", "value": null, "metadata": {"file": "/opt/venv/lib/python3.12/site-packages/primus_mllog/mlperf_pre_training.py", "lineno": 170, "samples_count": 135168}}
:::MLLOG {"namespace": "", "time_ms": 1778047800335, "event_type": "INTERVAL_START", "key": "block_start", "value": null, "metadata": {"file": "/opt/venv/lib/python3.12/site-packages/primus_mllog/mlperf_pre_training.py", "lineno": 174, "samples_count": 135168}}
:::MLLOG {"namespace": "", "time_ms": 1778048144364, "event_type": "INTERVAL_END", "key": "block_stop", "value": null, "metadata": {"file": "/opt/venv/lib/python3.12/site-packages/primus_mllog/mlperf_pre_training.py", "lineno": 139, "samples_count": 147456}}
:::MLLOG {"namespace": "", "time_ms": 1778048144365, "event_type": "INTERVAL_START", "key": "eval_start", "value": null, "metadata": {"file": "/opt/venv/lib/python3.12/site-packages/primus_mllog/mlperf_pre_training.py", "lineno": 141, "samples_count": 147456}}
:::MLLOG {"namespace": "", "time_ms": 1778048153853, "event_type": "POINT_IN_TIME", "key": "eval_accuracy", "value": 3.369114875793457, "metadata": {"file": "/opt/venv/lib/python3.12/site-packages/primus_mllog/mlperf_pre_training.py", "lineno": 156, "samples_count": 147456}}
:::MLLOG {"namespace": "", "time_ms": 1778048153853, "event_type": "INTERVAL_END", "key": "eval_stop", "value": null, "metadata": {"file": "/opt/venv/lib/python3.12/site-packages/primus_mllog/mlperf_pre_training.py", "lineno": 170, "samples_count": 147456}}
:::MLLOG {"namespace": "", "time_ms": 1778048153853, "event_type": "INTERVAL_START", "key": "block_start", "value": null, "metadata": {"file": "/opt/venv/lib/python3.12/site-packages/primus_mllog/mlperf_pre_training.py", "lineno": 174, "samples_count": 147456}}
:::MLLOG {"namespace": "", "time_ms": 1778048498980, "event_type": "INTERVAL_END", "key": "block_stop", "value": null, "metadata": {"file": "/opt/venv/lib/python3.12/site-packages/primus_mllog/mlperf_pre_training.py", "lineno": 139, "samples_count": 159744}}
:::MLLOG {"namespace": "", "time_ms": 1778048498981, "event_type": "INTERVAL_START", "key": "eval_start", "value": null, "metadata": {"file": "/opt/venv/lib/python3.12/site-packages/primus_mllog/mlperf_pre_training.py", "lineno": 141, "samples_count": 159744}}
:::MLLOG {"namespace": "", "time_ms": 1778048508273, "event_type": "POINT_IN_TIME", "key": "eval_accuracy", "value": 3.3430659770965576, "metadata": {"file": "/opt/venv/lib/python3.12/site-packages/primus_mllog/mlperf_pre_training.py", "lineno": 156, "samples_count": 159744}}
:::MLLOG {"namespace": "", "time_ms": 1778048508274, "event_type": "INTERVAL_END", "key": "eval_stop", "value": null, "metadata": {"file": "/opt/venv/lib/python3.12/site-packages/primus_mllog/mlperf_pre_training.py", "lineno": 170, "samples_count": 159744}}
:::MLLOG {"namespace": "", "time_ms": 1778048508274, "event_type": "INTERVAL_START", "key": "block_start", "value": null, "metadata": {"file": "/opt/venv/lib/python3.12/site-packages/primus_mllog/mlperf_pre_training.py", "lineno": 174, "samples_count": 159744}}
:::MLLOG {"namespace": "", "time_ms": 1778048852434, "event_type": "INTERVAL_END", "key": "block_stop", "value": null, "metadata": {"file": "/opt/venv/lib/python3.12/site-packages/primus_mllog/mlperf_pre_training.py", "lineno": 139, "samples_count": 172032}}
:::MLLOG {"namespace": "", "time_ms": 1778048852434, "event_type": "INTERVAL_START", "key": "eval_start", "value": null, "metadata": {"file": "/opt/venv/lib/python3.12/site-packages/primus_mllog/mlperf_pre_training.py", "lineno": 141, "samples_count": 172032}}
:::MLLOG {"namespace": "", "time_ms": 1778048861783, "event_type": "POINT_IN_TIME", "key": "eval_accuracy", "value": 3.326709747314453, "metadata": {"file": "/opt/venv/lib/python3.12/site-packages/primus_mllog/mlperf_pre_training.py", "lineno": 156, "samples_count": 172032}}
:::MLLOG {"namespace": "", "time_ms": 1778048861783, "event_type": "INTERVAL_END", "key": "eval_stop", "value": null, "metadata": {"file": "/opt/venv/lib/python3.12/site-packages/primus_mllog/mlperf_pre_training.py", "lineno": 170, "samples_count": 172032}}
:::MLLOG {"namespace": "", "time_ms": 1778048861784, "event_type": "INTERVAL_START", "key": "block_start", "value": null, "metadata": {"file": "/opt/venv/lib/python3.12/site-packages/primus_mllog/mlperf_pre_training.py", "lineno": 174, "samples_count": 172032}}
:::MLLOG {"namespace": "", "time_ms": 1778049206234, "event_type": "INTERVAL_END", "key": "block_stop", "value": null, "metadata": {"file": "/opt/venv/lib/python3.12/site-packages/primus_mllog/mlperf_pre_training.py", "lineno": 139, "samples_count": 184320}}
:::MLLOG {"namespace": "", "time_ms": 1778049206235, "event_type": "INTERVAL_START", "key": "eval_start", "value": null, "metadata": {"file": "/opt/venv/lib/python3.12/site-packages/primus_mllog/mlperf_pre_training.py", "lineno": 141, "samples_count": 184320}}
:::MLLOG {"namespace": "", "time_ms": 1778049215601, "event_type": "POINT_IN_TIME", "key": "eval_accuracy", "value": 3.301621675491333, "metadata": {"file": "/opt/venv/lib/python3.12/site-packages/primus_mllog/mlperf_pre_training.py", "lineno": 156, "samples_count": 184320}}
:::MLLOG {"namespace": "", "time_ms": 1778049215601, "event_type": "INTERVAL_END", "key": "eval_stop", "value": null, "metadata": {"file": "/opt/venv/lib/python3.12/site-packages/primus_mllog/mlperf_pre_training.py", "lineno": 170, "samples_count": 184320}}
:::MLLOG {"namespace": "", "time_ms": 1778049215601, "event_type": "INTERVAL_START", "key": "block_start", "value": null, "metadata": {"file": "/opt/venv/lib/python3.12/site-packages/primus_mllog/mlperf_pre_training.py", "lineno": 174, "samples_count": 184320}}
:::MLLOG {"namespace": "", "time_ms": 1778049560721, "event_type": "INTERVAL_END", "key": "block_stop", "value": null, "metadata": {"file": "/opt/venv/lib/python3.12/site-packages/primus_mllog/mlperf_pre_training.py", "lineno": 139, "samples_count": 196608}}
:::MLLOG {"namespace": "", "time_ms": 1778049560722, "event_type": "INTERVAL_START", "key": "eval_start", "value": null, "metadata": {"file": "/opt/venv/lib/python3.12/site-packages/primus_mllog/mlperf_pre_training.py", "lineno": 141, "samples_count": 196608}}
:::MLLOG {"namespace": "", "time_ms": 1778049570078, "event_type": "POINT_IN_TIME", "key": "eval_accuracy", "value": 3.277576208114624, "metadata": {"file": "/opt/venv/lib/python3.12/site-packages/primus_mllog/mlperf_pre_training.py", "lineno": 156, "samples_count": 196608}}
:::MLLOG {"namespace": "", "time_ms": 1778049570079, "event_type": "INTERVAL_END", "key": "eval_stop", "value": null, "metadata": {"file": "/opt/venv/lib/python3.12/site-packages/primus_mllog/mlperf_pre_training.py", "lineno": 170, "samples_count": 196608}}
:::MLLOG {"namespace": "", "time_ms": 1778049570086, "event_type": "INTERVAL_END", "key": "epoch_stop", "value": null, "metadata": {"file": "/opt/venv/lib/python3.12/site-packages/primus_mllog/mlperf_pre_training.py", "lineno": 220, "samples_count": 196608}}
:::MLLOG {"namespace": "", "time_ms": 1778049570086, "event_type": "INTERVAL_END", "key": "run_stop", "value": null, "metadata": {"file": "/opt/venv/lib/python3.12/site-packages/primus_mllog/mlperf_pre_training.py", "lineno": 224, "samples_count": 196608, "status": "success"}}
:::MLLOG {"namespace": "", "time_ms": 1778049589717, "event_type": "POINT_IN_TIME", "key": "run_duration", "value": "5668.95s -> 94.48 minutes", "metadata": {"file": "/opt/venv/lib/python3.12/site-packages/primus_mllog/mlperf_pre_training.py", "lineno": 87, "samples": 196608}}
:::MLLOG {"namespace": "", "time_ms": 1778049589718, "event_type": "POINT_IN_TIME", "key": "overall_throughput", "value": 34.68, "metadata": {"file": "/opt/venv/lib/python3.12/site-packages/primus_mllog/mlperf_pre_training.py", "lineno": 92, "samples": 196608}}
:::MLLOG {"namespace": "", "time_ms": 1778049678037, "event_type": "POINT_IN_TIME", "key": "global_batch_size", "value": 32, "metadata": {"file": "/opt/venv/lib/python3.12/site-packages/primus_mllog/mlperf_pre_training.py", "lineno": 66}}
:::MLLOG {"namespace": "", "time_ms": 1778049678037, "event_type": "POINT_IN_TIME", "key": "gradient_accumulation_steps", "value": 2, "metadata": {"file": "/opt/venv/lib/python3.12/site-packages/primus_mllog/mlperf_pre_training.py", "lineno": 66}}
:::MLLOG {"namespace": "", "time_ms": 1778049678037, "event_type": "POINT_IN_TIME", "key": "max_sequence_length", "value": 8192, "metadata": {"file": "/opt/venv/lib/python3.12/site-packages/primus_mllog/mlperf_pre_training.py", "lineno": 66}}
:::MLLOG {"namespace": "", "time_ms": 1778049678037, "event_type": "POINT_IN_TIME", "key": "train_samples", "value": 38400000, "metadata": {"file": "/opt/venv/lib/python3.12/site-packages/primus_mllog/mlperf_pre_training.py", "lineno": 66}}
:::MLLOG {"namespace": "", "time_ms": 1778049678037, "event_type": "POINT_IN_TIME", "key": "eval_samples", "value": 1024, "metadata": {"file": "/opt/venv/lib/python3.12/site-packages/primus_mllog/mlperf_pre_training.py", "lineno": 66}}
:::MLLOG {"namespace": "", "time_ms": 1778049678037, "event_type": "POINT_IN_TIME", "key": "seed", "value": 1942, "metadata": {"file": "/opt/venv/lib/python3.12/site-packages/primus_mllog/mlperf_pre_training.py", "lineno": 66}}
:::MLLOG {"namespace": "", "time_ms": 1778049678037, "event_type": "POINT_IN_TIME", "key": "init_checkpoint_step", "value": 0, "metadata": {"file": "/opt/venv/lib/python3.12/site-packages/primus_mllog/mlperf_pre_training.py", "lineno": 66}}
:::MLLOG {"namespace": "", "time_ms": 1778049678037, "event_type": "POINT_IN_TIME", "key": "opt_name", "value": "adamw", "metadata": {"file": "/opt/venv/lib/python3.12/site-packages/primus_mllog/mlperf_pre_training.py", "lineno": 66}}
:::MLLOG {"namespace": "", "time_ms": 1778049678037, "event_type": "POINT_IN_TIME", "key": "opt_base_learning_rate", "value": 0.0008, "metadata": {"file": "/opt/venv/lib/python3.12/site-packages/primus_mllog/mlperf_pre_training.py", "lineno": 66}}
:::MLLOG {"namespace": "", "time_ms": 1778049678037, "event_type": "POINT_IN_TIME", "key": "opt_adamw_beta_1", "value": 0.9, "metadata": {"file": "/opt/venv/lib/python3.12/site-packages/primus_mllog/mlperf_pre_training.py", "lineno": 66}}
:::MLLOG {"namespace": "", "time_ms": 1778049678037, "event_type": "POINT_IN_TIME", "key": "opt_adamw_beta_2", "value": 0.95, "metadata": {"file": "/opt/venv/lib/python3.12/site-packages/primus_mllog/mlperf_pre_training.py", "lineno": 66}}
:::MLLOG {"namespace": "", "time_ms": 1778049678037, "event_type": "POINT_IN_TIME", "key": "opt_adamw_epsilon", "value": 1e-05, "metadata": {"file": "/opt/venv/lib/python3.12/site-packages/primus_mllog/mlperf_pre_training.py", "lineno": 66}}
:::MLLOG {"namespace": "", "time_ms": 1778049678037, "event_type": "POINT_IN_TIME", "key": "opt_adamw_weight_decay", "value": 0.1, "metadata": {"file": "/opt/venv/lib/python3.12/site-packages/primus_mllog/mlperf_pre_training.py", "lineno": 66}}
:::MLLOG {"namespace": "", "time_ms": 1778049678037, "event_type": "POINT_IN_TIME", "key": "opt_gradient_clip_norm", "value": 1.0, "metadata": {"file": "/opt/venv/lib/python3.12/site-packages/primus_mllog/mlperf_pre_training.py", "lineno": 66}}
:::MLLOG {"namespace": "", "time_ms": 1778049678037, "event_type": "POINT_IN_TIME", "key": "opt_end_learning_rate", "value": 8e-05, "metadata": {"file": "/opt/venv/lib/python3.12/site-packages/primus_mllog/mlperf_pre_training.py", "lineno": 66}}
:::MLLOG {"namespace": "", "time_ms": 1778049678037, "event_type": "POINT_IN_TIME", "key": "opt_learning_rate_warmup_steps", "value": 64, "metadata": {"file": "/opt/venv/lib/python3.12/site-packages/primus_mllog/mlperf_pre_training.py", "lineno": 66}}
:::MLLOG {"namespace": "", "time_ms": 1778049678037, "event_type": "POINT_IN_TIME", "key": "opt_learning_rate_decay_steps", "value": 1199936, "metadata": {"file": "/opt/venv/lib/python3.12/site-packages/primus_mllog/mlperf_pre_training.py", "lineno": 66}}
:::MLLOG {"namespace": "", "time_ms": 1778049678038, "event_type": "POINT_IN_TIME", "key": "opt_learning_rate_decay_schedule", "value": "cosine with linear warmup", "metadata": {"file": "/opt/venv/lib/python3.12/site-packages/primus_mllog/mlperf_pre_training.py", "lineno": 66}}
:::MLLOG {"namespace": "", "time_ms": 1778049678038, "event_type": "POINT_IN_TIME", "key": "max_steps", "value": 1200000, "metadata": {"file": "/opt/venv/lib/python3.12/site-packages/primus_mllog/mlperf_pre_training.py", "lineno": 66}}
:::MLLOG {"namespace": "", "time_ms": 1778049678038, "event_type": "POINT_IN_TIME", "key": "submission_benchmark", "value": "llama31_8b", "metadata": {"file": "/opt/venv/lib/python3.12/site-packages/primus_mllog/mlperf_pre_training.py", "lineno": 66}}
:::MLLOG {"namespace": "", "time_ms": 1778049678038, "event_type": "POINT_IN_TIME", "key": "submission_division", "value": "closed", "metadata": {"file": "/opt/venv/lib/python3.12/site-packages/primus_mllog/mlperf_pre_training.py", "lineno": 66}}
:::MLLOG {"namespace": "", "time_ms": 1778049678038, "event_type": "POINT_IN_TIME", "key": "submission_status", "value": "", "metadata": {"file": "/opt/venv/lib/python3.12/site-packages/primus_mllog/mlperf_pre_training.py", "lineno": 66}}
:::MLLOG {"namespace": "", "time_ms": 1778049678038, "event_type": "POINT_IN_TIME", "key": "submission_org", "value": "AMD", "metadata": {"file": "/opt/venv/lib/python3.12/site-packages/primus_mllog/mlperf_pre_training.py", "lineno": 66}}
:::MLLOG {"namespace": "", "time_ms": 1778049678038, "event_type": "POINT_IN_TIME", "key": "submission_platform", "value": "MI355X", "metadata": {"file": "/opt/venv/lib/python3.12/site-packages/primus_mllog/mlperf_pre_training.py", "lineno": 66}}
:::MLLOG {"namespace": "", "time_ms": 1778049678038, "event_type": "INTERVAL_END", "key": "init_stop", "value": null, "metadata": {"file": "/opt/venv/lib/python3.12/site-packages/primus_mllog/mlperf_pre_training.py", "lineno": 68}}
:::MLLOG {"namespace": "", "time_ms": 1778049740271, "event_type": "INTERVAL_START", "key": "run_start", "value": null, "metadata": {"file": "/opt/venv/lib/python3.12/site-packages/primus_mllog/mlperf_pre_training.py", "lineno": 193}}
:::MLLOG {"namespace": "", "time_ms": 1778049740271, "event_type": "INTERVAL_START", "key": "epoch_start", "value": null, "metadata": {"file": "/opt/venv/lib/python3.12/site-packages/primus_mllog/mlperf_pre_training.py", "lineno": 196, "samples_count": 0}}
:::MLLOG {"namespace": "", "time_ms": 1778049740272, "event_type": "INTERVAL_START", "key": "block_start", "value": null, "metadata": {"file": "/opt/venv/lib/python3.12/site-packages/primus_mllog/mlperf_pre_training.py", "lineno": 198, "samples_count": 0}}
:::MLLOG {"namespace": "", "time_ms": 1778050085630, "event_type": "INTERVAL_END", "key": "block_stop", "value": null, "metadata": {"file": "/opt/venv/lib/python3.12/site-packages/primus_mllog/mlperf_pre_training.py", "lineno": 139, "samples_count": 12288}}
:::MLLOG {"namespace": "", "time_ms": 1778050085630, "event_type": "INTERVAL_START", "key": "eval_start", "value": null, "metadata": {"file": "/opt/venv/lib/python3.12/site-packages/primus_mllog/mlperf_pre_training.py", "lineno": 141, "samples_count": 12288}}
:::MLLOG {"namespace": "", "time_ms": 1778050096322, "event_type": "POINT_IN_TIME", "key": "eval_accuracy", "value": 5.85560941696167, "metadata": {"file": "/opt/venv/lib/python3.12/site-packages/primus_mllog/mlperf_pre_training.py", "lineno": 156, "samples_count": 12288}}
:::MLLOG {"namespace": "", "time_ms": 1778050096323, "event_type": "INTERVAL_END", "key": "eval_stop", "value": null, "metadata": {"file": "/opt/venv/lib/python3.12/site-packages/primus_mllog/mlperf_pre_training.py", "lineno": 170, "samples_count": 12288}}
:::MLLOG {"namespace": "", "time_ms": 1778050096323, "event_type": "INTERVAL_START", "key": "block_start", "value": null, "metadata": {"file": "/opt/venv/lib/python3.12/site-packages/primus_mllog/mlperf_pre_training.py", "lineno": 174, "samples_count": 12288}}
:::MLLOG {"namespace": "", "time_ms": 1778050441319, "event_type": "INTERVAL_END", "key": "block_stop", "value": null, "metadata": {"file": "/opt/venv/lib/python3.12/site-packages/primus_mllog/mlperf_pre_training.py", "lineno": 139, "samples_count": 24576}}
:::MLLOG {"namespace": "", "time_ms": 1778050441320, "event_type": "INTERVAL_START", "key": "eval_start", "value": null, "metadata": {"file": "/opt/venv/lib/python3.12/site-packages/primus_mllog/mlperf_pre_training.py", "lineno": 141, "samples_count": 24576}}
:::MLLOG {"namespace": "", "time_ms": 1778050450814, "event_type": "POINT_IN_TIME", "key": "eval_accuracy", "value": 4.601080417633057, "metadata": {"file": "/opt/venv/lib/python3.12/site-packages/primus_mllog/mlperf_pre_training.py", "lineno": 156, "samples_count": 24576}}
:::MLLOG {"namespace": "", "time_ms": 1778050450814, "event_type": "INTERVAL_END", "key": "eval_stop", "value": null, "metadata": {"file": "/opt/venv/lib/python3.12/site-packages/primus_mllog/mlperf_pre_training.py", "lineno": 170, "samples_count": 24576}}
:::MLLOG {"namespace": "", "time_ms": 1778050450814, "event_type": "INTERVAL_START", "key": "block_start", "value": null, "metadata": {"file": "/opt/venv/lib/python3.12/site-packages/primus_mllog/mlperf_pre_training.py", "lineno": 174, "samples_count": 24576}}
:::MLLOG {"namespace": "", "time_ms": 1778050795343, "event_type": "INTERVAL_END", "key": "block_stop", "value": null, "metadata": {"file": "/opt/venv/lib/python3.12/site-packages/primus_mllog/mlperf_pre_training.py", "lineno": 139, "samples_count": 36864}}
:::MLLOG {"namespace": "", "time_ms": 1778050795343, "event_type": "INTERVAL_START", "key": "eval_start", "value": null, "metadata": {"file": "/opt/venv/lib/python3.12/site-packages/primus_mllog/mlperf_pre_training.py", "lineno": 141, "samples_count": 36864}}
:::MLLOG {"namespace": "", "time_ms": 1778050804929, "event_type": "POINT_IN_TIME", "key": "eval_accuracy", "value": 4.142553329467773, "metadata": {"file": "/opt/venv/lib/python3.12/site-packages/primus_mllog/mlperf_pre_training.py", "lineno": 156, "samples_count": 36864}}
:::MLLOG {"namespace": "", "time_ms": 1778050804929, "event_type": "INTERVAL_END", "key": "eval_stop", "value": null, "metadata": {"file": "/opt/venv/lib/python3.12/site-packages/primus_mllog/mlperf_pre_training.py", "lineno": 170, "samples_count": 36864}}
:::MLLOG {"namespace": "", "time_ms": 1778050804929, "event_type": "INTERVAL_START", "key": "block_start", "value": null, "metadata": {"file": "/opt/venv/lib/python3.12/site-packages/primus_mllog/mlperf_pre_training.py", "lineno": 174, "samples_count": 36864}}
:::MLLOG {"namespace": "", "time_ms": 1778051150402, "event_type": "INTERVAL_END", "key": "block_stop", "value": null, "metadata": {"file": "/opt/venv/lib/python3.12/site-packages/primus_mllog/mlperf_pre_training.py", "lineno": 139, "samples_count": 49152}}
:::MLLOG {"namespace": "", "time_ms": 1778051150403, "event_type": "INTERVAL_START", "key": "eval_start", "value": null, "metadata": {"file": "/opt/venv/lib/python3.12/site-packages/primus_mllog/mlperf_pre_training.py", "lineno": 141, "samples_count": 49152}}
:::MLLOG {"namespace": "", "time_ms": 1778051159751, "event_type": "POINT_IN_TIME", "key": "eval_accuracy", "value": 3.9196455478668213, "metadata": {"file": "/opt/venv/lib/python3.12/site-packages/primus_mllog/mlperf_pre_training.py", "lineno": 156, "samples_count": 49152}}
:::MLLOG {"namespace": "", "time_ms": 1778051159751, "event_type": "INTERVAL_END", "key": "eval_stop", "value": null, "metadata": {"file": "/opt/venv/lib/python3.12/site-packages/primus_mllog/mlperf_pre_training.py", "lineno": 170, "samples_count": 49152}}
:::MLLOG {"namespace": "", "time_ms": 1778051159752, "event_type": "INTERVAL_START", "key": "block_start", "value": null, "metadata": {"file": "/opt/venv/lib/python3.12/site-packages/primus_mllog/mlperf_pre_training.py", "lineno": 174, "samples_count": 49152}}
:::MLLOG {"namespace": "", "time_ms": 1778051503149, "event_type": "INTERVAL_END", "key": "block_stop", "value": null, "metadata": {"file": "/opt/venv/lib/python3.12/site-packages/primus_mllog/mlperf_pre_training.py", "lineno": 139, "samples_count": 61440}}
:::MLLOG {"namespace": "", "time_ms": 1778051503149, "event_type": "INTERVAL_START", "key": "eval_start", "value": null, "metadata": {"file": "/opt/venv/lib/python3.12/site-packages/primus_mllog/mlperf_pre_training.py", "lineno": 141, "samples_count": 61440}}
:::MLLOG {"namespace": "", "time_ms": 1778051512593, "event_type": "POINT_IN_TIME", "key": "eval_accuracy", "value": 3.780242681503296, "metadata": {"file": "/opt/venv/lib/python3.12/site-packages/primus_mllog/mlperf_pre_training.py", "lineno": 156, "samples_count": 61440}}
:::MLLOG {"namespace": "", "time_ms": 1778051512593, "event_type": "INTERVAL_END", "key": "eval_stop", "value": null, "metadata": {"file": "/opt/venv/lib/python3.12/site-packages/primus_mllog/mlperf_pre_training.py", "lineno": 170, "samples_count": 61440}}
:::MLLOG {"namespace": "", "time_ms": 1778051512593, "event_type": "INTERVAL_START", "key": "block_start", "value": null, "metadata": {"file": "/opt/venv/lib/python3.12/site-packages/primus_mllog/mlperf_pre_training.py", "lineno": 174, "samples_count": 61440}}
:::MLLOG {"namespace": "", "time_ms": 1778051856416, "event_type": "INTERVAL_END", "key": "block_stop", "value": null, "metadata": {"file": "/opt/venv/lib/python3.12/site-packages/primus_mllog/mlperf_pre_training.py", "lineno": 139, "samples_count": 73728}}
:::MLLOG {"namespace": "", "time_ms": 1778051856416, "event_type": "INTERVAL_START", "key": "eval_start", "value": null, "metadata": {"file": "/opt/venv/lib/python3.12/site-packages/primus_mllog/mlperf_pre_training.py", "lineno": 141, "samples_count": 73728}}
:::MLLOG {"namespace": "", "time_ms": 1778051865781, "event_type": "POINT_IN_TIME", "key": "eval_accuracy", "value": 3.6796650886535645, "metadata": {"file": "/opt/venv/lib/python3.12/site-packages/primus_mllog/mlperf_pre_training.py", "lineno": 156, "samples_count": 73728}}
:::MLLOG {"namespace": "", "time_ms": 1778051865781, "event_type": "INTERVAL_END", "key": "eval_stop", "value": null, "metadata": {"file": "/opt/venv/lib/python3.12/site-packages/primus_mllog/mlperf_pre_training.py", "lineno": 170, "samples_count": 73728}}
:::MLLOG {"namespace": "", "time_ms": 1778051865781, "event_type": "INTERVAL_START", "key": "block_start", "value": null, "metadata": {"file": "/opt/venv/lib/python3.12/site-packages/primus_mllog/mlperf_pre_training.py", "lineno": 174, "samples_count": 73728}}
:::MLLOG {"namespace": "", "time_ms": 1778052210505, "event_type": "INTERVAL_END", "key": "block_stop", "value": null, "metadata": {"file": "/opt/venv/lib/python3.12/site-packages/primus_mllog/mlperf_pre_training.py", "lineno": 139, "samples_count": 86016}}
:::MLLOG {"namespace": "", "time_ms": 1778052210505, "event_type": "INTERVAL_START", "key": "eval_start", "value": null, "metadata": {"file": "/opt/venv/lib/python3.12/site-packages/primus_mllog/mlperf_pre_training.py", "lineno": 141, "samples_count": 86016}}
:::MLLOG {"namespace": "", "time_ms": 1778052219791, "event_type": "POINT_IN_TIME", "key": "eval_accuracy", "value": 3.601844310760498, "metadata": {"file": "/opt/venv/lib/python3.12/site-packages/primus_mllog/mlperf_pre_training.py", "lineno": 156, "samples_count": 86016}}
:::MLLOG {"namespace": "", "time_ms": 1778052219792, "event_type": "INTERVAL_END", "key": "eval_stop", "value": null, "metadata": {"file": "/opt/venv/lib/python3.12/site-packages/primus_mllog/mlperf_pre_training.py", "lineno": 170, "samples_count": 86016}}
:::MLLOG {"namespace": "", "time_ms": 1778052219792, "event_type": "INTERVAL_START", "key": "block_start", "value": null, "metadata": {"file": "/opt/venv/lib/python3.12/site-packages/primus_mllog/mlperf_pre_training.py", "lineno": 174, "samples_count": 86016}}
:::MLLOG {"namespace": "", "time_ms": 1778052562578, "event_type": "INTERVAL_END", "key": "block_stop", "value": null, "metadata": {"file": "/opt/venv/lib/python3.12/site-packages/primus_mllog/mlperf_pre_training.py", "lineno": 139, "samples_count": 98304}}
:::MLLOG {"namespace": "", "time_ms": 1778052562578, "event_type": "INTERVAL_START", "key": "eval_start", "value": null, "metadata": {"file": "/opt/venv/lib/python3.12/site-packages/primus_mllog/mlperf_pre_training.py", "lineno": 141, "samples_count": 98304}}
:::MLLOG {"namespace": "", "time_ms": 1778052571864, "event_type": "POINT_IN_TIME", "key": "eval_accuracy", "value": 3.5359699726104736, "metadata": {"file": "/opt/venv/lib/python3.12/site-packages/primus_mllog/mlperf_pre_training.py", "lineno": 156, "samples_count": 98304}}
:::MLLOG {"namespace": "", "time_ms": 1778052571864, "event_type": "INTERVAL_END", "key": "eval_stop", "value": null, "metadata": {"file": "/opt/venv/lib/python3.12/site-packages/primus_mllog/mlperf_pre_training.py", "lineno": 170, "samples_count": 98304}}
:::MLLOG {"namespace": "", "time_ms": 1778052571864, "event_type": "INTERVAL_START", "key": "block_start", "value": null, "metadata": {"file": "/opt/venv/lib/python3.12/site-packages/primus_mllog/mlperf_pre_training.py", "lineno": 174, "samples_count": 98304}}
:::MLLOG {"namespace": "", "time_ms": 1778052916194, "event_type": "INTERVAL_END", "key": "block_stop", "value": null, "metadata": {"file": "/opt/venv/lib/python3.12/site-packages/primus_mllog/mlperf_pre_training.py", "lineno": 139, "samples_count": 110592}}
:::MLLOG {"namespace": "", "time_ms": 1778052916195, "event_type": "INTERVAL_START", "key": "eval_start", "value": null, "metadata": {"file": "/opt/venv/lib/python3.12/site-packages/primus_mllog/mlperf_pre_training.py", "lineno": 141, "samples_count": 110592}}
:::MLLOG {"namespace": "", "time_ms": 1778052925712, "event_type": "POINT_IN_TIME", "key": "eval_accuracy", "value": 3.4890642166137695, "metadata": {"file": "/opt/venv/lib/python3.12/site-packages/primus_mllog/mlperf_pre_training.py", "lineno": 156, "samples_count": 110592}}
:::MLLOG {"namespace": "", "time_ms": 1778052925712, "event_type": "INTERVAL_END", "key": "eval_stop", "value": null, "metadata": {"file": "/opt/venv/lib/python3.12/site-packages/primus_mllog/mlperf_pre_training.py", "lineno": 170, "samples_count": 110592}}
:::MLLOG {"namespace": "", "time_ms": 1778052925712, "event_type": "INTERVAL_START", "key": "block_start", "value": null, "metadata": {"file": "/opt/venv/lib/python3.12/site-packages/primus_mllog/mlperf_pre_training.py", "lineno": 174, "samples_count": 110592}}
:::MLLOG {"namespace": "", "time_ms": 1778053268456, "event_type": "INTERVAL_END", "key": "block_stop", "value": null, "metadata": {"file": "/opt/venv/lib/python3.12/site-packages/primus_mllog/mlperf_pre_training.py", "lineno": 139, "samples_count": 122880}}
:::MLLOG {"namespace": "", "time_ms": 1778053268456, "event_type": "INTERVAL_START", "key": "eval_start", "value": null, "metadata": {"file": "/opt/venv/lib/python3.12/site-packages/primus_mllog/mlperf_pre_training.py", "lineno": 141, "samples_count": 122880}}
:::MLLOG {"namespace": "", "time_ms": 1778053277786, "event_type": "POINT_IN_TIME", "key": "eval_accuracy", "value": 3.4457669258117676, "metadata": {"file": "/opt/venv/lib/python3.12/site-packages/primus_mllog/mlperf_pre_training.py", "lineno": 156, "samples_count": 122880}}
:::MLLOG {"namespace": "", "time_ms": 1778053277786, "event_type": "INTERVAL_END", "key": "eval_stop", "value": null, "metadata": {"file": "/opt/venv/lib/python3.12/site-packages/primus_mllog/mlperf_pre_training.py", "lineno": 170, "samples_count": 122880}}
:::MLLOG {"namespace": "", "time_ms": 1778053277787, "event_type": "INTERVAL_START", "key": "block_start", "value": null, "metadata": {"file": "/opt/venv/lib/python3.12/site-packages/primus_mllog/mlperf_pre_training.py", "lineno": 174, "samples_count": 122880}}
:::MLLOG {"namespace": "", "time_ms": 1778053621997, "event_type": "INTERVAL_END", "key": "block_stop", "value": null, "metadata": {"file": "/opt/venv/lib/python3.12/site-packages/primus_mllog/mlperf_pre_training.py", "lineno": 139, "samples_count": 135168}}
:::MLLOG {"namespace": "", "time_ms": 1778053621997, "event_type": "INTERVAL_START", "key": "eval_start", "value": null, "metadata": {"file": "/opt/venv/lib/python3.12/site-packages/primus_mllog/mlperf_pre_training.py", "lineno": 141, "samples_count": 135168}}
:::MLLOG {"namespace": "", "time_ms": 1778053631577, "event_type": "POINT_IN_TIME", "key": "eval_accuracy", "value": 3.4127511978149414, "metadata": {"file": "/opt/venv/lib/python3.12/site-packages/primus_mllog/mlperf_pre_training.py", "lineno": 156, "samples_count": 135168}}
:::MLLOG {"namespace": "", "time_ms": 1778053631577, "event_type": "INTERVAL_END", "key": "eval_stop", "value": null, "metadata": {"file": "/opt/venv/lib/python3.12/site-packages/primus_mllog/mlperf_pre_training.py", "lineno": 170, "samples_count": 135168}}
:::MLLOG {"namespace": "", "time_ms": 1778053631577, "event_type": "INTERVAL_START", "key": "block_start", "value": null, "metadata": {"file": "/opt/venv/lib/python3.12/site-packages/primus_mllog/mlperf_pre_training.py", "lineno": 174, "samples_count": 135168}}
:::MLLOG {"namespace": "", "time_ms": 1778053974918, "event_type": "INTERVAL_END", "key": "block_stop", "value": null, "metadata": {"file": "/opt/venv/lib/python3.12/site-packages/primus_mllog/mlperf_pre_training.py", "lineno": 139, "samples_count": 147456}}
:::MLLOG {"namespace": "", "time_ms": 1778053974918, "event_type": "INTERVAL_START", "key": "eval_start", "value": null, "metadata": {"file": "/opt/venv/lib/python3.12/site-packages/primus_mllog/mlperf_pre_training.py", "lineno": 141, "samples_count": 147456}}
:::MLLOG {"namespace": "", "time_ms": 1778053984302, "event_type": "POINT_IN_TIME", "key": "eval_accuracy", "value": 3.381821632385254, "metadata": {"file": "/opt/venv/lib/python3.12/site-packages/primus_mllog/mlperf_pre_training.py", "lineno": 156, "samples_count": 147456}}
:::MLLOG {"namespace": "", "time_ms": 1778053984302, "event_type": "INTERVAL_END", "key": "eval_stop", "value": null, "metadata": {"file": "/opt/venv/lib/python3.12/site-packages/primus_mllog/mlperf_pre_training.py", "lineno": 170, "samples_count": 147456}}
:::MLLOG {"namespace": "", "time_ms": 1778053984302, "event_type": "INTERVAL_START", "key": "block_start", "value": null, "metadata": {"file": "/opt/venv/lib/python3.12/site-packages/primus_mllog/mlperf_pre_training.py", "lineno": 174, "samples_count": 147456}}
:::MLLOG {"namespace": "", "time_ms": 1778054328241, "event_type": "INTERVAL_END", "key": "block_stop", "value": null, "metadata": {"file": "/opt/venv/lib/python3.12/site-packages/primus_mllog/mlperf_pre_training.py", "lineno": 139, "samples_count": 159744}}
:::MLLOG {"namespace": "", "time_ms": 1778054328242, "event_type": "INTERVAL_START", "key": "eval_start", "value": null, "metadata": {"file": "/opt/venv/lib/python3.12/site-packages/primus_mllog/mlperf_pre_training.py", "lineno": 141, "samples_count": 159744}}
:::MLLOG {"namespace": "", "time_ms": 1778054337553, "event_type": "POINT_IN_TIME", "key": "eval_accuracy", "value": 3.3583571910858154, "metadata": {"file": "/opt/venv/lib/python3.12/site-packages/primus_mllog/mlperf_pre_training.py", "lineno": 156, "samples_count": 159744}}
:::MLLOG {"namespace": "", "time_ms": 1778054337553, "event_type": "INTERVAL_END", "key": "eval_stop", "value": null, "metadata": {"file": "/opt/venv/lib/python3.12/site-packages/primus_mllog/mlperf_pre_training.py", "lineno": 170, "samples_count": 159744}}
:::MLLOG {"namespace": "", "time_ms": 1778054337553, "event_type": "INTERVAL_START", "key": "block_start", "value": null, "metadata": {"file": "/opt/venv/lib/python3.12/site-packages/primus_mllog/mlperf_pre_training.py", "lineno": 174, "samples_count": 159744}}
:::MLLOG {"namespace": "", "time_ms": 1778054681308, "event_type": "INTERVAL_END", "key": "block_stop", "value": null, "metadata": {"file": "/opt/venv/lib/python3.12/site-packages/primus_mllog/mlperf_pre_training.py", "lineno": 139, "samples_count": 172032}}
:::MLLOG {"namespace": "", "time_ms": 1778054681308, "event_type": "INTERVAL_START", "key": "eval_start", "value": null, "metadata": {"file": "/opt/venv/lib/python3.12/site-packages/primus_mllog/mlperf_pre_training.py", "lineno": 141, "samples_count": 172032}}
:::MLLOG {"namespace": "", "time_ms": 1778054690616, "event_type": "POINT_IN_TIME", "key": "eval_accuracy", "value": 3.3339195251464844, "metadata": {"file": "/opt/venv/lib/python3.12/site-packages/primus_mllog/mlperf_pre_training.py", "lineno": 156, "samples_count": 172032}}
:::MLLOG {"namespace": "", "time_ms": 1778054690616, "event_type": "INTERVAL_END", "key": "eval_stop", "value": null, "metadata": {"file": "/opt/venv/lib/python3.12/site-packages/primus_mllog/mlperf_pre_training.py", "lineno": 170, "samples_count": 172032}}
:::MLLOG {"namespace": "", "time_ms": 1778054690616, "event_type": "INTERVAL_START", "key": "block_start", "value": null, "metadata": {"file": "/opt/venv/lib/python3.12/site-packages/primus_mllog/mlperf_pre_training.py", "lineno": 174, "samples_count": 172032}}
:::MLLOG {"namespace": "", "time_ms": 1778055034375, "event_type": "INTERVAL_END", "key": "block_stop", "value": null, "metadata": {"file": "/opt/venv/lib/python3.12/site-packages/primus_mllog/mlperf_pre_training.py", "lineno": 139, "samples_count": 184320}}
:::MLLOG {"namespace": "", "time_ms": 1778055034375, "event_type": "INTERVAL_START", "key": "eval_start", "value": null, "metadata": {"file": "/opt/venv/lib/python3.12/site-packages/primus_mllog/mlperf_pre_training.py", "lineno": 141, "samples_count": 184320}}
:::MLLOG {"namespace": "", "time_ms": 1778055043603, "event_type": "POINT_IN_TIME", "key": "eval_accuracy", "value": 3.306302070617676, "metadata": {"file": "/opt/venv/lib/python3.12/site-packages/primus_mllog/mlperf_pre_training.py", "lineno": 156, "samples_count": 184320}}
:::MLLOG {"namespace": "", "time_ms": 1778055043603, "event_type": "INTERVAL_END", "key": "eval_stop", "value": null, "metadata": {"file": "/opt/venv/lib/python3.12/site-packages/primus_mllog/mlperf_pre_training.py", "lineno": 170, "samples_count": 184320}}
:::MLLOG {"namespace": "", "time_ms": 1778055043603, "event_type": "INTERVAL_START", "key": "block_start", "value": null, "metadata": {"file": "/opt/venv/lib/python3.12/site-packages/primus_mllog/mlperf_pre_training.py", "lineno": 174, "samples_count": 184320}}
:::MLLOG {"namespace": "", "time_ms": 1778055387537, "event_type": "INTERVAL_END", "key": "block_stop", "value": null, "metadata": {"file": "/opt/venv/lib/python3.12/site-packages/primus_mllog/mlperf_pre_training.py", "lineno": 139, "samples_count": 196608}}
:::MLLOG {"namespace": "", "time_ms": 1778055387538, "event_type": "INTERVAL_START", "key": "eval_start", "value": null, "metadata": {"file": "/opt/venv/lib/python3.12/site-packages/primus_mllog/mlperf_pre_training.py", "lineno": 141, "samples_count": 196608}}
:::MLLOG {"namespace": "", "time_ms": 1778055396883, "event_type": "POINT_IN_TIME", "key": "eval_accuracy", "value": 3.28376841545105, "metadata": {"file": "/opt/venv/lib/python3.12/site-packages/primus_mllog/mlperf_pre_training.py", "lineno": 156, "samples_count": 196608}}
:::MLLOG {"namespace": "", "time_ms": 1778055396884, "event_type": "INTERVAL_END", "key": "eval_stop", "value": null, "metadata": {"file": "/opt/venv/lib/python3.12/site-packages/primus_mllog/mlperf_pre_training.py", "lineno": 170, "samples_count": 196608}}
:::MLLOG {"namespace": "", "time_ms": 1778055396892, "event_type": "INTERVAL_END", "key": "epoch_stop", "value": null, "metadata": {"file": "/opt/venv/lib/python3.12/site-packages/primus_mllog/mlperf_pre_training.py", "lineno": 220, "samples_count": 196608}}
:::MLLOG {"namespace": "", "time_ms": 1778055396892, "event_type": "INTERVAL_END", "key": "run_stop", "value": null, "metadata": {"file": "/opt/venv/lib/python3.12/site-packages/primus_mllog/mlperf_pre_training.py", "lineno": 224, "samples_count": 196608, "status": "success"}}
:::MLLOG {"namespace": "", "time_ms": 1778055416428, "event_type": "POINT_IN_TIME", "key": "run_duration", "value": "5656.61s -> 94.28 minutes", "metadata": {"file": "/opt/venv/lib/python3.12/site-packages/primus_mllog/mlperf_pre_training.py", "lineno": 87, "samples": 196608}}
:::MLLOG {"namespace": "", "time_ms": 1778055416429, "event_type": "POINT_IN_TIME", "key": "overall_throughput", "value": 34.76, "metadata": {"file": "/opt/venv/lib/python3.12/site-packages/primus_mllog/mlperf_pre_training.py", "lineno": 92, "samples": 196608}}
:::MLLOG {"namespace": "", "time_ms": 1778055503206, "event_type": "POINT_IN_TIME", "key": "global_batch_size", "value": 32, "metadata": {"file": "/opt/venv/lib/python3.12/site-packages/primus_mllog/mlperf_pre_training.py", "lineno": 66}}
:::MLLOG {"namespace": "", "time_ms": 1778055503206, "event_type": "POINT_IN_TIME", "key": "gradient_accumulation_steps", "value": 2, "metadata": {"file": "/opt/venv/lib/python3.12/site-packages/primus_mllog/mlperf_pre_training.py", "lineno": 66}}
:::MLLOG {"namespace": "", "time_ms": 1778055503207, "event_type": "POINT_IN_TIME", "key": "max_sequence_length", "value": 8192, "metadata": {"file": "/opt/venv/lib/python3.12/site-packages/primus_mllog/mlperf_pre_training.py", "lineno": 66}}
:::MLLOG {"namespace": "", "time_ms": 1778055503207, "event_type": "POINT_IN_TIME", "key": "train_samples", "value": 38400000, "metadata": {"file": "/opt/venv/lib/python3.12/site-packages/primus_mllog/mlperf_pre_training.py", "lineno": 66}}
:::MLLOG {"namespace": "", "time_ms": 1778055503207, "event_type": "POINT_IN_TIME", "key": "eval_samples", "value": 1024, "metadata": {"file": "/opt/venv/lib/python3.12/site-packages/primus_mllog/mlperf_pre_training.py", "lineno": 66}}
:::MLLOG {"namespace": "", "time_ms": 1778055503207, "event_type": "POINT_IN_TIME", "key": "seed", "value": 18440, "metadata": {"file": "/opt/venv/lib/python3.12/site-packages/primus_mllog/mlperf_pre_training.py", "lineno": 66}}
:::MLLOG {"namespace": "", "time_ms": 1778055503207, "event_type": "POINT_IN_TIME", "key": "init_checkpoint_step", "value": 0, "metadata": {"file": "/opt/venv/lib/python3.12/site-packages/primus_mllog/mlperf_pre_training.py", "lineno": 66}}
:::MLLOG {"namespace": "", "time_ms": 1778055503207, "event_type": "POINT_IN_TIME", "key": "opt_name", "value": "adamw", "metadata": {"file": "/opt/venv/lib/python3.12/site-packages/primus_mllog/mlperf_pre_training.py", "lineno": 66}}
:::MLLOG {"namespace": "", "time_ms": 1778055503207, "event_type": "POINT_IN_TIME", "key": "opt_base_learning_rate", "value": 0.0008, "metadata": {"file": "/opt/venv/lib/python3.12/site-packages/primus_mllog/mlperf_pre_training.py", "lineno": 66}}
:::MLLOG {"namespace": "", "time_ms": 1778055503207, "event_type": "POINT_IN_TIME", "key": "opt_adamw_beta_1", "value": 0.9, "metadata": {"file": "/opt/venv/lib/python3.12/site-packages/primus_mllog/mlperf_pre_training.py", "lineno": 66}}
:::MLLOG {"namespace": "", "time_ms": 1778055503207, "event_type": "POINT_IN_TIME", "key": "opt_adamw_beta_2", "value": 0.95, "metadata": {"file": "/opt/venv/lib/python3.12/site-packages/primus_mllog/mlperf_pre_training.py", "lineno": 66}}
:::MLLOG {"namespace": "", "time_ms": 1778055503207, "event_type": "POINT_IN_TIME", "key": "opt_adamw_epsilon", "value": 1e-05, "metadata": {"file": "/opt/venv/lib/python3.12/site-packages/primus_mllog/mlperf_pre_training.py", "lineno": 66}}
:::MLLOG {"namespace": "", "time_ms": 1778055503207, "event_type": "POINT_IN_TIME", "key": "opt_adamw_weight_decay", "value": 0.1, "metadata": {"file": "/opt/venv/lib/python3.12/site-packages/primus_mllog/mlperf_pre_training.py", "lineno": 66}}
:::MLLOG {"namespace": "", "time_ms": 1778055503207, "event_type": "POINT_IN_TIME", "key": "opt_gradient_clip_norm", "value": 1.0, "metadata": {"file": "/opt/venv/lib/python3.12/site-packages/primus_mllog/mlperf_pre_training.py", "lineno": 66}}
:::MLLOG {"namespace": "", "time_ms": 1778055503207, "event_type": "POINT_IN_TIME", "key": "opt_end_learning_rate", "value": 8e-05, "metadata": {"file": "/opt/venv/lib/python3.12/site-packages/primus_mllog/mlperf_pre_training.py", "lineno": 66}}
:::MLLOG {"namespace": "", "time_ms": 1778055503207, "event_type": "POINT_IN_TIME", "key": "opt_learning_rate_warmup_steps", "value": 64, "metadata": {"file": "/opt/venv/lib/python3.12/site-packages/primus_mllog/mlperf_pre_training.py", "lineno": 66}}
:::MLLOG {"namespace": "", "time_ms": 1778055503207, "event_type": "POINT_IN_TIME", "key": "opt_learning_rate_decay_steps", "value": 1199936, "metadata": {"file": "/opt/venv/lib/python3.12/site-packages/primus_mllog/mlperf_pre_training.py", "lineno": 66}}
:::MLLOG {"namespace": "", "time_ms": 1778055503207, "event_type": "POINT_IN_TIME", "key": "opt_learning_rate_decay_schedule", "value": "cosine with linear warmup", "metadata": {"file": "/opt/venv/lib/python3.12/site-packages/primus_mllog/mlperf_pre_training.py", "lineno": 66}}
:::MLLOG {"namespace": "", "time_ms": 1778055503207, "event_type": "POINT_IN_TIME", "key": "max_steps", "value": 1200000, "metadata": {"file": "/opt/venv/lib/python3.12/site-packages/primus_mllog/mlperf_pre_training.py", "lineno": 66}}
:::MLLOG {"namespace": "", "time_ms": 1778055503207, "event_type": "POINT_IN_TIME", "key": "submission_benchmark", "value": "llama31_8b", "metadata": {"file": "/opt/venv/lib/python3.12/site-packages/primus_mllog/mlperf_pre_training.py", "lineno": 66}}
:::MLLOG {"namespace": "", "time_ms": 1778055503207, "event_type": "POINT_IN_TIME", "key": "submission_division", "value": "closed", "metadata": {"file": "/opt/venv/lib/python3.12/site-packages/primus_mllog/mlperf_pre_training.py", "lineno": 66}}
:::MLLOG {"namespace": "", "time_ms": 1778055503207, "event_type": "POINT_IN_TIME", "key": "submission_status", "value": "", "metadata": {"file": "/opt/venv/lib/python3.12/site-packages/primus_mllog/mlperf_pre_training.py", "lineno": 66}}
:::MLLOG {"namespace": "", "time_ms": 1778055503207, "event_type": "POINT_IN_TIME", "key": "submission_org", "value": "AMD", "metadata": {"file": "/opt/venv/lib/python3.12/site-packages/primus_mllog/mlperf_pre_training.py", "lineno": 66}}
:::MLLOG {"namespace": "", "time_ms": 1778055503207, "event_type": "POINT_IN_TIME", "key": "submission_platform", "value": "MI355X", "metadata": {"file": "/opt/venv/lib/python3.12/site-packages/primus_mllog/mlperf_pre_training.py", "lineno": 66}}
:::MLLOG {"namespace": "", "time_ms": 1778055503207, "event_type": "INTERVAL_END", "key": "init_stop", "value": null, "metadata": {"file": "/opt/venv/lib/python3.12/site-packages/primus_mllog/mlperf_pre_training.py", "lineno": 68}}
:::MLLOG {"namespace": "", "time_ms": 1778055567993, "event_type": "INTERVAL_START", "key": "run_start", "value": null, "metadata": {"file": "/opt/venv/lib/python3.12/site-packages/primus_mllog/mlperf_pre_training.py", "lineno": 193}}
:::MLLOG {"namespace": "", "time_ms": 1778055567994, "event_type": "INTERVAL_START", "key": "epoch_start", "value": null, "metadata": {"file": "/opt/venv/lib/python3.12/site-packages/primus_mllog/mlperf_pre_training.py", "lineno": 196, "samples_count": 0}}
:::MLLOG {"namespace": "", "time_ms": 1778055567994, "event_type": "INTERVAL_START", "key": "block_start", "value": null, "metadata": {"file": "/opt/venv/lib/python3.12/site-packages/primus_mllog/mlperf_pre_training.py", "lineno": 198, "samples_count": 0}}
:::MLLOG {"namespace": "", "time_ms": 1778055911247, "event_type": "INTERVAL_END", "key": "block_stop", "value": null, "metadata": {"file": "/opt/venv/lib/python3.12/site-packages/primus_mllog/mlperf_pre_training.py", "lineno": 139, "samples_count": 12288}}
:::MLLOG {"namespace": "", "time_ms": 1778055911248, "event_type": "INTERVAL_START", "key": "eval_start", "value": null, "metadata": {"file": "/opt/venv/lib/python3.12/site-packages/primus_mllog/mlperf_pre_training.py", "lineno": 141, "samples_count": 12288}}
:::MLLOG {"namespace": "", "time_ms": 1778055921907, "event_type": "POINT_IN_TIME", "key": "eval_accuracy", "value": 5.836181640625, "metadata": {"file": "/opt/venv/lib/python3.12/site-packages/primus_mllog/mlperf_pre_training.py", "lineno": 156, "samples_count": 12288}}
:::MLLOG {"namespace": "", "time_ms": 1778055921908, "event_type": "INTERVAL_END", "key": "eval_stop", "value": null, "metadata": {"file": "/opt/venv/lib/python3.12/site-packages/primus_mllog/mlperf_pre_training.py", "lineno": 170, "samples_count": 12288}}
:::MLLOG {"namespace": "", "time_ms": 1778055921908, "event_type": "INTERVAL_START", "key": "block_start", "value": null, "metadata": {"file": "/opt/venv/lib/python3.12/site-packages/primus_mllog/mlperf_pre_training.py", "lineno": 174, "samples_count": 12288}}
:::MLLOG {"namespace": "", "time_ms": 1778056267156, "event_type": "INTERVAL_END", "key": "block_stop", "value": null, "metadata": {"file": "/opt/venv/lib/python3.12/site-packages/primus_mllog/mlperf_pre_training.py", "lineno": 139, "samples_count": 24576}}
:::MLLOG {"namespace": "", "time_ms": 1778056267156, "event_type": "INTERVAL_START", "key": "eval_start", "value": null, "metadata": {"file": "/opt/venv/lib/python3.12/site-packages/primus_mllog/mlperf_pre_training.py", "lineno": 141, "samples_count": 24576}}
:::MLLOG {"namespace": "", "time_ms": 1778056276430, "event_type": "POINT_IN_TIME", "key": "eval_accuracy", "value": 4.568559169769287, "metadata": {"file": "/opt/venv/lib/python3.12/site-packages/primus_mllog/mlperf_pre_training.py", "lineno": 156, "samples_count": 24576}}
:::MLLOG {"namespace": "", "time_ms": 1778056276430, "event_type": "INTERVAL_END", "key": "eval_stop", "value": null, "metadata": {"file": "/opt/venv/lib/python3.12/site-packages/primus_mllog/mlperf_pre_training.py", "lineno": 170, "samples_count": 24576}}
:::MLLOG {"namespace": "", "time_ms": 1778056276430, "event_type": "INTERVAL_START", "key": "block_start", "value": null, "metadata": {"file": "/opt/venv/lib/python3.12/site-packages/primus_mllog/mlperf_pre_training.py", "lineno": 174, "samples_count": 24576}}
:::MLLOG {"namespace": "", "time_ms": 1778056622362, "event_type": "INTERVAL_END", "key": "block_stop", "value": null, "metadata": {"file": "/opt/venv/lib/python3.12/site-packages/primus_mllog/mlperf_pre_training.py", "lineno": 139, "samples_count": 36864}}
:::MLLOG {"namespace": "", "time_ms": 1778056622363, "event_type": "INTERVAL_START", "key": "eval_start", "value": null, "metadata": {"file": "/opt/venv/lib/python3.12/site-packages/primus_mllog/mlperf_pre_training.py", "lineno": 141, "samples_count": 36864}}
:::MLLOG {"namespace": "", "time_ms": 1778056631590, "event_type": "POINT_IN_TIME", "key": "eval_accuracy", "value": 4.12834358215332, "metadata": {"file": "/opt/venv/lib/python3.12/site-packages/primus_mllog/mlperf_pre_training.py", "lineno": 156, "samples_count": 36864}}
:::MLLOG {"namespace": "", "time_ms": 1778056631591, "event_type": "INTERVAL_END", "key": "eval_stop", "value": null, "metadata": {"file": "/opt/venv/lib/python3.12/site-packages/primus_mllog/mlperf_pre_training.py", "lineno": 170, "samples_count": 36864}}
:::MLLOG {"namespace": "", "time_ms": 1778056631591, "event_type": "INTERVAL_START", "key": "block_start", "value": null, "metadata": {"file": "/opt/venv/lib/python3.12/site-packages/primus_mllog/mlperf_pre_training.py", "lineno": 174, "samples_count": 36864}}
:::MLLOG {"namespace": "", "time_ms": 1778056976947, "event_type": "INTERVAL_END", "key": "block_stop", "value": null, "metadata": {"file": "/opt/venv/lib/python3.12/site-packages/primus_mllog/mlperf_pre_training.py", "lineno": 139, "samples_count": 49152}}
:::MLLOG {"namespace": "", "time_ms": 1778056976947, "event_type": "INTERVAL_START", "key": "eval_start", "value": null, "metadata": {"file": "/opt/venv/lib/python3.12/site-packages/primus_mllog/mlperf_pre_training.py", "lineno": 141, "samples_count": 49152}}
:::MLLOG {"namespace": "", "time_ms": 1778056986214, "event_type": "POINT_IN_TIME", "key": "eval_accuracy", "value": 3.9274983406066895, "metadata": {"file": "/opt/venv/lib/python3.12/site-packages/primus_mllog/mlperf_pre_training.py", "lineno": 156, "samples_count": 49152}}
:::MLLOG {"namespace": "", "time_ms": 1778056986214, "event_type": "INTERVAL_END", "key": "eval_stop", "value": null, "metadata": {"file": "/opt/venv/lib/python3.12/site-packages/primus_mllog/mlperf_pre_training.py", "lineno": 170, "samples_count": 49152}}
:::MLLOG {"namespace": "", "time_ms": 1778056986214, "event_type": "INTERVAL_START", "key": "block_start", "value": null, "metadata": {"file": "/opt/venv/lib/python3.12/site-packages/primus_mllog/mlperf_pre_training.py", "lineno": 174, "samples_count": 49152}}
:::MLLOG {"namespace": "", "time_ms": 1778057329880, "event_type": "INTERVAL_END", "key": "block_stop", "value": null, "metadata": {"file": "/opt/venv/lib/python3.12/site-packages/primus_mllog/mlperf_pre_training.py", "lineno": 139, "samples_count": 61440}}
:::MLLOG {"namespace": "", "time_ms": 1778057329880, "event_type": "INTERVAL_START", "key": "eval_start", "value": null, "metadata": {"file": "/opt/venv/lib/python3.12/site-packages/primus_mllog/mlperf_pre_training.py", "lineno": 141, "samples_count": 61440}}
:::MLLOG {"namespace": "", "time_ms": 1778057339187, "event_type": "POINT_IN_TIME", "key": "eval_accuracy", "value": 3.7791059017181396, "metadata": {"file": "/opt/venv/lib/python3.12/site-packages/primus_mllog/mlperf_pre_training.py", "lineno": 156, "samples_count": 61440}}
:::MLLOG {"namespace": "", "time_ms": 1778057339188, "event_type": "INTERVAL_END", "key": "eval_stop", "value": null, "metadata": {"file": "/opt/venv/lib/python3.12/site-packages/primus_mllog/mlperf_pre_training.py", "lineno": 170, "samples_count": 61440}}
:::MLLOG {"namespace": "", "time_ms": 1778057339188, "event_type": "INTERVAL_START", "key": "block_start", "value": null, "metadata": {"file": "/opt/venv/lib/python3.12/site-packages/primus_mllog/mlperf_pre_training.py", "lineno": 174, "samples_count": 61440}}
:::MLLOG {"namespace": "", "time_ms": 1778057683163, "event_type": "INTERVAL_END", "key": "block_stop", "value": null, "metadata": {"file": "/opt/venv/lib/python3.12/site-packages/primus_mllog/mlperf_pre_training.py", "lineno": 139, "samples_count": 73728}}
:::MLLOG {"namespace": "", "time_ms": 1778057683163, "event_type": "INTERVAL_START", "key": "eval_start", "value": null, "metadata": {"file": "/opt/venv/lib/python3.12/site-packages/primus_mllog/mlperf_pre_training.py", "lineno": 141, "samples_count": 73728}}
:::MLLOG {"namespace": "", "time_ms": 1778057692508, "event_type": "POINT_IN_TIME", "key": "eval_accuracy", "value": 3.6997673511505127, "metadata": {"file": "/opt/venv/lib/python3.12/site-packages/primus_mllog/mlperf_pre_training.py", "lineno": 156, "samples_count": 73728}}
:::MLLOG {"namespace": "", "time_ms": 1778057692508, "event_type": "INTERVAL_END", "key": "eval_stop", "value": null, "metadata": {"file": "/opt/venv/lib/python3.12/site-packages/primus_mllog/mlperf_pre_training.py", "lineno": 170, "samples_count": 73728}}
:::MLLOG {"namespace": "", "time_ms": 1778057692508, "event_type": "INTERVAL_START", "key": "block_start", "value": null, "metadata": {"file": "/opt/venv/lib/python3.12/site-packages/primus_mllog/mlperf_pre_training.py", "lineno": 174, "samples_count": 73728}}
:::MLLOG {"namespace": "", "time_ms": 1778058037045, "event_type": "INTERVAL_END", "key": "block_stop", "value": null, "metadata": {"file": "/opt/venv/lib/python3.12/site-packages/primus_mllog/mlperf_pre_training.py", "lineno": 139, "samples_count": 86016}}
:::MLLOG {"namespace": "", "time_ms": 1778058037045, "event_type": "INTERVAL_START", "key": "eval_start", "value": null, "metadata": {"file": "/opt/venv/lib/python3.12/site-packages/primus_mllog/mlperf_pre_training.py", "lineno": 141, "samples_count": 86016}}
:::MLLOG {"namespace": "", "time_ms": 1778058046445, "event_type": "POINT_IN_TIME", "key": "eval_accuracy", "value": 3.608614444732666, "metadata": {"file": "/opt/venv/lib/python3.12/site-packages/primus_mllog/mlperf_pre_training.py", "lineno": 156, "samples_count": 86016}}
:::MLLOG {"namespace": "", "time_ms": 1778058046445, "event_type": "INTERVAL_END", "key": "eval_stop", "value": null, "metadata": {"file": "/opt/venv/lib/python3.12/site-packages/primus_mllog/mlperf_pre_training.py", "lineno": 170, "samples_count": 86016}}
:::MLLOG {"namespace": "", "time_ms": 1778058046445, "event_type": "INTERVAL_START", "key": "block_start", "value": null, "metadata": {"file": "/opt/venv/lib/python3.12/site-packages/primus_mllog/mlperf_pre_training.py", "lineno": 174, "samples_count": 86016}}
:::MLLOG {"namespace": "", "time_ms": 1778058390043, "event_type": "INTERVAL_END", "key": "block_stop", "value": null, "metadata": {"file": "/opt/venv/lib/python3.12/site-packages/primus_mllog/mlperf_pre_training.py", "lineno": 139, "samples_count": 98304}}
:::MLLOG {"namespace": "", "time_ms": 1778058390044, "event_type": "INTERVAL_START", "key": "eval_start", "value": null, "metadata": {"file": "/opt/venv/lib/python3.12/site-packages/primus_mllog/mlperf_pre_training.py", "lineno": 141, "samples_count": 98304}}
:::MLLOG {"namespace": "", "time_ms": 1778058399317, "event_type": "POINT_IN_TIME", "key": "eval_accuracy", "value": 3.549257755279541, "metadata": {"file": "/opt/venv/lib/python3.12/site-packages/primus_mllog/mlperf_pre_training.py", "lineno": 156, "samples_count": 98304}}
:::MLLOG {"namespace": "", "time_ms": 1778058399317, "event_type": "INTERVAL_END", "key": "eval_stop", "value": null, "metadata": {"file": "/opt/venv/lib/python3.12/site-packages/primus_mllog/mlperf_pre_training.py", "lineno": 170, "samples_count": 98304}}
:::MLLOG {"namespace": "", "time_ms": 1778058399317, "event_type": "INTERVAL_START", "key": "block_start", "value": null, "metadata": {"file": "/opt/venv/lib/python3.12/site-packages/primus_mllog/mlperf_pre_training.py", "lineno": 174, "samples_count": 98304}}
:::MLLOG {"namespace": "", "time_ms": 1778058744070, "event_type": "INTERVAL_END", "key": "block_stop", "value": null, "metadata": {"file": "/opt/venv/lib/python3.12/site-packages/primus_mllog/mlperf_pre_training.py", "lineno": 139, "samples_count": 110592}}
:::MLLOG {"namespace": "", "time_ms": 1778058744070, "event_type": "INTERVAL_START", "key": "eval_start", "value": null, "metadata": {"file": "/opt/venv/lib/python3.12/site-packages/primus_mllog/mlperf_pre_training.py", "lineno": 141, "samples_count": 110592}}
:::MLLOG {"namespace": "", "time_ms": 1778058753361, "event_type": "POINT_IN_TIME", "key": "eval_accuracy", "value": 3.4990346431732178, "metadata": {"file": "/opt/venv/lib/python3.12/site-packages/primus_mllog/mlperf_pre_training.py", "lineno": 156, "samples_count": 110592}}
:::MLLOG {"namespace": "", "time_ms": 1778058753361, "event_type": "INTERVAL_END", "key": "eval_stop", "value": null, "metadata": {"file": "/opt/venv/lib/python3.12/site-packages/primus_mllog/mlperf_pre_training.py", "lineno": 170, "samples_count": 110592}}
:::MLLOG {"namespace": "", "time_ms": 1778058753361, "event_type": "INTERVAL_START", "key": "block_start", "value": null, "metadata": {"file": "/opt/venv/lib/python3.12/site-packages/primus_mllog/mlperf_pre_training.py", "lineno": 174, "samples_count": 110592}}
:::MLLOG {"namespace": "", "time_ms": 1778059096531, "event_type": "INTERVAL_END", "key": "block_stop", "value": null, "metadata": {"file": "/opt/venv/lib/python3.12/site-packages/primus_mllog/mlperf_pre_training.py", "lineno": 139, "samples_count": 122880}}
:::MLLOG {"namespace": "", "time_ms": 1778059096531, "event_type": "INTERVAL_START", "key": "eval_start", "value": null, "metadata": {"file": "/opt/venv/lib/python3.12/site-packages/primus_mllog/mlperf_pre_training.py", "lineno": 141, "samples_count": 122880}}
:::MLLOG {"namespace": "", "time_ms": 1778059105780, "event_type": "POINT_IN_TIME", "key": "eval_accuracy", "value": 3.4546170234680176, "metadata": {"file": "/opt/venv/lib/python3.12/site-packages/primus_mllog/mlperf_pre_training.py", "lineno": 156, "samples_count": 122880}}
:::MLLOG {"namespace": "", "time_ms": 1778059105781, "event_type": "INTERVAL_END", "key": "eval_stop", "value": null, "metadata": {"file": "/opt/venv/lib/python3.12/site-packages/primus_mllog/mlperf_pre_training.py", "lineno": 170, "samples_count": 122880}}
:::MLLOG {"namespace": "", "time_ms": 1778059105781, "event_type": "INTERVAL_START", "key": "block_start", "value": null, "metadata": {"file": "/opt/venv/lib/python3.12/site-packages/primus_mllog/mlperf_pre_training.py", "lineno": 174, "samples_count": 122880}}
:::MLLOG {"namespace": "", "time_ms": 1778059450410, "event_type": "INTERVAL_END", "key": "block_stop", "value": null, "metadata": {"file": "/opt/venv/lib/python3.12/site-packages/primus_mllog/mlperf_pre_training.py", "lineno": 139, "samples_count": 135168}}
:::MLLOG {"namespace": "", "time_ms": 1778059450410, "event_type": "INTERVAL_START", "key": "eval_start", "value": null, "metadata": {"file": "/opt/venv/lib/python3.12/site-packages/primus_mllog/mlperf_pre_training.py", "lineno": 141, "samples_count": 135168}}
:::MLLOG {"namespace": "", "time_ms": 1778059459714, "event_type": "POINT_IN_TIME", "key": "eval_accuracy", "value": 3.418191909790039, "metadata": {"file": "/opt/venv/lib/python3.12/site-packages/primus_mllog/mlperf_pre_training.py", "lineno": 156, "samples_count": 135168}}
:::MLLOG {"namespace": "", "time_ms": 1778059459714, "event_type": "INTERVAL_END", "key": "eval_stop", "value": null, "metadata": {"file": "/opt/venv/lib/python3.12/site-packages/primus_mllog/mlperf_pre_training.py", "lineno": 170, "samples_count": 135168}}
:::MLLOG {"namespace": "", "time_ms": 1778059459714, "event_type": "INTERVAL_START", "key": "block_start", "value": null, "metadata": {"file": "/opt/venv/lib/python3.12/site-packages/primus_mllog/mlperf_pre_training.py", "lineno": 174, "samples_count": 135168}}
:::MLLOG {"namespace": "", "time_ms": 1778059802893, "event_type": "INTERVAL_END", "key": "block_stop", "value": null, "metadata": {"file": "/opt/venv/lib/python3.12/site-packages/primus_mllog/mlperf_pre_training.py", "lineno": 139, "samples_count": 147456}}
:::MLLOG {"namespace": "", "time_ms": 1778059802893, "event_type": "INTERVAL_START", "key": "eval_start", "value": null, "metadata": {"file": "/opt/venv/lib/python3.12/site-packages/primus_mllog/mlperf_pre_training.py", "lineno": 141, "samples_count": 147456}}
:::MLLOG {"namespace": "", "time_ms": 1778059812134, "event_type": "POINT_IN_TIME", "key": "eval_accuracy", "value": 3.3877978324890137, "metadata": {"file": "/opt/venv/lib/python3.12/site-packages/primus_mllog/mlperf_pre_training.py", "lineno": 156, "samples_count": 147456}}
:::MLLOG {"namespace": "", "time_ms": 1778059812135, "event_type": "INTERVAL_END", "key": "eval_stop", "value": null, "metadata": {"file": "/opt/venv/lib/python3.12/site-packages/primus_mllog/mlperf_pre_training.py", "lineno": 170, "samples_count": 147456}}
:::MLLOG {"namespace": "", "time_ms": 1778059812135, "event_type": "INTERVAL_START", "key": "block_start", "value": null, "metadata": {"file": "/opt/venv/lib/python3.12/site-packages/primus_mllog/mlperf_pre_training.py", "lineno": 174, "samples_count": 147456}}
:::MLLOG {"namespace": "", "time_ms": 1778060156444, "event_type": "INTERVAL_END", "key": "block_stop", "value": null, "metadata": {"file": "/opt/venv/lib/python3.12/site-packages/primus_mllog/mlperf_pre_training.py", "lineno": 139, "samples_count": 159744}}
:::MLLOG {"namespace": "", "time_ms": 1778060156445, "event_type": "INTERVAL_START", "key": "eval_start", "value": null, "metadata": {"file": "/opt/venv/lib/python3.12/site-packages/primus_mllog/mlperf_pre_training.py", "lineno": 141, "samples_count": 159744}}
:::MLLOG {"namespace": "", "time_ms": 1778060165918, "event_type": "POINT_IN_TIME", "key": "eval_accuracy", "value": 3.361443281173706, "metadata": {"file": "/opt/venv/lib/python3.12/site-packages/primus_mllog/mlperf_pre_training.py", "lineno": 156, "samples_count": 159744}}
:::MLLOG {"namespace": "", "time_ms": 1778060165919, "event_type": "INTERVAL_END", "key": "eval_stop", "value": null, "metadata": {"file": "/opt/venv/lib/python3.12/site-packages/primus_mllog/mlperf_pre_training.py", "lineno": 170, "samples_count": 159744}}
:::MLLOG {"namespace": "", "time_ms": 1778060165919, "event_type": "INTERVAL_START", "key": "block_start", "value": null, "metadata": {"file": "/opt/venv/lib/python3.12/site-packages/primus_mllog/mlperf_pre_training.py", "lineno": 174, "samples_count": 159744}}
:::MLLOG {"namespace": "", "time_ms": 1778060509867, "event_type": "INTERVAL_END", "key": "block_stop", "value": null, "metadata": {"file": "/opt/venv/lib/python3.12/site-packages/primus_mllog/mlperf_pre_training.py", "lineno": 139, "samples_count": 172032}}
:::MLLOG {"namespace": "", "time_ms": 1778060509867, "event_type": "INTERVAL_START", "key": "eval_start", "value": null, "metadata": {"file": "/opt/venv/lib/python3.12/site-packages/primus_mllog/mlperf_pre_training.py", "lineno": 141, "samples_count": 172032}}
:::MLLOG {"namespace": "", "time_ms": 1778060519287, "event_type": "POINT_IN_TIME", "key": "eval_accuracy", "value": 3.3315329551696777, "metadata": {"file": "/opt/venv/lib/python3.12/site-packages/primus_mllog/mlperf_pre_training.py", "lineno": 156, "samples_count": 172032}}
:::MLLOG {"namespace": "", "time_ms": 1778060519287, "event_type": "INTERVAL_END", "key": "eval_stop", "value": null, "metadata": {"file": "/opt/venv/lib/python3.12/site-packages/primus_mllog/mlperf_pre_training.py", "lineno": 170, "samples_count": 172032}}
:::MLLOG {"namespace": "", "time_ms": 1778060519288, "event_type": "INTERVAL_START", "key": "block_start", "value": null, "metadata": {"file": "/opt/venv/lib/python3.12/site-packages/primus_mllog/mlperf_pre_training.py", "lineno": 174, "samples_count": 172032}}
:::MLLOG {"namespace": "", "time_ms": 1778060862931, "event_type": "INTERVAL_END", "key": "block_stop", "value": null, "metadata": {"file": "/opt/venv/lib/python3.12/site-packages/primus_mllog/mlperf_pre_training.py", "lineno": 139, "samples_count": 184320}}
:::MLLOG {"namespace": "", "time_ms": 1778060862932, "event_type": "INTERVAL_START", "key": "eval_start", "value": null, "metadata": {"file": "/opt/venv/lib/python3.12/site-packages/primus_mllog/mlperf_pre_training.py", "lineno": 141, "samples_count": 184320}}
:::MLLOG {"namespace": "", "time_ms": 1778060872360, "event_type": "POINT_IN_TIME", "key": "eval_accuracy", "value": 3.3045523166656494, "metadata": {"file": "/opt/venv/lib/python3.12/site-packages/primus_mllog/mlperf_pre_training.py", "lineno": 156, "samples_count": 184320}}
:::MLLOG {"namespace": "", "time_ms": 1778060872360, "event_type": "INTERVAL_END", "key": "eval_stop", "value": null, "metadata": {"file": "/opt/venv/lib/python3.12/site-packages/primus_mllog/mlperf_pre_training.py", "lineno": 170, "samples_count": 184320}}
:::MLLOG {"namespace": "", "time_ms": 1778060872360, "event_type": "INTERVAL_START", "key": "block_start", "value": null, "metadata": {"file": "/opt/venv/lib/python3.12/site-packages/primus_mllog/mlperf_pre_training.py", "lineno": 174, "samples_count": 184320}}
:::MLLOG {"namespace": "", "time_ms": 1778061216546, "event_type": "INTERVAL_END", "key": "block_stop", "value": null, "metadata": {"file": "/opt/venv/lib/python3.12/site-packages/primus_mllog/mlperf_pre_training.py", "lineno": 139, "samples_count": 196608}}
:::MLLOG {"namespace": "", "time_ms": 1778061216546, "event_type": "INTERVAL_START", "key": "eval_start", "value": null, "metadata": {"file": "/opt/venv/lib/python3.12/site-packages/primus_mllog/mlperf_pre_training.py", "lineno": 141, "samples_count": 196608}}
:::MLLOG {"namespace": "", "time_ms": 1778061225870, "event_type": "POINT_IN_TIME", "key": "eval_accuracy", "value": 3.2864418029785156, "metadata": {"file": "/opt/venv/lib/python3.12/site-packages/primus_mllog/mlperf_pre_training.py", "lineno": 156, "samples_count": 196608}}
:::MLLOG {"namespace": "", "time_ms": 1778061225871, "event_type": "INTERVAL_END", "key": "eval_stop", "value": null, "metadata": {"file": "/opt/venv/lib/python3.12/site-packages/primus_mllog/mlperf_pre_training.py", "lineno": 170, "samples_count": 196608}}
:::MLLOG {"namespace": "", "time_ms": 1778061225878, "event_type": "INTERVAL_END", "key": "epoch_stop", "value": null, "metadata": {"file": "/opt/venv/lib/python3.12/site-packages/primus_mllog/mlperf_pre_training.py", "lineno": 220, "samples_count": 196608}}
:::MLLOG {"namespace": "", "time_ms": 1778061225878, "event_type": "INTERVAL_END", "key": "run_stop", "value": null, "metadata": {"file": "/opt/venv/lib/python3.12/site-packages/primus_mllog/mlperf_pre_training.py", "lineno": 224, "samples_count": 196608, "status": "success"}}
:::MLLOG {"namespace": "", "time_ms": 1778061245244, "event_type": "POINT_IN_TIME", "key": "run_duration", "value": "5657.88s -> 94.3 minutes", "metadata": {"file": "/opt/venv/lib/python3.12/site-packages/primus_mllog/mlperf_pre_training.py", "lineno": 87, "samples": 196608}}
:::MLLOG {"namespace": "", "time_ms": 1778061245245, "event_type": "POINT_IN_TIME", "key": "overall_throughput", "value": 34.75, "metadata": {"file": "/opt/venv/lib/python3.12/site-packages/primus_mllog/mlperf_pre_training.py", "lineno": 92, "samples": 196608}}
:::MLLOG {"namespace": "", "time_ms": 1778061332658, "event_type": "POINT_IN_TIME", "key": "global_batch_size", "value": 32, "metadata": {"file": "/opt/venv/lib/python3.12/site-packages/primus_mllog/mlperf_pre_training.py", "lineno": 66}}
:::MLLOG {"namespace": "", "time_ms": 1778061332658, "event_type": "POINT_IN_TIME", "key": "gradient_accumulation_steps", "value": 2, "metadata": {"file": "/opt/venv/lib/python3.12/site-packages/primus_mllog/mlperf_pre_training.py", "lineno": 66}}
:::MLLOG {"namespace": "", "time_ms": 1778061332658, "event_type": "POINT_IN_TIME", "key": "max_sequence_length", "value": 8192, "metadata": {"file": "/opt/venv/lib/python3.12/site-packages/primus_mllog/mlperf_pre_training.py", "lineno": 66}}
:::MLLOG {"namespace": "", "time_ms": 1778061332658, "event_type": "POINT_IN_TIME", "key": "train_samples", "value": 38400000, "metadata": {"file": "/opt/venv/lib/python3.12/site-packages/primus_mllog/mlperf_pre_training.py", "lineno": 66}}
:::MLLOG {"namespace": "", "time_ms": 1778061332658, "event_type": "POINT_IN_TIME", "key": "eval_samples", "value": 1024, "metadata": {"file": "/opt/venv/lib/python3.12/site-packages/primus_mllog/mlperf_pre_training.py", "lineno": 66}}
:::MLLOG {"namespace": "", "time_ms": 1778061332659, "event_type": "POINT_IN_TIME", "key": "seed", "value": 29465, "metadata": {"file": "/opt/venv/lib/python3.12/site-packages/primus_mllog/mlperf_pre_training.py", "lineno": 66}}
:::MLLOG {"namespace": "", "time_ms": 1778061332659, "event_type": "POINT_IN_TIME", "key": "init_checkpoint_step", "value": 0, "metadata": {"file": "/opt/venv/lib/python3.12/site-packages/primus_mllog/mlperf_pre_training.py", "lineno": 66}}
:::MLLOG {"namespace": "", "time_ms": 1778061332659, "event_type": "POINT_IN_TIME", "key": "opt_name", "value": "adamw", "metadata": {"file": "/opt/venv/lib/python3.12/site-packages/primus_mllog/mlperf_pre_training.py", "lineno": 66}}
:::MLLOG {"namespace": "", "time_ms": 1778061332659, "event_type": "POINT_IN_TIME", "key": "opt_base_learning_rate", "value": 0.0008, "metadata": {"file": "/opt/venv/lib/python3.12/site-packages/primus_mllog/mlperf_pre_training.py", "lineno": 66}}
:::MLLOG {"namespace": "", "time_ms": 1778061332659, "event_type": "POINT_IN_TIME", "key": "opt_adamw_beta_1", "value": 0.9, "metadata": {"file": "/opt/venv/lib/python3.12/site-packages/primus_mllog/mlperf_pre_training.py", "lineno": 66}}
:::MLLOG {"namespace": "", "time_ms": 1778061332659, "event_type": "POINT_IN_TIME", "key": "opt_adamw_beta_2", "value": 0.95, "metadata": {"file": "/opt/venv/lib/python3.12/site-packages/primus_mllog/mlperf_pre_training.py", "lineno": 66}}
:::MLLOG {"namespace": "", "time_ms": 1778061332659, "event_type": "POINT_IN_TIME", "key": "opt_adamw_epsilon", "value": 1e-05, "metadata": {"file": "/opt/venv/lib/python3.12/site-packages/primus_mllog/mlperf_pre_training.py", "lineno": 66}}
:::MLLOG {"namespace": "", "time_ms": 1778061332659, "event_type": "POINT_IN_TIME", "key": "opt_adamw_weight_decay", "value": 0.1, "metadata": {"file": "/opt/venv/lib/python3.12/site-packages/primus_mllog/mlperf_pre_training.py", "lineno": 66}}
:::MLLOG {"namespace": "", "time_ms": 1778061332659, "event_type": "POINT_IN_TIME", "key": "opt_gradient_clip_norm", "value": 1.0, "metadata": {"file": "/opt/venv/lib/python3.12/site-packages/primus_mllog/mlperf_pre_training.py", "lineno": 66}}
:::MLLOG {"namespace": "", "time_ms": 1778061332659, "event_type": "POINT_IN_TIME", "key": "opt_end_learning_rate", "value": 8e-05, "metadata": {"file": "/opt/venv/lib/python3.12/site-packages/primus_mllog/mlperf_pre_training.py", "lineno": 66}}
:::MLLOG {"namespace": "", "time_ms": 1778061332659, "event_type": "POINT_IN_TIME", "key": "opt_learning_rate_warmup_steps", "value": 64, "metadata": {"file": "/opt/venv/lib/python3.12/site-packages/primus_mllog/mlperf_pre_training.py", "lineno": 66}}
:::MLLOG {"namespace": "", "time_ms": 1778061332659, "event_type": "POINT_IN_TIME", "key": "opt_learning_rate_decay_steps", "value": 1199936, "metadata": {"file": "/opt/venv/lib/python3.12/site-packages/primus_mllog/mlperf_pre_training.py", "lineno": 66}}
:::MLLOG {"namespace": "", "time_ms": 1778061332659, "event_type": "POINT_IN_TIME", "key": "opt_learning_rate_decay_schedule", "value": "cosine with linear warmup", "metadata": {"file": "/opt/venv/lib/python3.12/site-packages/primus_mllog/mlperf_pre_training.py", "lineno": 66}}
:::MLLOG {"namespace": "", "time_ms": 1778061332659, "event_type": "POINT_IN_TIME", "key": "max_steps", "value": 1200000, "metadata": {"file": "/opt/venv/lib/python3.12/site-packages/primus_mllog/mlperf_pre_training.py", "lineno": 66}}
:::MLLOG {"namespace": "", "time_ms": 1778061332659, "event_type": "POINT_IN_TIME", "key": "submission_benchmark", "value": "llama31_8b", "metadata": {"file": "/opt/venv/lib/python3.12/site-packages/primus_mllog/mlperf_pre_training.py", "lineno": 66}}
:::MLLOG {"namespace": "", "time_ms": 1778061332659, "event_type": "POINT_IN_TIME", "key": "submission_division", "value": "closed", "metadata": {"file": "/opt/venv/lib/python3.12/site-packages/primus_mllog/mlperf_pre_training.py", "lineno": 66}}
:::MLLOG {"namespace": "", "time_ms": 1778061332659, "event_type": "POINT_IN_TIME", "key": "submission_status", "value": "", "metadata": {"file": "/opt/venv/lib/python3.12/site-packages/primus_mllog/mlperf_pre_training.py", "lineno": 66}}
:::MLLOG {"namespace": "", "time_ms": 1778061332659, "event_type": "POINT_IN_TIME", "key": "submission_org", "value": "AMD", "metadata": {"file": "/opt/venv/lib/python3.12/site-packages/primus_mllog/mlperf_pre_training.py", "lineno": 66}}
:::MLLOG {"namespace": "", "time_ms": 1778061332659, "event_type": "POINT_IN_TIME", "key": "submission_platform", "value": "MI355X", "metadata": {"file": "/opt/venv/lib/python3.12/site-packages/primus_mllog/mlperf_pre_training.py", "lineno": 66}}
:::MLLOG {"namespace": "", "time_ms": 1778061332659, "event_type": "INTERVAL_END", "key": "init_stop", "value": null, "metadata": {"file": "/opt/venv/lib/python3.12/site-packages/primus_mllog/mlperf_pre_training.py", "lineno": 68}}
:::MLLOG {"namespace": "", "time_ms": 1778061394647, "event_type": "INTERVAL_START", "key": "run_start", "value": null, "metadata": {"file": "/opt/venv/lib/python3.12/site-packages/primus_mllog/mlperf_pre_training.py", "lineno": 193}}
:::MLLOG {"namespace": "", "time_ms": 1778061394648, "event_type": "INTERVAL_START", "key": "epoch_start", "value": null, "metadata": {"file": "/opt/venv/lib/python3.12/site-packages/primus_mllog/mlperf_pre_training.py", "lineno": 196, "samples_count": 0}}
:::MLLOG {"namespace": "", "time_ms": 1778061394648, "event_type": "INTERVAL_START", "key": "block_start", "value": null, "metadata": {"file": "/opt/venv/lib/python3.12/site-packages/primus_mllog/mlperf_pre_training.py", "lineno": 198, "samples_count": 0}}
:::MLLOG {"namespace": "", "time_ms": 1778061738228, "event_type": "INTERVAL_END", "key": "block_stop", "value": null, "metadata": {"file": "/opt/venv/lib/python3.12/site-packages/primus_mllog/mlperf_pre_training.py", "lineno": 139, "samples_count": 12288}}
:::MLLOG {"namespace": "", "time_ms": 1778061738229, "event_type": "INTERVAL_START", "key": "eval_start", "value": null, "metadata": {"file": "/opt/venv/lib/python3.12/site-packages/primus_mllog/mlperf_pre_training.py", "lineno": 141, "samples_count": 12288}}
:::MLLOG {"namespace": "", "time_ms": 1778061749364, "event_type": "POINT_IN_TIME", "key": "eval_accuracy", "value": 5.8586297035217285, "metadata": {"file": "/opt/venv/lib/python3.12/site-packages/primus_mllog/mlperf_pre_training.py", "lineno": 156, "samples_count": 12288}}
:::MLLOG {"namespace": "", "time_ms": 1778061749365, "event_type": "INTERVAL_END", "key": "eval_stop", "value": null, "metadata": {"file": "/opt/venv/lib/python3.12/site-packages/primus_mllog/mlperf_pre_training.py", "lineno": 170, "samples_count": 12288}}
:::MLLOG {"namespace": "", "time_ms": 1778061749365, "event_type": "INTERVAL_START", "key": "block_start", "value": null, "metadata": {"file": "/opt/venv/lib/python3.12/site-packages/primus_mllog/mlperf_pre_training.py", "lineno": 174, "samples_count": 12288}}
:::MLLOG {"namespace": "", "time_ms": 1778062094174, "event_type": "INTERVAL_END", "key": "block_stop", "value": null, "metadata": {"file": "/opt/venv/lib/python3.12/site-packages/primus_mllog/mlperf_pre_training.py", "lineno": 139, "samples_count": 24576}}
:::MLLOG {"namespace": "", "time_ms": 1778062094174, "event_type": "INTERVAL_START", "key": "eval_start", "value": null, "metadata": {"file": "/opt/venv/lib/python3.12/site-packages/primus_mllog/mlperf_pre_training.py", "lineno": 141, "samples_count": 24576}}
:::MLLOG {"namespace": "", "time_ms": 1778062103441, "event_type": "POINT_IN_TIME", "key": "eval_accuracy", "value": 4.582540988922119, "metadata": {"file": "/opt/venv/lib/python3.12/site-packages/primus_mllog/mlperf_pre_training.py", "lineno": 156, "samples_count": 24576}}
:::MLLOG {"namespace": "", "time_ms": 1778062103441, "event_type": "INTERVAL_END", "key": "eval_stop", "value": null, "metadata": {"file": "/opt/venv/lib/python3.12/site-packages/primus_mllog/mlperf_pre_training.py", "lineno": 170, "samples_count": 24576}}
:::MLLOG {"namespace": "", "time_ms": 1778062103441, "event_type": "INTERVAL_START", "key": "block_start", "value": null, "metadata": {"file": "/opt/venv/lib/python3.12/site-packages/primus_mllog/mlperf_pre_training.py", "lineno": 174, "samples_count": 24576}}
:::MLLOG {"namespace": "", "time_ms": 1778062448129, "event_type": "INTERVAL_END", "key": "block_stop", "value": null, "metadata": {"file": "/opt/venv/lib/python3.12/site-packages/primus_mllog/mlperf_pre_training.py", "lineno": 139, "samples_count": 36864}}
:::MLLOG {"namespace": "", "time_ms": 1778062448130, "event_type": "INTERVAL_START", "key": "eval_start", "value": null, "metadata": {"file": "/opt/venv/lib/python3.12/site-packages/primus_mllog/mlperf_pre_training.py", "lineno": 141, "samples_count": 36864}}
:::MLLOG {"namespace": "", "time_ms": 1778062457369, "event_type": "POINT_IN_TIME", "key": "eval_accuracy", "value": 4.092805862426758, "metadata": {"file": "/opt/venv/lib/python3.12/site-packages/primus_mllog/mlperf_pre_training.py", "lineno": 156, "samples_count": 36864}}
:::MLLOG {"namespace": "", "time_ms": 1778062457369, "event_type": "INTERVAL_END", "key": "eval_stop", "value": null, "metadata": {"file": "/opt/venv/lib/python3.12/site-packages/primus_mllog/mlperf_pre_training.py", "lineno": 170, "samples_count": 36864}}
:::MLLOG {"namespace": "", "time_ms": 1778062457370, "event_type": "INTERVAL_START", "key": "block_start", "value": null, "metadata": {"file": "/opt/venv/lib/python3.12/site-packages/primus_mllog/mlperf_pre_training.py", "lineno": 174, "samples_count": 36864}}
:::MLLOG {"namespace": "", "time_ms": 1778062802335, "event_type": "INTERVAL_END", "key": "block_stop", "value": null, "metadata": {"file": "/opt/venv/lib/python3.12/site-packages/primus_mllog/mlperf_pre_training.py", "lineno": 139, "samples_count": 49152}}
:::MLLOG {"namespace": "", "time_ms": 1778062802336, "event_type": "INTERVAL_START", "key": "eval_start", "value": null, "metadata": {"file": "/opt/venv/lib/python3.12/site-packages/primus_mllog/mlperf_pre_training.py", "lineno": 141, "samples_count": 49152}}
:::MLLOG {"namespace": "", "time_ms": 1778062811494, "event_type": "POINT_IN_TIME", "key": "eval_accuracy", "value": 3.8983871936798096, "metadata": {"file": "/opt/venv/lib/python3.12/site-packages/primus_mllog/mlperf_pre_training.py", "lineno": 156, "samples_count": 49152}}
:::MLLOG {"namespace": "", "time_ms": 1778062811495, "event_type": "INTERVAL_END", "key": "eval_stop", "value": null, "metadata": {"file": "/opt/venv/lib/python3.12/site-packages/primus_mllog/mlperf_pre_training.py", "lineno": 170, "samples_count": 49152}}
:::MLLOG {"namespace": "", "time_ms": 1778062811495, "event_type": "INTERVAL_START", "key": "block_start", "value": null, "metadata": {"file": "/opt/venv/lib/python3.12/site-packages/primus_mllog/mlperf_pre_training.py", "lineno": 174, "samples_count": 49152}}
:::MLLOG {"namespace": "", "time_ms": 1778063156110, "event_type": "INTERVAL_END", "key": "block_stop", "value": null, "metadata": {"file": "/opt/venv/lib/python3.12/site-packages/primus_mllog/mlperf_pre_training.py", "lineno": 139, "samples_count": 61440}}
:::MLLOG {"namespace": "", "time_ms": 1778063156111, "event_type": "INTERVAL_START", "key": "eval_start", "value": null, "metadata": {"file": "/opt/venv/lib/python3.12/site-packages/primus_mllog/mlperf_pre_training.py", "lineno": 141, "samples_count": 61440}}
:::MLLOG {"namespace": "", "time_ms": 1778063165363, "event_type": "POINT_IN_TIME", "key": "eval_accuracy", "value": 3.7679216861724854, "metadata": {"file": "/opt/venv/lib/python3.12/site-packages/primus_mllog/mlperf_pre_training.py", "lineno": 156, "samples_count": 61440}}
:::MLLOG {"namespace": "", "time_ms": 1778063165363, "event_type": "INTERVAL_END", "key": "eval_stop", "value": null, "metadata": {"file": "/opt/venv/lib/python3.12/site-packages/primus_mllog/mlperf_pre_training.py", "lineno": 170, "samples_count": 61440}}
:::MLLOG {"namespace": "", "time_ms": 1778063165364, "event_type": "INTERVAL_START", "key": "block_start", "value": null, "metadata": {"file": "/opt/venv/lib/python3.12/site-packages/primus_mllog/mlperf_pre_training.py", "lineno": 174, "samples_count": 61440}}
:::MLLOG {"namespace": "", "time_ms": 1778063509843, "event_type": "INTERVAL_END", "key": "block_stop", "value": null, "metadata": {"file": "/opt/venv/lib/python3.12/site-packages/primus_mllog/mlperf_pre_training.py", "lineno": 139, "samples_count": 73728}}
:::MLLOG {"namespace": "", "time_ms": 1778063509843, "event_type": "INTERVAL_START", "key": "eval_start", "value": null, "metadata": {"file": "/opt/venv/lib/python3.12/site-packages/primus_mllog/mlperf_pre_training.py", "lineno": 141, "samples_count": 73728}}
:::MLLOG {"namespace": "", "time_ms": 1778063519158, "event_type": "POINT_IN_TIME", "key": "eval_accuracy", "value": 3.6639139652252197, "metadata": {"file": "/opt/venv/lib/python3.12/site-packages/primus_mllog/mlperf_pre_training.py", "lineno": 156, "samples_count": 73728}}
:::MLLOG {"namespace": "", "time_ms": 1778063519158, "event_type": "INTERVAL_END", "key": "eval_stop", "value": null, "metadata": {"file": "/opt/venv/lib/python3.12/site-packages/primus_mllog/mlperf_pre_training.py", "lineno": 170, "samples_count": 73728}}
:::MLLOG {"namespace": "", "time_ms": 1778063519158, "event_type": "INTERVAL_START", "key": "block_start", "value": null, "metadata": {"file": "/opt/venv/lib/python3.12/site-packages/primus_mllog/mlperf_pre_training.py", "lineno": 174, "samples_count": 73728}}
:::MLLOG {"namespace": "", "time_ms": 1778063864105, "event_type": "INTERVAL_END", "key": "block_stop", "value": null, "metadata": {"file": "/opt/venv/lib/python3.12/site-packages/primus_mllog/mlperf_pre_training.py", "lineno": 139, "samples_count": 86016}}
:::MLLOG {"namespace": "", "time_ms": 1778063864105, "event_type": "INTERVAL_START", "key": "eval_start", "value": null, "metadata": {"file": "/opt/venv/lib/python3.12/site-packages/primus_mllog/mlperf_pre_training.py", "lineno": 141, "samples_count": 86016}}
:::MLLOG {"namespace": "", "time_ms": 1778063873528, "event_type": "POINT_IN_TIME", "key": "eval_accuracy", "value": 3.583695650100708, "metadata": {"file": "/opt/venv/lib/python3.12/site-packages/primus_mllog/mlperf_pre_training.py", "lineno": 156, "samples_count": 86016}}
:::MLLOG {"namespace": "", "time_ms": 1778063873528, "event_type": "INTERVAL_END", "key": "eval_stop", "value": null, "metadata": {"file": "/opt/venv/lib/python3.12/site-packages/primus_mllog/mlperf_pre_training.py", "lineno": 170, "samples_count": 86016}}
:::MLLOG {"namespace": "", "time_ms": 1778063873528, "event_type": "INTERVAL_START", "key": "block_start", "value": null, "metadata": {"file": "/opt/venv/lib/python3.12/site-packages/primus_mllog/mlperf_pre_training.py", "lineno": 174, "samples_count": 86016}}
:::MLLOG {"namespace": "", "time_ms": 1778064217491, "event_type": "INTERVAL_END", "key": "block_stop", "value": null, "metadata": {"file": "/opt/venv/lib/python3.12/site-packages/primus_mllog/mlperf_pre_training.py", "lineno": 139, "samples_count": 98304}}
:::MLLOG {"namespace": "", "time_ms": 1778064217491, "event_type": "INTERVAL_START", "key": "eval_start", "value": null, "metadata": {"file": "/opt/venv/lib/python3.12/site-packages/primus_mllog/mlperf_pre_training.py", "lineno": 141, "samples_count": 98304}}
:::MLLOG {"namespace": "", "time_ms": 1778064226800, "event_type": "POINT_IN_TIME", "key": "eval_accuracy", "value": 3.524181604385376, "metadata": {"file": "/opt/venv/lib/python3.12/site-packages/primus_mllog/mlperf_pre_training.py", "lineno": 156, "samples_count": 98304}}
:::MLLOG {"namespace": "", "time_ms": 1778064226801, "event_type": "INTERVAL_END", "key": "eval_stop", "value": null, "metadata": {"file": "/opt/venv/lib/python3.12/site-packages/primus_mllog/mlperf_pre_training.py", "lineno": 170, "samples_count": 98304}}
:::MLLOG {"namespace": "", "time_ms": 1778064226801, "event_type": "INTERVAL_START", "key": "block_start", "value": null, "metadata": {"file": "/opt/venv/lib/python3.12/site-packages/primus_mllog/mlperf_pre_training.py", "lineno": 174, "samples_count": 98304}}
:::MLLOG {"namespace": "", "time_ms": 1778064570635, "event_type": "INTERVAL_END", "key": "block_stop", "value": null, "metadata": {"file": "/opt/venv/lib/python3.12/site-packages/primus_mllog/mlperf_pre_training.py", "lineno": 139, "samples_count": 110592}}
:::MLLOG {"namespace": "", "time_ms": 1778064570636, "event_type": "INTERVAL_START", "key": "eval_start", "value": null, "metadata": {"file": "/opt/venv/lib/python3.12/site-packages/primus_mllog/mlperf_pre_training.py", "lineno": 141, "samples_count": 110592}}
:::MLLOG {"namespace": "", "time_ms": 1778064579993, "event_type": "POINT_IN_TIME", "key": "eval_accuracy", "value": 3.4770703315734863, "metadata": {"file": "/opt/venv/lib/python3.12/site-packages/primus_mllog/mlperf_pre_training.py", "lineno": 156, "samples_count": 110592}}
:::MLLOG {"namespace": "", "time_ms": 1778064579993, "event_type": "INTERVAL_END", "key": "eval_stop", "value": null, "metadata": {"file": "/opt/venv/lib/python3.12/site-packages/primus_mllog/mlperf_pre_training.py", "lineno": 170, "samples_count": 110592}}
:::MLLOG {"namespace": "", "time_ms": 1778064579993, "event_type": "INTERVAL_START", "key": "block_start", "value": null, "metadata": {"file": "/opt/venv/lib/python3.12/site-packages/primus_mllog/mlperf_pre_training.py", "lineno": 174, "samples_count": 110592}}
:::MLLOG {"namespace": "", "time_ms": 1778064924536, "event_type": "INTERVAL_END", "key": "block_stop", "value": null, "metadata": {"file": "/opt/venv/lib/python3.12/site-packages/primus_mllog/mlperf_pre_training.py", "lineno": 139, "samples_count": 122880}}
:::MLLOG {"namespace": "", "time_ms": 1778064924536, "event_type": "INTERVAL_START", "key": "eval_start", "value": null, "metadata": {"file": "/opt/venv/lib/python3.12/site-packages/primus_mllog/mlperf_pre_training.py", "lineno": 141, "samples_count": 122880}}
:::MLLOG {"namespace": "", "time_ms": 1778064933823, "event_type": "POINT_IN_TIME", "key": "eval_accuracy", "value": 3.436758279800415, "metadata": {"file": "/opt/venv/lib/python3.12/site-packages/primus_mllog/mlperf_pre_training.py", "lineno": 156, "samples_count": 122880}}
:::MLLOG {"namespace": "", "time_ms": 1778064933824, "event_type": "INTERVAL_END", "key": "eval_stop", "value": null, "metadata": {"file": "/opt/venv/lib/python3.12/site-packages/primus_mllog/mlperf_pre_training.py", "lineno": 170, "samples_count": 122880}}
:::MLLOG {"namespace": "", "time_ms": 1778064933824, "event_type": "INTERVAL_START", "key": "block_start", "value": null, "metadata": {"file": "/opt/venv/lib/python3.12/site-packages/primus_mllog/mlperf_pre_training.py", "lineno": 174, "samples_count": 122880}}
:::MLLOG {"namespace": "", "time_ms": 1778065277779, "event_type": "INTERVAL_END", "key": "block_stop", "value": null, "metadata": {"file": "/opt/venv/lib/python3.12/site-packages/primus_mllog/mlperf_pre_training.py", "lineno": 139, "samples_count": 135168}}
:::MLLOG {"namespace": "", "time_ms": 1778065277779, "event_type": "INTERVAL_START", "key": "eval_start", "value": null, "metadata": {"file": "/opt/venv/lib/python3.12/site-packages/primus_mllog/mlperf_pre_training.py", "lineno": 141, "samples_count": 135168}}
:::MLLOG {"namespace": "", "time_ms": 1778065287112, "event_type": "POINT_IN_TIME", "key": "eval_accuracy", "value": 3.397336721420288, "metadata": {"file": "/opt/venv/lib/python3.12/site-packages/primus_mllog/mlperf_pre_training.py", "lineno": 156, "samples_count": 135168}}
:::MLLOG {"namespace": "", "time_ms": 1778065287112, "event_type": "INTERVAL_END", "key": "eval_stop", "value": null, "metadata": {"file": "/opt/venv/lib/python3.12/site-packages/primus_mllog/mlperf_pre_training.py", "lineno": 170, "samples_count": 135168}}
:::MLLOG {"namespace": "", "time_ms": 1778065287113, "event_type": "INTERVAL_START", "key": "block_start", "value": null, "metadata": {"file": "/opt/venv/lib/python3.12/site-packages/primus_mllog/mlperf_pre_training.py", "lineno": 174, "samples_count": 135168}}
:::MLLOG {"namespace": "", "time_ms": 1778065630409, "event_type": "INTERVAL_END", "key": "block_stop", "value": null, "metadata": {"file": "/opt/venv/lib/python3.12/site-packages/primus_mllog/mlperf_pre_training.py", "lineno": 139, "samples_count": 147456}}
:::MLLOG {"namespace": "", "time_ms": 1778065630410, "event_type": "INTERVAL_START", "key": "eval_start", "value": null, "metadata": {"file": "/opt/venv/lib/python3.12/site-packages/primus_mllog/mlperf_pre_training.py", "lineno": 141, "samples_count": 147456}}
:::MLLOG {"namespace": "", "time_ms": 1778065639731, "event_type": "POINT_IN_TIME", "key": "eval_accuracy", "value": 3.3665974140167236, "metadata": {"file": "/opt/venv/lib/python3.12/site-packages/primus_mllog/mlperf_pre_training.py", "lineno": 156, "samples_count": 147456}}
:::MLLOG {"namespace": "", "time_ms": 1778065639732, "event_type": "INTERVAL_END", "key": "eval_stop", "value": null, "metadata": {"file": "/opt/venv/lib/python3.12/site-packages/primus_mllog/mlperf_pre_training.py", "lineno": 170, "samples_count": 147456}}
:::MLLOG {"namespace": "", "time_ms": 1778065639732, "event_type": "INTERVAL_START", "key": "block_start", "value": null, "metadata": {"file": "/opt/venv/lib/python3.12/site-packages/primus_mllog/mlperf_pre_training.py", "lineno": 174, "samples_count": 147456}}
:::MLLOG {"namespace": "", "time_ms": 1778065984428, "event_type": "INTERVAL_END", "key": "block_stop", "value": null, "metadata": {"file": "/opt/venv/lib/python3.12/site-packages/primus_mllog/mlperf_pre_training.py", "lineno": 139, "samples_count": 159744}}
:::MLLOG {"namespace": "", "time_ms": 1778065984428, "event_type": "INTERVAL_START", "key": "eval_start", "value": null, "metadata": {"file": "/opt/venv/lib/python3.12/site-packages/primus_mllog/mlperf_pre_training.py", "lineno": 141, "samples_count": 159744}}
:::MLLOG {"namespace": "", "time_ms": 1778065993833, "event_type": "POINT_IN_TIME", "key": "eval_accuracy", "value": 3.334517002105713, "metadata": {"file": "/opt/venv/lib/python3.12/site-packages/primus_mllog/mlperf_pre_training.py", "lineno": 156, "samples_count": 159744}}
:::MLLOG {"namespace": "", "time_ms": 1778065993833, "event_type": "INTERVAL_END", "key": "eval_stop", "value": null, "metadata": {"file": "/opt/venv/lib/python3.12/site-packages/primus_mllog/mlperf_pre_training.py", "lineno": 170, "samples_count": 159744}}
:::MLLOG {"namespace": "", "time_ms": 1778065993833, "event_type": "INTERVAL_START", "key": "block_start", "value": null, "metadata": {"file": "/opt/venv/lib/python3.12/site-packages/primus_mllog/mlperf_pre_training.py", "lineno": 174, "samples_count": 159744}}
:::MLLOG {"namespace": "", "time_ms": 1778066337314, "event_type": "INTERVAL_END", "key": "block_stop", "value": null, "metadata": {"file": "/opt/venv/lib/python3.12/site-packages/primus_mllog/mlperf_pre_training.py", "lineno": 139, "samples_count": 172032}}
:::MLLOG {"namespace": "", "time_ms": 1778066337314, "event_type": "INTERVAL_START", "key": "eval_start", "value": null, "metadata": {"file": "/opt/venv/lib/python3.12/site-packages/primus_mllog/mlperf_pre_training.py", "lineno": 141, "samples_count": 172032}}
:::MLLOG {"namespace": "", "time_ms": 1778066346549, "event_type": "POINT_IN_TIME", "key": "eval_accuracy", "value": 3.3113629817962646, "metadata": {"file": "/opt/venv/lib/python3.12/site-packages/primus_mllog/mlperf_pre_training.py", "lineno": 156, "samples_count": 172032}}
:::MLLOG {"namespace": "", "time_ms": 1778066346550, "event_type": "INTERVAL_END", "key": "eval_stop", "value": null, "metadata": {"file": "/opt/venv/lib/python3.12/site-packages/primus_mllog/mlperf_pre_training.py", "lineno": 170, "samples_count": 172032}}
:::MLLOG {"namespace": "", "time_ms": 1778066346550, "event_type": "INTERVAL_START", "key": "block_start", "value": null, "metadata": {"file": "/opt/venv/lib/python3.12/site-packages/primus_mllog/mlperf_pre_training.py", "lineno": 174, "samples_count": 172032}}
:::MLLOG {"namespace": "", "time_ms": 1778066690285, "event_type": "INTERVAL_END", "key": "block_stop", "value": null, "metadata": {"file": "/opt/venv/lib/python3.12/site-packages/primus_mllog/mlperf_pre_training.py", "lineno": 139, "samples_count": 184320}}
:::MLLOG {"namespace": "", "time_ms": 1778066690285, "event_type": "INTERVAL_START", "key": "eval_start", "value": null, "metadata": {"file": "/opt/venv/lib/python3.12/site-packages/primus_mllog/mlperf_pre_training.py", "lineno": 141, "samples_count": 184320}}
:::MLLOG {"namespace": "", "time_ms": 1778066699597, "event_type": "POINT_IN_TIME", "key": "eval_accuracy", "value": 3.287980794906616, "metadata": {"file": "/opt/venv/lib/python3.12/site-packages/primus_mllog/mlperf_pre_training.py", "lineno": 156, "samples_count": 184320}}
:::MLLOG {"namespace": "", "time_ms": 1778066699598, "event_type": "INTERVAL_END", "key": "eval_stop", "value": null, "metadata": {"file": "/opt/venv/lib/python3.12/site-packages/primus_mllog/mlperf_pre_training.py", "lineno": 170, "samples_count": 184320}}
:::MLLOG {"namespace": "", "time_ms": 1778066699605, "event_type": "INTERVAL_END", "key": "epoch_stop", "value": null, "metadata": {"file": "/opt/venv/lib/python3.12/site-packages/primus_mllog/mlperf_pre_training.py", "lineno": 220, "samples_count": 184320}}
:::MLLOG {"namespace": "", "time_ms": 1778066699605, "event_type": "INTERVAL_END", "key": "run_stop", "value": null, "metadata": {"file": "/opt/venv/lib/python3.12/site-packages/primus_mllog/mlperf_pre_training.py", "lineno": 224, "samples_count": 184320, "status": "success"}}
:::MLLOG {"namespace": "", "time_ms": 1778066718771, "event_type": "POINT_IN_TIME", "key": "run_duration", "value": "5304.95s -> 88.42 minutes", "metadata": {"file": "/opt/venv/lib/python3.12/site-packages/primus_mllog/mlperf_pre_training.py", "lineno": 87, "samples": 184320}}
:::MLLOG {"namespace": "", "time_ms": 1778066718771, "event_type": "POINT_IN_TIME", "key": "overall_throughput", "value": 34.74, "metadata": {"file": "/opt/venv/lib/python3.12/site-packages/primus_mllog/mlperf_pre_training.py", "lineno": 92, "samples": 184320}}
:::MLLOG {"namespace": "", "time_ms": 1778066806815, "event_type": "POINT_IN_TIME", "key": "global_batch_size", "value": 32, "metadata": {"file": "/opt/venv/lib/python3.12/site-packages/primus_mllog/mlperf_pre_training.py", "lineno": 66}}
:::MLLOG {"namespace": "", "time_ms": 1778066806816, "event_type": "POINT_IN_TIME", "key": "gradient_accumulation_steps", "value": 2, "metadata": {"file": "/opt/venv/lib/python3.12/site-packages/primus_mllog/mlperf_pre_training.py", "lineno": 66}}
:::MLLOG {"namespace": "", "time_ms": 1778066806816, "event_type": "POINT_IN_TIME", "key": "max_sequence_length", "value": 8192, "metadata": {"file": "/opt/venv/lib/python3.12/site-packages/primus_mllog/mlperf_pre_training.py", "lineno": 66}}
:::MLLOG {"namespace": "", "time_ms": 1778066806816, "event_type": "POINT_IN_TIME", "key": "train_samples", "value": 38400000, "metadata": {"file": "/opt/venv/lib/python3.12/site-packages/primus_mllog/mlperf_pre_training.py", "lineno": 66}}
:::MLLOG {"namespace": "", "time_ms": 1778066806816, "event_type": "POINT_IN_TIME", "key": "eval_samples", "value": 1024, "metadata": {"file": "/opt/venv/lib/python3.12/site-packages/primus_mllog/mlperf_pre_training.py", "lineno": 66}}
:::MLLOG {"namespace": "", "time_ms": 1778066806816, "event_type": "POINT_IN_TIME", "key": "seed", "value": 20520, "metadata": {"file": "/opt/venv/lib/python3.12/site-packages/primus_mllog/mlperf_pre_training.py", "lineno": 66}}
:::MLLOG {"namespace": "", "time_ms": 1778066806816, "event_type": "POINT_IN_TIME", "key": "init_checkpoint_step", "value": 0, "metadata": {"file": "/opt/venv/lib/python3.12/site-packages/primus_mllog/mlperf_pre_training.py", "lineno": 66}}
:::MLLOG {"namespace": "", "time_ms": 1778066806816, "event_type": "POINT_IN_TIME", "key": "opt_name", "value": "adamw", "metadata": {"file": "/opt/venv/lib/python3.12/site-packages/primus_mllog/mlperf_pre_training.py", "lineno": 66}}
:::MLLOG {"namespace": "", "time_ms": 1778066806816, "event_type": "POINT_IN_TIME", "key": "opt_base_learning_rate", "value": 0.0008, "metadata": {"file": "/opt/venv/lib/python3.12/site-packages/primus_mllog/mlperf_pre_training.py", "lineno": 66}}
:::MLLOG {"namespace": "", "time_ms": 1778066806816, "event_type": "POINT_IN_TIME", "key": "opt_adamw_beta_1", "value": 0.9, "metadata": {"file": "/opt/venv/lib/python3.12/site-packages/primus_mllog/mlperf_pre_training.py", "lineno": 66}}
:::MLLOG {"namespace": "", "time_ms": 1778066806816, "event_type": "POINT_IN_TIME", "key": "opt_adamw_beta_2", "value": 0.95, "metadata": {"file": "/opt/venv/lib/python3.12/site-packages/primus_mllog/mlperf_pre_training.py", "lineno": 66}}
:::MLLOG {"namespace": "", "time_ms": 1778066806816, "event_type": "POINT_IN_TIME", "key": "opt_adamw_epsilon", "value": 1e-05, "metadata": {"file": "/opt/venv/lib/python3.12/site-packages/primus_mllog/mlperf_pre_training.py", "lineno": 66}}
:::MLLOG {"namespace": "", "time_ms": 1778066806816, "event_type": "POINT_IN_TIME", "key": "opt_adamw_weight_decay", "value": 0.1, "metadata": {"file": "/opt/venv/lib/python3.12/site-packages/primus_mllog/mlperf_pre_training.py", "lineno": 66}}
:::MLLOG {"namespace": "", "time_ms": 1778066806816, "event_type": "POINT_IN_TIME", "key": "opt_gradient_clip_norm", "value": 1.0, "metadata": {"file": "/opt/venv/lib/python3.12/site-packages/primus_mllog/mlperf_pre_training.py", "lineno": 66}}
:::MLLOG {"namespace": "", "time_ms": 1778066806816, "event_type": "POINT_IN_TIME", "key": "opt_end_learning_rate", "value": 8e-05, "metadata": {"file": "/opt/venv/lib/python3.12/site-packages/primus_mllog/mlperf_pre_training.py", "lineno": 66}}
:::MLLOG {"namespace": "", "time_ms": 1778066806816, "event_type": "POINT_IN_TIME", "key": "opt_learning_rate_warmup_steps", "value": 64, "metadata": {"file": "/opt/venv/lib/python3.12/site-packages/primus_mllog/mlperf_pre_training.py", "lineno": 66}}
:::MLLOG {"namespace": "", "time_ms": 1778066806816, "event_type": "POINT_IN_TIME", "key": "opt_learning_rate_decay_steps", "value": 1199936, "metadata": {"file": "/opt/venv/lib/python3.12/site-packages/primus_mllog/mlperf_pre_training.py", "lineno": 66}}
:::MLLOG {"namespace": "", "time_ms": 1778066806816, "event_type": "POINT_IN_TIME", "key": "opt_learning_rate_decay_schedule", "value": "cosine with linear warmup", "metadata": {"file": "/opt/venv/lib/python3.12/site-packages/primus_mllog/mlperf_pre_training.py", "lineno": 66}}
:::MLLOG {"namespace": "", "time_ms": 1778066806816, "event_type": "POINT_IN_TIME", "key": "max_steps", "value": 1200000, "metadata": {"file": "/opt/venv/lib/python3.12/site-packages/primus_mllog/mlperf_pre_training.py", "lineno": 66}}
:::MLLOG {"namespace": "", "time_ms": 1778066806816, "event_type": "POINT_IN_TIME", "key": "submission_benchmark", "value": "llama31_8b", "metadata": {"file": "/opt/venv/lib/python3.12/site-packages/primus_mllog/mlperf_pre_training.py", "lineno": 66}}
:::MLLOG {"namespace": "", "time_ms": 1778066806816, "event_type": "POINT_IN_TIME", "key": "submission_division", "value": "closed", "metadata": {"file": "/opt/venv/lib/python3.12/site-packages/primus_mllog/mlperf_pre_training.py", "lineno": 66}}
:::MLLOG {"namespace": "", "time_ms": 1778066806816, "event_type": "POINT_IN_TIME", "key": "submission_status", "value": "", "metadata": {"file": "/opt/venv/lib/python3.12/site-packages/primus_mllog/mlperf_pre_training.py", "lineno": 66}}
:::MLLOG {"namespace": "", "time_ms": 1778066806816, "event_type": "POINT_IN_TIME", "key": "submission_org", "value": "AMD", "metadata": {"file": "/opt/venv/lib/python3.12/site-packages/primus_mllog/mlperf_pre_training.py", "lineno": 66}}
:::MLLOG {"namespace": "", "time_ms": 1778066806817, "event_type": "POINT_IN_TIME", "key": "submission_platform", "value": "MI355X", "metadata": {"file": "/opt/venv/lib/python3.12/site-packages/primus_mllog/mlperf_pre_training.py", "lineno": 66}}
:::MLLOG {"namespace": "", "time_ms": 1778066806817, "event_type": "INTERVAL_END", "key": "init_stop", "value": null, "metadata": {"file": "/opt/venv/lib/python3.12/site-packages/primus_mllog/mlperf_pre_training.py", "lineno": 68}}
:::MLLOG {"namespace": "", "time_ms": 1778066868825, "event_type": "INTERVAL_START", "key": "run_start", "value": null, "metadata": {"file": "/opt/venv/lib/python3.12/site-packages/primus_mllog/mlperf_pre_training.py", "lineno": 193}}
:::MLLOG {"namespace": "", "time_ms": 1778066868826, "event_type": "INTERVAL_START", "key": "epoch_start", "value": null, "metadata": {"file": "/opt/venv/lib/python3.12/site-packages/primus_mllog/mlperf_pre_training.py", "lineno": 196, "samples_count": 0}}
:::MLLOG {"namespace": "", "time_ms": 1778066868826, "event_type": "INTERVAL_START", "key": "block_start", "value": null, "metadata": {"file": "/opt/venv/lib/python3.12/site-packages/primus_mllog/mlperf_pre_training.py", "lineno": 198, "samples_count": 0}}
:::MLLOG {"namespace": "", "time_ms": 1778067212361, "event_type": "INTERVAL_END", "key": "block_stop", "value": null, "metadata": {"file": "/opt/venv/lib/python3.12/site-packages/primus_mllog/mlperf_pre_training.py", "lineno": 139, "samples_count": 12288}}
:::MLLOG {"namespace": "", "time_ms": 1778067212362, "event_type": "INTERVAL_START", "key": "eval_start", "value": null, "metadata": {"file": "/opt/venv/lib/python3.12/site-packages/primus_mllog/mlperf_pre_training.py", "lineno": 141, "samples_count": 12288}}
:::MLLOG {"namespace": "", "time_ms": 1778067222767, "event_type": "POINT_IN_TIME", "key": "eval_accuracy", "value": 5.817444801330566, "metadata": {"file": "/opt/venv/lib/python3.12/site-packages/primus_mllog/mlperf_pre_training.py", "lineno": 156, "samples_count": 12288}}
:::MLLOG {"namespace": "", "time_ms": 1778067222768, "event_type": "INTERVAL_END", "key": "eval_stop", "value": null, "metadata": {"file": "/opt/venv/lib/python3.12/site-packages/primus_mllog/mlperf_pre_training.py", "lineno": 170, "samples_count": 12288}}
:::MLLOG {"namespace": "", "time_ms": 1778067222768, "event_type": "INTERVAL_START", "key": "block_start", "value": null, "metadata": {"file": "/opt/venv/lib/python3.12/site-packages/primus_mllog/mlperf_pre_training.py", "lineno": 174, "samples_count": 12288}}
:::MLLOG {"namespace": "", "time_ms": 1778067565744, "event_type": "INTERVAL_END", "key": "block_stop", "value": null, "metadata": {"file": "/opt/venv/lib/python3.12/site-packages/primus_mllog/mlperf_pre_training.py", "lineno": 139, "samples_count": 24576}}
:::MLLOG {"namespace": "", "time_ms": 1778067565744, "event_type": "INTERVAL_START", "key": "eval_start", "value": null, "metadata": {"file": "/opt/venv/lib/python3.12/site-packages/primus_mllog/mlperf_pre_training.py", "lineno": 141, "samples_count": 24576}}
:::MLLOG {"namespace": "", "time_ms": 1778067575046, "event_type": "POINT_IN_TIME", "key": "eval_accuracy", "value": 4.596295356750488, "metadata": {"file": "/opt/venv/lib/python3.12/site-packages/primus_mllog/mlperf_pre_training.py", "lineno": 156, "samples_count": 24576}}
:::MLLOG {"namespace": "", "time_ms": 1778067575046, "event_type": "INTERVAL_END", "key": "eval_stop", "value": null, "metadata": {"file": "/opt/venv/lib/python3.12/site-packages/primus_mllog/mlperf_pre_training.py", "lineno": 170, "samples_count": 24576}}
:::MLLOG {"namespace": "", "time_ms": 1778067575047, "event_type": "INTERVAL_START", "key": "block_start", "value": null, "metadata": {"file": "/opt/venv/lib/python3.12/site-packages/primus_mllog/mlperf_pre_training.py", "lineno": 174, "samples_count": 24576}}
:::MLLOG {"namespace": "", "time_ms": 1778067919820, "event_type": "INTERVAL_END", "key": "block_stop", "value": null, "metadata": {"file": "/opt/venv/lib/python3.12/site-packages/primus_mllog/mlperf_pre_training.py", "lineno": 139, "samples_count": 36864}}
:::MLLOG {"namespace": "", "time_ms": 1778067919821, "event_type": "INTERVAL_START", "key": "eval_start", "value": null, "metadata": {"file": "/opt/venv/lib/python3.12/site-packages/primus_mllog/mlperf_pre_training.py", "lineno": 141, "samples_count": 36864}}
:::MLLOG {"namespace": "", "time_ms": 1778067929107, "event_type": "POINT_IN_TIME", "key": "eval_accuracy", "value": 4.127697944641113, "metadata": {"file": "/opt/venv/lib/python3.12/site-packages/primus_mllog/mlperf_pre_training.py", "lineno": 156, "samples_count": 36864}}
:::MLLOG {"namespace": "", "time_ms": 1778067929107, "event_type": "INTERVAL_END", "key": "eval_stop", "value": null, "metadata": {"file": "/opt/venv/lib/python3.12/site-packages/primus_mllog/mlperf_pre_training.py", "lineno": 170, "samples_count": 36864}}
:::MLLOG {"namespace": "", "time_ms": 1778067929107, "event_type": "INTERVAL_START", "key": "block_start", "value": null, "metadata": {"file": "/opt/venv/lib/python3.12/site-packages/primus_mllog/mlperf_pre_training.py", "lineno": 174, "samples_count": 36864}}
:::MLLOG {"namespace": "", "time_ms": 1778068274627, "event_type": "INTERVAL_END", "key": "block_stop", "value": null, "metadata": {"file": "/opt/venv/lib/python3.12/site-packages/primus_mllog/mlperf_pre_training.py", "lineno": 139, "samples_count": 49152}}
:::MLLOG {"namespace": "", "time_ms": 1778068274627, "event_type": "INTERVAL_START", "key": "eval_start", "value": null, "metadata": {"file": "/opt/venv/lib/python3.12/site-packages/primus_mllog/mlperf_pre_training.py", "lineno": 141, "samples_count": 49152}}
:::MLLOG {"namespace": "", "time_ms": 1778068283930, "event_type": "POINT_IN_TIME", "key": "eval_accuracy", "value": 3.9132080078125, "metadata": {"file": "/opt/venv/lib/python3.12/site-packages/primus_mllog/mlperf_pre_training.py", "lineno": 156, "samples_count": 49152}}
:::MLLOG {"namespace": "", "time_ms": 1778068283930, "event_type": "INTERVAL_END", "key": "eval_stop", "value": null, "metadata": {"file": "/opt/venv/lib/python3.12/site-packages/primus_mllog/mlperf_pre_training.py", "lineno": 170, "samples_count": 49152}}
:::MLLOG {"namespace": "", "time_ms": 1778068283930, "event_type": "INTERVAL_START", "key": "block_start", "value": null, "metadata": {"file": "/opt/venv/lib/python3.12/site-packages/primus_mllog/mlperf_pre_training.py", "lineno": 174, "samples_count": 49152}}
:::MLLOG {"namespace": "", "time_ms": 1778068627487, "event_type": "INTERVAL_END", "key": "block_stop", "value": null, "metadata": {"file": "/opt/venv/lib/python3.12/site-packages/primus_mllog/mlperf_pre_training.py", "lineno": 139, "samples_count": 61440}}
:::MLLOG {"namespace": "", "time_ms": 1778068627487, "event_type": "INTERVAL_START", "key": "eval_start", "value": null, "metadata": {"file": "/opt/venv/lib/python3.12/site-packages/primus_mllog/mlperf_pre_training.py", "lineno": 141, "samples_count": 61440}}
:::MLLOG {"namespace": "", "time_ms": 1778068637145, "event_type": "POINT_IN_TIME", "key": "eval_accuracy", "value": 3.7771260738372803, "metadata": {"file": "/opt/venv/lib/python3.12/site-packages/primus_mllog/mlperf_pre_training.py", "lineno": 156, "samples_count": 61440}}
:::MLLOG {"namespace": "", "time_ms": 1778068637146, "event_type": "INTERVAL_END", "key": "eval_stop", "value": null, "metadata": {"file": "/opt/venv/lib/python3.12/site-packages/primus_mllog/mlperf_pre_training.py", "lineno": 170, "samples_count": 61440}}
:::MLLOG {"namespace": "", "time_ms": 1778068637146, "event_type": "INTERVAL_START", "key": "block_start", "value": null, "metadata": {"file": "/opt/venv/lib/python3.12/site-packages/primus_mllog/mlperf_pre_training.py", "lineno": 174, "samples_count": 61440}}
:::MLLOG {"namespace": "", "time_ms": 1778068982636, "event_type": "INTERVAL_END", "key": "block_stop", "value": null, "metadata": {"file": "/opt/venv/lib/python3.12/site-packages/primus_mllog/mlperf_pre_training.py", "lineno": 139, "samples_count": 73728}}
:::MLLOG {"namespace": "", "time_ms": 1778068982637, "event_type": "INTERVAL_START", "key": "eval_start", "value": null, "metadata": {"file": "/opt/venv/lib/python3.12/site-packages/primus_mllog/mlperf_pre_training.py", "lineno": 141, "samples_count": 73728}}
:::MLLOG {"namespace": "", "time_ms": 1778068991954, "event_type": "POINT_IN_TIME", "key": "eval_accuracy", "value": 3.6936275959014893, "metadata": {"file": "/opt/venv/lib/python3.12/site-packages/primus_mllog/mlperf_pre_training.py", "lineno": 156, "samples_count": 73728}}
:::MLLOG {"namespace": "", "time_ms": 1778068991955, "event_type": "INTERVAL_END", "key": "eval_stop", "value": null, "metadata": {"file": "/opt/venv/lib/python3.12/site-packages/primus_mllog/mlperf_pre_training.py", "lineno": 170, "samples_count": 73728}}
:::MLLOG {"namespace": "", "time_ms": 1778068991955, "event_type": "INTERVAL_START", "key": "block_start", "value": null, "metadata": {"file": "/opt/venv/lib/python3.12/site-packages/primus_mllog/mlperf_pre_training.py", "lineno": 174, "samples_count": 73728}}
:::MLLOG {"namespace": "", "time_ms": 1778069336788, "event_type": "INTERVAL_END", "key": "block_stop", "value": null, "metadata": {"file": "/opt/venv/lib/python3.12/site-packages/primus_mllog/mlperf_pre_training.py", "lineno": 139, "samples_count": 86016}}
:::MLLOG {"namespace": "", "time_ms": 1778069336788, "event_type": "INTERVAL_START", "key": "eval_start", "value": null, "metadata": {"file": "/opt/venv/lib/python3.12/site-packages/primus_mllog/mlperf_pre_training.py", "lineno": 141, "samples_count": 86016}}
:::MLLOG {"namespace": "", "time_ms": 1778069346053, "event_type": "POINT_IN_TIME", "key": "eval_accuracy", "value": 3.6080455780029297, "metadata": {"file": "/opt/venv/lib/python3.12/site-packages/primus_mllog/mlperf_pre_training.py", "lineno": 156, "samples_count": 86016}}
:::MLLOG {"namespace": "", "time_ms": 1778069346053, "event_type": "INTERVAL_END", "key": "eval_stop", "value": null, "metadata": {"file": "/opt/venv/lib/python3.12/site-packages/primus_mllog/mlperf_pre_training.py", "lineno": 170, "samples_count": 86016}}
:::MLLOG {"namespace": "", "time_ms": 1778069346053, "event_type": "INTERVAL_START", "key": "block_start", "value": null, "metadata": {"file": "/opt/venv/lib/python3.12/site-packages/primus_mllog/mlperf_pre_training.py", "lineno": 174, "samples_count": 86016}}
:::MLLOG {"namespace": "", "time_ms": 1778069689614, "event_type": "INTERVAL_END", "key": "block_stop", "value": null, "metadata": {"file": "/opt/venv/lib/python3.12/site-packages/primus_mllog/mlperf_pre_training.py", "lineno": 139, "samples_count": 98304}}
:::MLLOG {"namespace": "", "time_ms": 1778069689614, "event_type": "INTERVAL_START", "key": "eval_start", "value": null, "metadata": {"file": "/opt/venv/lib/python3.12/site-packages/primus_mllog/mlperf_pre_training.py", "lineno": 141, "samples_count": 98304}}
:::MLLOG {"namespace": "", "time_ms": 1778069698918, "event_type": "POINT_IN_TIME", "key": "eval_accuracy", "value": 3.5404622554779053, "metadata": {"file": "/opt/venv/lib/python3.12/site-packages/primus_mllog/mlperf_pre_training.py", "lineno": 156, "samples_count": 98304}}
:::MLLOG {"namespace": "", "time_ms": 1778069698918, "event_type": "INTERVAL_END", "key": "eval_stop", "value": null, "metadata": {"file": "/opt/venv/lib/python3.12/site-packages/primus_mllog/mlperf_pre_training.py", "lineno": 170, "samples_count": 98304}}
:::MLLOG {"namespace": "", "time_ms": 1778069698918, "event_type": "INTERVAL_START", "key": "block_start", "value": null, "metadata": {"file": "/opt/venv/lib/python3.12/site-packages/primus_mllog/mlperf_pre_training.py", "lineno": 174, "samples_count": 98304}}
:::MLLOG {"namespace": "", "time_ms": 1778070044172, "event_type": "INTERVAL_END", "key": "block_stop", "value": null, "metadata": {"file": "/opt/venv/lib/python3.12/site-packages/primus_mllog/mlperf_pre_training.py", "lineno": 139, "samples_count": 110592}}
:::MLLOG {"namespace": "", "time_ms": 1778070044173, "event_type": "INTERVAL_START", "key": "eval_start", "value": null, "metadata": {"file": "/opt/venv/lib/python3.12/site-packages/primus_mllog/mlperf_pre_training.py", "lineno": 141, "samples_count": 110592}}
:::MLLOG {"namespace": "", "time_ms": 1778070053472, "event_type": "POINT_IN_TIME", "key": "eval_accuracy", "value": 3.4941954612731934, "metadata": {"file": "/opt/venv/lib/python3.12/site-packages/primus_mllog/mlperf_pre_training.py", "lineno": 156, "samples_count": 110592}}
:::MLLOG {"namespace": "", "time_ms": 1778070053473, "event_type": "INTERVAL_END", "key": "eval_stop", "value": null, "metadata": {"file": "/opt/venv/lib/python3.12/site-packages/primus_mllog/mlperf_pre_training.py", "lineno": 170, "samples_count": 110592}}
:::MLLOG {"namespace": "", "time_ms": 1778070053473, "event_type": "INTERVAL_START", "key": "block_start", "value": null, "metadata": {"file": "/opt/venv/lib/python3.12/site-packages/primus_mllog/mlperf_pre_training.py", "lineno": 174, "samples_count": 110592}}
:::MLLOG {"namespace": "", "time_ms": 1778070398255, "event_type": "INTERVAL_END", "key": "block_stop", "value": null, "metadata": {"file": "/opt/venv/lib/python3.12/site-packages/primus_mllog/mlperf_pre_training.py", "lineno": 139, "samples_count": 122880}}
:::MLLOG {"namespace": "", "time_ms": 1778070398255, "event_type": "INTERVAL_START", "key": "eval_start", "value": null, "metadata": {"file": "/opt/venv/lib/python3.12/site-packages/primus_mllog/mlperf_pre_training.py", "lineno": 141, "samples_count": 122880}}
:::MLLOG {"namespace": "", "time_ms": 1778070407719, "event_type": "POINT_IN_TIME", "key": "eval_accuracy", "value": 3.4513680934906006, "metadata": {"file": "/opt/venv/lib/python3.12/site-packages/primus_mllog/mlperf_pre_training.py", "lineno": 156, "samples_count": 122880}}
:::MLLOG {"namespace": "", "time_ms": 1778070407719, "event_type": "INTERVAL_END", "key": "eval_stop", "value": null, "metadata": {"file": "/opt/venv/lib/python3.12/site-packages/primus_mllog/mlperf_pre_training.py", "lineno": 170, "samples_count": 122880}}
:::MLLOG {"namespace": "", "time_ms": 1778070407719, "event_type": "INTERVAL_START", "key": "block_start", "value": null, "metadata": {"file": "/opt/venv/lib/python3.12/site-packages/primus_mllog/mlperf_pre_training.py", "lineno": 174, "samples_count": 122880}}
:::MLLOG {"namespace": "", "time_ms": 1778070751686, "event_type": "INTERVAL_END", "key": "block_stop", "value": null, "metadata": {"file": "/opt/venv/lib/python3.12/site-packages/primus_mllog/mlperf_pre_training.py", "lineno": 139, "samples_count": 135168}}
:::MLLOG {"namespace": "", "time_ms": 1778070751686, "event_type": "INTERVAL_START", "key": "eval_start", "value": null, "metadata": {"file": "/opt/venv/lib/python3.12/site-packages/primus_mllog/mlperf_pre_training.py", "lineno": 141, "samples_count": 135168}}
:::MLLOG {"namespace": "", "time_ms": 1778070760930, "event_type": "POINT_IN_TIME", "key": "eval_accuracy", "value": 3.4165380001068115, "metadata": {"file": "/opt/venv/lib/python3.12/site-packages/primus_mllog/mlperf_pre_training.py", "lineno": 156, "samples_count": 135168}}
:::MLLOG {"namespace": "", "time_ms": 1778070760930, "event_type": "INTERVAL_END", "key": "eval_stop", "value": null, "metadata": {"file": "/opt/venv/lib/python3.12/site-packages/primus_mllog/mlperf_pre_training.py", "lineno": 170, "samples_count": 135168}}
:::MLLOG {"namespace": "", "time_ms": 1778070760930, "event_type": "INTERVAL_START", "key": "block_start", "value": null, "metadata": {"file": "/opt/venv/lib/python3.12/site-packages/primus_mllog/mlperf_pre_training.py", "lineno": 174, "samples_count": 135168}}
:::MLLOG {"namespace": "", "time_ms": 1778071105110, "event_type": "INTERVAL_END", "key": "block_stop", "value": null, "metadata": {"file": "/opt/venv/lib/python3.12/site-packages/primus_mllog/mlperf_pre_training.py", "lineno": 139, "samples_count": 147456}}
:::MLLOG {"namespace": "", "time_ms": 1778071105111, "event_type": "INTERVAL_START", "key": "eval_start", "value": null, "metadata": {"file": "/opt/venv/lib/python3.12/site-packages/primus_mllog/mlperf_pre_training.py", "lineno": 141, "samples_count": 147456}}
:::MLLOG {"namespace": "", "time_ms": 1778071114400, "event_type": "POINT_IN_TIME", "key": "eval_accuracy", "value": 3.378757953643799, "metadata": {"file": "/opt/venv/lib/python3.12/site-packages/primus_mllog/mlperf_pre_training.py", "lineno": 156, "samples_count": 147456}}
:::MLLOG {"namespace": "", "time_ms": 1778071114400, "event_type": "INTERVAL_END", "key": "eval_stop", "value": null, "metadata": {"file": "/opt/venv/lib/python3.12/site-packages/primus_mllog/mlperf_pre_training.py", "lineno": 170, "samples_count": 147456}}
:::MLLOG {"namespace": "", "time_ms": 1778071114401, "event_type": "INTERVAL_START", "key": "block_start", "value": null, "metadata": {"file": "/opt/venv/lib/python3.12/site-packages/primus_mllog/mlperf_pre_training.py", "lineno": 174, "samples_count": 147456}}
:::MLLOG {"namespace": "", "time_ms": 1778071458550, "event_type": "INTERVAL_END", "key": "block_stop", "value": null, "metadata": {"file": "/opt/venv/lib/python3.12/site-packages/primus_mllog/mlperf_pre_training.py", "lineno": 139, "samples_count": 159744}}
:::MLLOG {"namespace": "", "time_ms": 1778071458550, "event_type": "INTERVAL_START", "key": "eval_start", "value": null, "metadata": {"file": "/opt/venv/lib/python3.12/site-packages/primus_mllog/mlperf_pre_training.py", "lineno": 141, "samples_count": 159744}}
:::MLLOG {"namespace": "", "time_ms": 1778071467840, "event_type": "POINT_IN_TIME", "key": "eval_accuracy", "value": 3.3493337631225586, "metadata": {"file": "/opt/venv/lib/python3.12/site-packages/primus_mllog/mlperf_pre_training.py", "lineno": 156, "samples_count": 159744}}
:::MLLOG {"namespace": "", "time_ms": 1778071467840, "event_type": "INTERVAL_END", "key": "eval_stop", "value": null, "metadata": {"file": "/opt/venv/lib/python3.12/site-packages/primus_mllog/mlperf_pre_training.py", "lineno": 170, "samples_count": 159744}}
:::MLLOG {"namespace": "", "time_ms": 1778071467840, "event_type": "INTERVAL_START", "key": "block_start", "value": null, "metadata": {"file": "/opt/venv/lib/python3.12/site-packages/primus_mllog/mlperf_pre_training.py", "lineno": 174, "samples_count": 159744}}
:::MLLOG {"namespace": "", "time_ms": 1778071812572, "event_type": "INTERVAL_END", "key": "block_stop", "value": null, "metadata": {"file": "/opt/venv/lib/python3.12/site-packages/primus_mllog/mlperf_pre_training.py", "lineno": 139, "samples_count": 172032}}
:::MLLOG {"namespace": "", "time_ms": 1778071812572, "event_type": "INTERVAL_START", "key": "eval_start", "value": null, "metadata": {"file": "/opt/venv/lib/python3.12/site-packages/primus_mllog/mlperf_pre_training.py", "lineno": 141, "samples_count": 172032}}
:::MLLOG {"namespace": "", "time_ms": 1778071821884, "event_type": "POINT_IN_TIME", "key": "eval_accuracy", "value": 3.329441547393799, "metadata": {"file": "/opt/venv/lib/python3.12/site-packages/primus_mllog/mlperf_pre_training.py", "lineno": 156, "samples_count": 172032}}
:::MLLOG {"namespace": "", "time_ms": 1778071821884, "event_type": "INTERVAL_END", "key": "eval_stop", "value": null, "metadata": {"file": "/opt/venv/lib/python3.12/site-packages/primus_mllog/mlperf_pre_training.py", "lineno": 170, "samples_count": 172032}}
:::MLLOG {"namespace": "", "time_ms": 1778071821884, "event_type": "INTERVAL_START", "key": "block_start", "value": null, "metadata": {"file": "/opt/venv/lib/python3.12/site-packages/primus_mllog/mlperf_pre_training.py", "lineno": 174, "samples_count": 172032}}
:::MLLOG {"namespace": "", "time_ms": 1778072165766, "event_type": "INTERVAL_END", "key": "block_stop", "value": null, "metadata": {"file": "/opt/venv/lib/python3.12/site-packages/primus_mllog/mlperf_pre_training.py", "lineno": 139, "samples_count": 184320}}
:::MLLOG {"namespace": "", "time_ms": 1778072165766, "event_type": "INTERVAL_START", "key": "eval_start", "value": null, "metadata": {"file": "/opt/venv/lib/python3.12/site-packages/primus_mllog/mlperf_pre_training.py", "lineno": 141, "samples_count": 184320}}
:::MLLOG {"namespace": "", "time_ms": 1778072175116, "event_type": "POINT_IN_TIME", "key": "eval_accuracy", "value": 3.3023128509521484, "metadata": {"file": "/opt/venv/lib/python3.12/site-packages/primus_mllog/mlperf_pre_training.py", "lineno": 156, "samples_count": 184320}}
:::MLLOG {"namespace": "", "time_ms": 1778072175117, "event_type": "INTERVAL_END", "key": "eval_stop", "value": null, "metadata": {"file": "/opt/venv/lib/python3.12/site-packages/primus_mllog/mlperf_pre_training.py", "lineno": 170, "samples_count": 184320}}
:::MLLOG {"namespace": "", "time_ms": 1778072175117, "event_type": "INTERVAL_START", "key": "block_start", "value": null, "metadata": {"file": "/opt/venv/lib/python3.12/site-packages/primus_mllog/mlperf_pre_training.py", "lineno": 174, "samples_count": 184320}}
:::MLLOG {"namespace": "", "time_ms": 1778072519179, "event_type": "INTERVAL_END", "key": "block_stop", "value": null, "metadata": {"file": "/opt/venv/lib/python3.12/site-packages/primus_mllog/mlperf_pre_training.py", "lineno": 139, "samples_count": 196608}}
:::MLLOG {"namespace": "", "time_ms": 1778072519180, "event_type": "INTERVAL_START", "key": "eval_start", "value": null, "metadata": {"file": "/opt/venv/lib/python3.12/site-packages/primus_mllog/mlperf_pre_training.py", "lineno": 141, "samples_count": 196608}}
:::MLLOG {"namespace": "", "time_ms": 1778072528423, "event_type": "POINT_IN_TIME", "key": "eval_accuracy", "value": 3.2859272956848145, "metadata": {"file": "/opt/venv/lib/python3.12/site-packages/primus_mllog/mlperf_pre_training.py", "lineno": 156, "samples_count": 196608}}
:::MLLOG {"namespace": "", "time_ms": 1778072528424, "event_type": "INTERVAL_END", "key": "eval_stop", "value": null, "metadata": {"file": "/opt/venv/lib/python3.12/site-packages/primus_mllog/mlperf_pre_training.py", "lineno": 170, "samples_count": 196608}}
:::MLLOG {"namespace": "", "time_ms": 1778072528431, "event_type": "INTERVAL_END", "key": "epoch_stop", "value": null, "metadata": {"file": "/opt/venv/lib/python3.12/site-packages/primus_mllog/mlperf_pre_training.py", "lineno": 220, "samples_count": 196608}}
:::MLLOG {"namespace": "", "time_ms": 1778072528431, "event_type": "INTERVAL_END", "key": "run_stop", "value": null, "metadata": {"file": "/opt/venv/lib/python3.12/site-packages/primus_mllog/mlperf_pre_training.py", "lineno": 224, "samples_count": 196608, "status": "success"}}
:::MLLOG {"namespace": "", "time_ms": 1778072547474, "event_type": "POINT_IN_TIME", "key": "run_duration", "value": "5659.6s -> 94.33 minutes", "metadata": {"file": "/opt/venv/lib/python3.12/site-packages/primus_mllog/mlperf_pre_training.py", "lineno": 87, "samples": 196608}}
:::MLLOG {"namespace": "", "time_ms": 1778072547475, "event_type": "POINT_IN_TIME", "key": "overall_throughput", "value": 34.74, "metadata": {"file": "/opt/venv/lib/python3.12/site-packages/primus_mllog/mlperf_pre_training.py", "lineno": 92, "samples": 196608}}
:::MLLOG {"namespace": "", "time_ms": 1778072635540, "event_type": "POINT_IN_TIME", "key": "global_batch_size", "value": 32, "metadata": {"file": "/opt/venv/lib/python3.12/site-packages/primus_mllog/mlperf_pre_training.py", "lineno": 66}}
:::MLLOG {"namespace": "", "time_ms": 1778072635540, "event_type": "POINT_IN_TIME", "key": "gradient_accumulation_steps", "value": 2, "metadata": {"file": "/opt/venv/lib/python3.12/site-packages/primus_mllog/mlperf_pre_training.py", "lineno": 66}}
:::MLLOG {"namespace": "", "time_ms": 1778072635540, "event_type": "POINT_IN_TIME", "key": "max_sequence_length", "value": 8192, "metadata": {"file": "/opt/venv/lib/python3.12/site-packages/primus_mllog/mlperf_pre_training.py", "lineno": 66}}
:::MLLOG {"namespace": "", "time_ms": 1778072635540, "event_type": "POINT_IN_TIME", "key": "train_samples", "value": 38400000, "metadata": {"file": "/opt/venv/lib/python3.12/site-packages/primus_mllog/mlperf_pre_training.py", "lineno": 66}}
:::MLLOG {"namespace": "", "time_ms": 1778072635541, "event_type": "POINT_IN_TIME", "key": "eval_samples", "value": 1024, "metadata": {"file": "/opt/venv/lib/python3.12/site-packages/primus_mllog/mlperf_pre_training.py", "lineno": 66}}
:::MLLOG {"namespace": "", "time_ms": 1778072635541, "event_type": "POINT_IN_TIME", "key": "seed", "value": 30903, "metadata": {"file": "/opt/venv/lib/python3.12/site-packages/primus_mllog/mlperf_pre_training.py", "lineno": 66}}
:::MLLOG {"namespace": "", "time_ms": 1778072635541, "event_type": "POINT_IN_TIME", "key": "init_checkpoint_step", "value": 0, "metadata": {"file": "/opt/venv/lib/python3.12/site-packages/primus_mllog/mlperf_pre_training.py", "lineno": 66}}
:::MLLOG {"namespace": "", "time_ms": 1778072635541, "event_type": "POINT_IN_TIME", "key": "opt_name", "value": "adamw", "metadata": {"file": "/opt/venv/lib/python3.12/site-packages/primus_mllog/mlperf_pre_training.py", "lineno": 66}}
:::MLLOG {"namespace": "", "time_ms": 1778072635541, "event_type": "POINT_IN_TIME", "key": "opt_base_learning_rate", "value": 0.0008, "metadata": {"file": "/opt/venv/lib/python3.12/site-packages/primus_mllog/mlperf_pre_training.py", "lineno": 66}}
:::MLLOG {"namespace": "", "time_ms": 1778072635541, "event_type": "POINT_IN_TIME", "key": "opt_adamw_beta_1", "value": 0.9, "metadata": {"file": "/opt/venv/lib/python3.12/site-packages/primus_mllog/mlperf_pre_training.py", "lineno": 66}}
:::MLLOG {"namespace": "", "time_ms": 1778072635541, "event_type": "POINT_IN_TIME", "key": "opt_adamw_beta_2", "value": 0.95, "metadata": {"file": "/opt/venv/lib/python3.12/site-packages/primus_mllog/mlperf_pre_training.py", "lineno": 66}}
:::MLLOG {"namespace": "", "time_ms": 1778072635541, "event_type": "POINT_IN_TIME", "key": "opt_adamw_epsilon", "value": 1e-05, "metadata": {"file": "/opt/venv/lib/python3.12/site-packages/primus_mllog/mlperf_pre_training.py", "lineno": 66}}
:::MLLOG {"namespace": "", "time_ms": 1778072635541, "event_type": "POINT_IN_TIME", "key": "opt_adamw_weight_decay", "value": 0.1, "metadata": {"file": "/opt/venv/lib/python3.12/site-packages/primus_mllog/mlperf_pre_training.py", "lineno": 66}}
:::MLLOG {"namespace": "", "time_ms": 1778072635541, "event_type": "POINT_IN_TIME", "key": "opt_gradient_clip_norm", "value": 1.0, "metadata": {"file": "/opt/venv/lib/python3.12/site-packages/primus_mllog/mlperf_pre_training.py", "lineno": 66}}
:::MLLOG {"namespace": "", "time_ms": 1778072635541, "event_type": "POINT_IN_TIME", "key": "opt_end_learning_rate", "value": 8e-05, "metadata": {"file": "/opt/venv/lib/python3.12/site-packages/primus_mllog/mlperf_pre_training.py", "lineno": 66}}
:::MLLOG {"namespace": "", "time_ms": 1778072635541, "event_type": "POINT_IN_TIME", "key": "opt_learning_rate_warmup_steps", "value": 64, "metadata": {"file": "/opt/venv/lib/python3.12/site-packages/primus_mllog/mlperf_pre_training.py", "lineno": 66}}
:::MLLOG {"namespace": "", "time_ms": 1778072635541, "event_type": "POINT_IN_TIME", "key": "opt_learning_rate_decay_steps", "value": 1199936, "metadata": {"file": "/opt/venv/lib/python3.12/site-packages/primus_mllog/mlperf_pre_training.py", "lineno": 66}}
:::MLLOG {"namespace": "", "time_ms": 1778072635541, "event_type": "POINT_IN_TIME", "key": "opt_learning_rate_decay_schedule", "value": "cosine with linear warmup", "metadata": {"file": "/opt/venv/lib/python3.12/site-packages/primus_mllog/mlperf_pre_training.py", "lineno": 66}}
:::MLLOG {"namespace": "", "time_ms": 1778072635541, "event_type": "POINT_IN_TIME", "key": "max_steps", "value": 1200000, "metadata": {"file": "/opt/venv/lib/python3.12/site-packages/primus_mllog/mlperf_pre_training.py", "lineno": 66}}
:::MLLOG {"namespace": "", "time_ms": 1778072635541, "event_type": "POINT_IN_TIME", "key": "submission_benchmark", "value": "llama31_8b", "metadata": {"file": "/opt/venv/lib/python3.12/site-packages/primus_mllog/mlperf_pre_training.py", "lineno": 66}}
:::MLLOG {"namespace": "", "time_ms": 1778072635541, "event_type": "POINT_IN_TIME", "key": "submission_division", "value": "closed", "metadata": {"file": "/opt/venv/lib/python3.12/site-packages/primus_mllog/mlperf_pre_training.py", "lineno": 66}}
:::MLLOG {"namespace": "", "time_ms": 1778072635541, "event_type": "POINT_IN_TIME", "key": "submission_status", "value": "", "metadata": {"file": "/opt/venv/lib/python3.12/site-packages/primus_mllog/mlperf_pre_training.py", "lineno": 66}}
:::MLLOG {"namespace": "", "time_ms": 1778072635541, "event_type": "POINT_IN_TIME", "key": "submission_org", "value": "AMD", "metadata": {"file": "/opt/venv/lib/python3.12/site-packages/primus_mllog/mlperf_pre_training.py", "lineno": 66}}
:::MLLOG {"namespace": "", "time_ms": 1778072635541, "event_type": "POINT_IN_TIME", "key": "submission_platform", "value": "MI355X", "metadata": {"file": "/opt/venv/lib/python3.12/site-packages/primus_mllog/mlperf_pre_training.py", "lineno": 66}}
:::MLLOG {"namespace": "", "time_ms": 1778072635541, "event_type": "INTERVAL_END", "key": "init_stop", "value": null, "metadata": {"file": "/opt/venv/lib/python3.12/site-packages/primus_mllog/mlperf_pre_training.py", "lineno": 68}}
:::MLLOG {"namespace": "", "time_ms": 1778072695082, "event_type": "INTERVAL_START", "key": "run_start", "value": null, "metadata": {"file": "/opt/venv/lib/python3.12/site-packages/primus_mllog/mlperf_pre_training.py", "lineno": 193}}
:::MLLOG {"namespace": "", "time_ms": 1778072695083, "event_type": "INTERVAL_START", "key": "epoch_start", "value": null, "metadata": {"file": "/opt/venv/lib/python3.12/site-packages/primus_mllog/mlperf_pre_training.py", "lineno": 196, "samples_count": 0}}
:::MLLOG {"namespace": "", "time_ms": 1778072695083, "event_type": "INTERVAL_START", "key": "block_start", "value": null, "metadata": {"file": "/opt/venv/lib/python3.12/site-packages/primus_mllog/mlperf_pre_training.py", "lineno": 198, "samples_count": 0}}
:::MLLOG {"namespace": "", "time_ms": 1778073040054, "event_type": "INTERVAL_END", "key": "block_stop", "value": null, "metadata": {"file": "/opt/venv/lib/python3.12/site-packages/primus_mllog/mlperf_pre_training.py", "lineno": 139, "samples_count": 12288}}
:::MLLOG {"namespace": "", "time_ms": 1778073040055, "event_type": "INTERVAL_START", "key": "eval_start", "value": null, "metadata": {"file": "/opt/venv/lib/python3.12/site-packages/primus_mllog/mlperf_pre_training.py", "lineno": 141, "samples_count": 12288}}
:::MLLOG {"namespace": "", "time_ms": 1778073050465, "event_type": "POINT_IN_TIME", "key": "eval_accuracy", "value": 5.812219142913818, "metadata": {"file": "/opt/venv/lib/python3.12/site-packages/primus_mllog/mlperf_pre_training.py", "lineno": 156, "samples_count": 12288}}
:::MLLOG {"namespace": "", "time_ms": 1778073050466, "event_type": "INTERVAL_END", "key": "eval_stop", "value": null, "metadata": {"file": "/opt/venv/lib/python3.12/site-packages/primus_mllog/mlperf_pre_training.py", "lineno": 170, "samples_count": 12288}}
:::MLLOG {"namespace": "", "time_ms": 1778073050466, "event_type": "INTERVAL_START", "key": "block_start", "value": null, "metadata": {"file": "/opt/venv/lib/python3.12/site-packages/primus_mllog/mlperf_pre_training.py", "lineno": 174, "samples_count": 12288}}
:::MLLOG {"namespace": "", "time_ms": 1778073395964, "event_type": "INTERVAL_END", "key": "block_stop", "value": null, "metadata": {"file": "/opt/venv/lib/python3.12/site-packages/primus_mllog/mlperf_pre_training.py", "lineno": 139, "samples_count": 24576}}
:::MLLOG {"namespace": "", "time_ms": 1778073395965, "event_type": "INTERVAL_START", "key": "eval_start", "value": null, "metadata": {"file": "/opt/venv/lib/python3.12/site-packages/primus_mllog/mlperf_pre_training.py", "lineno": 141, "samples_count": 24576}}
:::MLLOG {"namespace": "", "time_ms": 1778073405129, "event_type": "POINT_IN_TIME", "key": "eval_accuracy", "value": 4.513965606689453, "metadata": {"file": "/opt/venv/lib/python3.12/site-packages/primus_mllog/mlperf_pre_training.py", "lineno": 156, "samples_count": 24576}}
:::MLLOG {"namespace": "", "time_ms": 1778073405130, "event_type": "INTERVAL_END", "key": "eval_stop", "value": null, "metadata": {"file": "/opt/venv/lib/python3.12/site-packages/primus_mllog/mlperf_pre_training.py", "lineno": 170, "samples_count": 24576}}
:::MLLOG {"namespace": "", "time_ms": 1778073405130, "event_type": "INTERVAL_START", "key": "block_start", "value": null, "metadata": {"file": "/opt/venv/lib/python3.12/site-packages/primus_mllog/mlperf_pre_training.py", "lineno": 174, "samples_count": 24576}}
:::MLLOG {"namespace": "", "time_ms": 1778073749575, "event_type": "INTERVAL_END", "key": "block_stop", "value": null, "metadata": {"file": "/opt/venv/lib/python3.12/site-packages/primus_mllog/mlperf_pre_training.py", "lineno": 139, "samples_count": 36864}}
:::MLLOG {"namespace": "", "time_ms": 1778073749576, "event_type": "INTERVAL_START", "key": "eval_start", "value": null, "metadata": {"file": "/opt/venv/lib/python3.12/site-packages/primus_mllog/mlperf_pre_training.py", "lineno": 141, "samples_count": 36864}}
:::MLLOG {"namespace": "", "time_ms": 1778073758782, "event_type": "POINT_IN_TIME", "key": "eval_accuracy", "value": 4.068923473358154, "metadata": {"file": "/opt/venv/lib/python3.12/site-packages/primus_mllog/mlperf_pre_training.py", "lineno": 156, "samples_count": 36864}}
:::MLLOG {"namespace": "", "time_ms": 1778073758783, "event_type": "INTERVAL_END", "key": "eval_stop", "value": null, "metadata": {"file": "/opt/venv/lib/python3.12/site-packages/primus_mllog/mlperf_pre_training.py", "lineno": 170, "samples_count": 36864}}
:::MLLOG {"namespace": "", "time_ms": 1778073758783, "event_type": "INTERVAL_START", "key": "block_start", "value": null, "metadata": {"file": "/opt/venv/lib/python3.12/site-packages/primus_mllog/mlperf_pre_training.py", "lineno": 174, "samples_count": 36864}}
:::MLLOG {"namespace": "", "time_ms": 1778074103719, "event_type": "INTERVAL_END", "key": "block_stop", "value": null, "metadata": {"file": "/opt/venv/lib/python3.12/site-packages/primus_mllog/mlperf_pre_training.py", "lineno": 139, "samples_count": 49152}}
:::MLLOG {"namespace": "", "time_ms": 1778074103720, "event_type": "INTERVAL_START", "key": "eval_start", "value": null, "metadata": {"file": "/opt/venv/lib/python3.12/site-packages/primus_mllog/mlperf_pre_training.py", "lineno": 141, "samples_count": 49152}}
:::MLLOG {"namespace": "", "time_ms": 1778074112926, "event_type": "POINT_IN_TIME", "key": "eval_accuracy", "value": 3.872446298599243, "metadata": {"file": "/opt/venv/lib/python3.12/site-packages/primus_mllog/mlperf_pre_training.py", "lineno": 156, "samples_count": 49152}}
:::MLLOG {"namespace": "", "time_ms": 1778074112926, "event_type": "INTERVAL_END", "key": "eval_stop", "value": null, "metadata": {"file": "/opt/venv/lib/python3.12/site-packages/primus_mllog/mlperf_pre_training.py", "lineno": 170, "samples_count": 49152}}
:::MLLOG {"namespace": "", "time_ms": 1778074112926, "event_type": "INTERVAL_START", "key": "block_start", "value": null, "metadata": {"file": "/opt/venv/lib/python3.12/site-packages/primus_mllog/mlperf_pre_training.py", "lineno": 174, "samples_count": 49152}}
:::MLLOG {"namespace": "", "time_ms": 1778074458659, "event_type": "INTERVAL_END", "key": "block_stop", "value": null, "metadata": {"file": "/opt/venv/lib/python3.12/site-packages/primus_mllog/mlperf_pre_training.py", "lineno": 139, "samples_count": 61440}}
:::MLLOG {"namespace": "", "time_ms": 1778074458660, "event_type": "INTERVAL_START", "key": "eval_start", "value": null, "metadata": {"file": "/opt/venv/lib/python3.12/site-packages/primus_mllog/mlperf_pre_training.py", "lineno": 141, "samples_count": 61440}}
:::MLLOG {"namespace": "", "time_ms": 1778074467903, "event_type": "POINT_IN_TIME", "key": "eval_accuracy", "value": 3.7466182708740234, "metadata": {"file": "/opt/venv/lib/python3.12/site-packages/primus_mllog/mlperf_pre_training.py", "lineno": 156, "samples_count": 61440}}
:::MLLOG {"namespace": "", "time_ms": 1778074467903, "event_type": "INTERVAL_END", "key": "eval_stop", "value": null, "metadata": {"file": "/opt/venv/lib/python3.12/site-packages/primus_mllog/mlperf_pre_training.py", "lineno": 170, "samples_count": 61440}}
:::MLLOG {"namespace": "", "time_ms": 1778074467903, "event_type": "INTERVAL_START", "key": "block_start", "value": null, "metadata": {"file": "/opt/venv/lib/python3.12/site-packages/primus_mllog/mlperf_pre_training.py", "lineno": 174, "samples_count": 61440}}
:::MLLOG {"namespace": "", "time_ms": 1778074812531, "event_type": "INTERVAL_END", "key": "block_stop", "value": null, "metadata": {"file": "/opt/venv/lib/python3.12/site-packages/primus_mllog/mlperf_pre_training.py", "lineno": 139, "samples_count": 73728}}
:::MLLOG {"namespace": "", "time_ms": 1778074812532, "event_type": "INTERVAL_START", "key": "eval_start", "value": null, "metadata": {"file": "/opt/venv/lib/python3.12/site-packages/primus_mllog/mlperf_pre_training.py", "lineno": 141, "samples_count": 73728}}
:::MLLOG {"namespace": "", "time_ms": 1778074821856, "event_type": "POINT_IN_TIME", "key": "eval_accuracy", "value": 3.6565356254577637, "metadata": {"file": "/opt/venv/lib/python3.12/site-packages/primus_mllog/mlperf_pre_training.py", "lineno": 156, "samples_count": 73728}}
:::MLLOG {"namespace": "", "time_ms": 1778074821856, "event_type": "INTERVAL_END", "key": "eval_stop", "value": null, "metadata": {"file": "/opt/venv/lib/python3.12/site-packages/primus_mllog/mlperf_pre_training.py", "lineno": 170, "samples_count": 73728}}
:::MLLOG {"namespace": "", "time_ms": 1778074821856, "event_type": "INTERVAL_START", "key": "block_start", "value": null, "metadata": {"file": "/opt/venv/lib/python3.12/site-packages/primus_mllog/mlperf_pre_training.py", "lineno": 174, "samples_count": 73728}}
:::MLLOG {"namespace": "", "time_ms": 1778075165166, "event_type": "INTERVAL_END", "key": "block_stop", "value": null, "metadata": {"file": "/opt/venv/lib/python3.12/site-packages/primus_mllog/mlperf_pre_training.py", "lineno": 139, "samples_count": 86016}}
:::MLLOG {"namespace": "", "time_ms": 1778075165167, "event_type": "INTERVAL_START", "key": "eval_start", "value": null, "metadata": {"file": "/opt/venv/lib/python3.12/site-packages/primus_mllog/mlperf_pre_training.py", "lineno": 141, "samples_count": 86016}}
:::MLLOG {"namespace": "", "time_ms": 1778075174365, "event_type": "POINT_IN_TIME", "key": "eval_accuracy", "value": 3.576158285140991, "metadata": {"file": "/opt/venv/lib/python3.12/site-packages/primus_mllog/mlperf_pre_training.py", "lineno": 156, "samples_count": 86016}}
:::MLLOG {"namespace": "", "time_ms": 1778075174366, "event_type": "INTERVAL_END", "key": "eval_stop", "value": null, "metadata": {"file": "/opt/venv/lib/python3.12/site-packages/primus_mllog/mlperf_pre_training.py", "lineno": 170, "samples_count": 86016}}
:::MLLOG {"namespace": "", "time_ms": 1778075174366, "event_type": "INTERVAL_START", "key": "block_start", "value": null, "metadata": {"file": "/opt/venv/lib/python3.12/site-packages/primus_mllog/mlperf_pre_training.py", "lineno": 174, "samples_count": 86016}}
:::MLLOG {"namespace": "", "time_ms": 1778075518274, "event_type": "INTERVAL_END", "key": "block_stop", "value": null, "metadata": {"file": "/opt/venv/lib/python3.12/site-packages/primus_mllog/mlperf_pre_training.py", "lineno": 139, "samples_count": 98304}}
:::MLLOG {"namespace": "", "time_ms": 1778075518274, "event_type": "INTERVAL_START", "key": "eval_start", "value": null, "metadata": {"file": "/opt/venv/lib/python3.12/site-packages/primus_mllog/mlperf_pre_training.py", "lineno": 141, "samples_count": 98304}}
:::MLLOG {"namespace": "", "time_ms": 1778075527543, "event_type": "POINT_IN_TIME", "key": "eval_accuracy", "value": 3.5130817890167236, "metadata": {"file": "/opt/venv/lib/python3.12/site-packages/primus_mllog/mlperf_pre_training.py", "lineno": 156, "samples_count": 98304}}
:::MLLOG {"namespace": "", "time_ms": 1778075527544, "event_type": "INTERVAL_END", "key": "eval_stop", "value": null, "metadata": {"file": "/opt/venv/lib/python3.12/site-packages/primus_mllog/mlperf_pre_training.py", "lineno": 170, "samples_count": 98304}}
:::MLLOG {"namespace": "", "time_ms": 1778075527544, "event_type": "INTERVAL_START", "key": "block_start", "value": null, "metadata": {"file": "/opt/venv/lib/python3.12/site-packages/primus_mllog/mlperf_pre_training.py", "lineno": 174, "samples_count": 98304}}
:::MLLOG {"namespace": "", "time_ms": 1778075872872, "event_type": "INTERVAL_END", "key": "block_stop", "value": null, "metadata": {"file": "/opt/venv/lib/python3.12/site-packages/primus_mllog/mlperf_pre_training.py", "lineno": 139, "samples_count": 110592}}
:::MLLOG {"namespace": "", "time_ms": 1778075872872, "event_type": "INTERVAL_START", "key": "eval_start", "value": null, "metadata": {"file": "/opt/venv/lib/python3.12/site-packages/primus_mllog/mlperf_pre_training.py", "lineno": 141, "samples_count": 110592}}
:::MLLOG {"namespace": "", "time_ms": 1778075882135, "event_type": "POINT_IN_TIME", "key": "eval_accuracy", "value": 3.4626269340515137, "metadata": {"file": "/opt/venv/lib/python3.12/site-packages/primus_mllog/mlperf_pre_training.py", "lineno": 156, "samples_count": 110592}}
:::MLLOG {"namespace": "", "time_ms": 1778075882135, "event_type": "INTERVAL_END", "key": "eval_stop", "value": null, "metadata": {"file": "/opt/venv/lib/python3.12/site-packages/primus_mllog/mlperf_pre_training.py", "lineno": 170, "samples_count": 110592}}
:::MLLOG {"namespace": "", "time_ms": 1778075882135, "event_type": "INTERVAL_START", "key": "block_start", "value": null, "metadata": {"file": "/opt/venv/lib/python3.12/site-packages/primus_mllog/mlperf_pre_training.py", "lineno": 174, "samples_count": 110592}}
:::MLLOG {"namespace": "", "time_ms": 1778076224912, "event_type": "INTERVAL_END", "key": "block_stop", "value": null, "metadata": {"file": "/opt/venv/lib/python3.12/site-packages/primus_mllog/mlperf_pre_training.py", "lineno": 139, "samples_count": 122880}}
:::MLLOG {"namespace": "", "time_ms": 1778076224913, "event_type": "INTERVAL_START", "key": "eval_start", "value": null, "metadata": {"file": "/opt/venv/lib/python3.12/site-packages/primus_mllog/mlperf_pre_training.py", "lineno": 141, "samples_count": 122880}}
:::MLLOG {"namespace": "", "time_ms": 1778076234129, "event_type": "POINT_IN_TIME", "key": "eval_accuracy", "value": 3.4208261966705322, "metadata": {"file": "/opt/venv/lib/python3.12/site-packages/primus_mllog/mlperf_pre_training.py", "lineno": 156, "samples_count": 122880}}
:::MLLOG {"namespace": "", "time_ms": 1778076234129, "event_type": "INTERVAL_END", "key": "eval_stop", "value": null, "metadata": {"file": "/opt/venv/lib/python3.12/site-packages/primus_mllog/mlperf_pre_training.py", "lineno": 170, "samples_count": 122880}}
:::MLLOG {"namespace": "", "time_ms": 1778076234129, "event_type": "INTERVAL_START", "key": "block_start", "value": null, "metadata": {"file": "/opt/venv/lib/python3.12/site-packages/primus_mllog/mlperf_pre_training.py", "lineno": 174, "samples_count": 122880}}
:::MLLOG {"namespace": "", "time_ms": 1778076579134, "event_type": "INTERVAL_END", "key": "block_stop", "value": null, "metadata": {"file": "/opt/venv/lib/python3.12/site-packages/primus_mllog/mlperf_pre_training.py", "lineno": 139, "samples_count": 135168}}
:::MLLOG {"namespace": "", "time_ms": 1778076579135, "event_type": "INTERVAL_START", "key": "eval_start", "value": null, "metadata": {"file": "/opt/venv/lib/python3.12/site-packages/primus_mllog/mlperf_pre_training.py", "lineno": 141, "samples_count": 135168}}
:::MLLOG {"namespace": "", "time_ms": 1778076588341, "event_type": "POINT_IN_TIME", "key": "eval_accuracy", "value": 3.3851659297943115, "metadata": {"file": "/opt/venv/lib/python3.12/site-packages/primus_mllog/mlperf_pre_training.py", "lineno": 156, "samples_count": 135168}}
:::MLLOG {"namespace": "", "time_ms": 1778076588342, "event_type": "INTERVAL_END", "key": "eval_stop", "value": null, "metadata": {"file": "/opt/venv/lib/python3.12/site-packages/primus_mllog/mlperf_pre_training.py", "lineno": 170, "samples_count": 135168}}
:::MLLOG {"namespace": "", "time_ms": 1778076588342, "event_type": "INTERVAL_START", "key": "block_start", "value": null, "metadata": {"file": "/opt/venv/lib/python3.12/site-packages/primus_mllog/mlperf_pre_training.py", "lineno": 174, "samples_count": 135168}}
:::MLLOG {"namespace": "", "time_ms": 1778076931887, "event_type": "INTERVAL_END", "key": "block_stop", "value": null, "metadata": {"file": "/opt/venv/lib/python3.12/site-packages/primus_mllog/mlperf_pre_training.py", "lineno": 139, "samples_count": 147456}}
:::MLLOG {"namespace": "", "time_ms": 1778076931887, "event_type": "INTERVAL_START", "key": "eval_start", "value": null, "metadata": {"file": "/opt/venv/lib/python3.12/site-packages/primus_mllog/mlperf_pre_training.py", "lineno": 141, "samples_count": 147456}}
:::MLLOG {"namespace": "", "time_ms": 1778076941183, "event_type": "POINT_IN_TIME", "key": "eval_accuracy", "value": 3.35784649848938, "metadata": {"file": "/opt/venv/lib/python3.12/site-packages/primus_mllog/mlperf_pre_training.py", "lineno": 156, "samples_count": 147456}}
:::MLLOG {"namespace": "", "time_ms": 1778076941184, "event_type": "INTERVAL_END", "key": "eval_stop", "value": null, "metadata": {"file": "/opt/venv/lib/python3.12/site-packages/primus_mllog/mlperf_pre_training.py", "lineno": 170, "samples_count": 147456}}
:::MLLOG {"namespace": "", "time_ms": 1778076941184, "event_type": "INTERVAL_START", "key": "block_start", "value": null, "metadata": {"file": "/opt/venv/lib/python3.12/site-packages/primus_mllog/mlperf_pre_training.py", "lineno": 174, "samples_count": 147456}}
:::MLLOG {"namespace": "", "time_ms": 1778077286034, "event_type": "INTERVAL_END", "key": "block_stop", "value": null, "metadata": {"file": "/opt/venv/lib/python3.12/site-packages/primus_mllog/mlperf_pre_training.py", "lineno": 139, "samples_count": 159744}}
:::MLLOG {"namespace": "", "time_ms": 1778077286035, "event_type": "INTERVAL_START", "key": "eval_start", "value": null, "metadata": {"file": "/opt/venv/lib/python3.12/site-packages/primus_mllog/mlperf_pre_training.py", "lineno": 141, "samples_count": 159744}}
:::MLLOG {"namespace": "", "time_ms": 1778077295254, "event_type": "POINT_IN_TIME", "key": "eval_accuracy", "value": 3.331728935241699, "metadata": {"file": "/opt/venv/lib/python3.12/site-packages/primus_mllog/mlperf_pre_training.py", "lineno": 156, "samples_count": 159744}}
:::MLLOG {"namespace": "", "time_ms": 1778077295254, "event_type": "INTERVAL_END", "key": "eval_stop", "value": null, "metadata": {"file": "/opt/venv/lib/python3.12/site-packages/primus_mllog/mlperf_pre_training.py", "lineno": 170, "samples_count": 159744}}
:::MLLOG {"namespace": "", "time_ms": 1778077295254, "event_type": "INTERVAL_START", "key": "block_start", "value": null, "metadata": {"file": "/opt/venv/lib/python3.12/site-packages/primus_mllog/mlperf_pre_training.py", "lineno": 174, "samples_count": 159744}}
:::MLLOG {"namespace": "", "time_ms": 1778077639813, "event_type": "INTERVAL_END", "key": "block_stop", "value": null, "metadata": {"file": "/opt/venv/lib/python3.12/site-packages/primus_mllog/mlperf_pre_training.py", "lineno": 139, "samples_count": 172032}}
:::MLLOG {"namespace": "", "time_ms": 1778077639814, "event_type": "INTERVAL_START", "key": "eval_start", "value": null, "metadata": {"file": "/opt/venv/lib/python3.12/site-packages/primus_mllog/mlperf_pre_training.py", "lineno": 141, "samples_count": 172032}}
:::MLLOG {"namespace": "", "time_ms": 1778077649063, "event_type": "POINT_IN_TIME", "key": "eval_accuracy", "value": 3.3069663047790527, "metadata": {"file": "/opt/venv/lib/python3.12/site-packages/primus_mllog/mlperf_pre_training.py", "lineno": 156, "samples_count": 172032}}
:::MLLOG {"namespace": "", "time_ms": 1778077649063, "event_type": "INTERVAL_END", "key": "eval_stop", "value": null, "metadata": {"file": "/opt/venv/lib/python3.12/site-packages/primus_mllog/mlperf_pre_training.py", "lineno": 170, "samples_count": 172032}}
:::MLLOG {"namespace": "", "time_ms": 1778077649064, "event_type": "INTERVAL_START", "key": "block_start", "value": null, "metadata": {"file": "/opt/venv/lib/python3.12/site-packages/primus_mllog/mlperf_pre_training.py", "lineno": 174, "samples_count": 172032}}
:::MLLOG {"namespace": "", "time_ms": 1778077992162, "event_type": "INTERVAL_END", "key": "block_stop", "value": null, "metadata": {"file": "/opt/venv/lib/python3.12/site-packages/primus_mllog/mlperf_pre_training.py", "lineno": 139, "samples_count": 184320}}
:::MLLOG {"namespace": "", "time_ms": 1778077992162, "event_type": "INTERVAL_START", "key": "eval_start", "value": null, "metadata": {"file": "/opt/venv/lib/python3.12/site-packages/primus_mllog/mlperf_pre_training.py", "lineno": 141, "samples_count": 184320}}
:::MLLOG {"namespace": "", "time_ms": 1778078001346, "event_type": "POINT_IN_TIME", "key": "eval_accuracy", "value": 3.294783115386963, "metadata": {"file": "/opt/venv/lib/python3.12/site-packages/primus_mllog/mlperf_pre_training.py", "lineno": 156, "samples_count": 184320}}
:::MLLOG {"namespace": "", "time_ms": 1778078001347, "event_type": "INTERVAL_END", "key": "eval_stop", "value": null, "metadata": {"file": "/opt/venv/lib/python3.12/site-packages/primus_mllog/mlperf_pre_training.py", "lineno": 170, "samples_count": 184320}}
:::MLLOG {"namespace": "", "time_ms": 1778078001354, "event_type": "INTERVAL_END", "key": "epoch_stop", "value": null, "metadata": {"file": "/opt/venv/lib/python3.12/site-packages/primus_mllog/mlperf_pre_training.py", "lineno": 220, "samples_count": 184320}}
:::MLLOG {"namespace": "", "time_ms": 1778078001354, "event_type": "INTERVAL_END", "key": "run_stop", "value": null, "metadata": {"file": "/opt/venv/lib/python3.12/site-packages/primus_mllog/mlperf_pre_training.py", "lineno": 224, "samples_count": 184320, "status": "success"}}
:::MLLOG {"namespace": "", "time_ms": 1778078020865, "event_type": "POINT_IN_TIME", "key": "run_duration", "value": "5306.26s -> 88.44 minutes", "metadata": {"file": "/opt/venv/lib/python3.12/site-packages/primus_mllog/mlperf_pre_training.py", "lineno": 87, "samples": 184320}}
:::MLLOG {"namespace": "", "time_ms": 1778078020866, "event_type": "POINT_IN_TIME", "key": "overall_throughput", "value": 34.74, "metadata": {"file": "/opt/venv/lib/python3.12/site-packages/primus_mllog/mlperf_pre_training.py", "lineno": 92, "samples": 184320}}
:::MLLOG {"namespace": "", "time_ms": 1778078109533, "event_type": "POINT_IN_TIME", "key": "global_batch_size", "value": 32, "metadata": {"file": "/opt/venv/lib/python3.12/site-packages/primus_mllog/mlperf_pre_training.py", "lineno": 66}}
:::MLLOG {"namespace": "", "time_ms": 1778078109533, "event_type": "POINT_IN_TIME", "key": "gradient_accumulation_steps", "value": 2, "metadata": {"file": "/opt/venv/lib/python3.12/site-packages/primus_mllog/mlperf_pre_training.py", "lineno": 66}}
:::MLLOG {"namespace": "", "time_ms": 1778078109533, "event_type": "POINT_IN_TIME", "key": "max_sequence_length", "value": 8192, "metadata": {"file": "/opt/venv/lib/python3.12/site-packages/primus_mllog/mlperf_pre_training.py", "lineno": 66}}
:::MLLOG {"namespace": "", "time_ms": 1778078109533, "event_type": "POINT_IN_TIME", "key": "train_samples", "value": 38400000, "metadata": {"file": "/opt/venv/lib/python3.12/site-packages/primus_mllog/mlperf_pre_training.py", "lineno": 66}}
:::MLLOG {"namespace": "", "time_ms": 1778078109533, "event_type": "POINT_IN_TIME", "key": "eval_samples", "value": 1024, "metadata": {"file": "/opt/venv/lib/python3.12/site-packages/primus_mllog/mlperf_pre_training.py", "lineno": 66}}
:::MLLOG {"namespace": "", "time_ms": 1778078109533, "event_type": "POINT_IN_TIME", "key": "seed", "value": 5634, "metadata": {"file": "/opt/venv/lib/python3.12/site-packages/primus_mllog/mlperf_pre_training.py", "lineno": 66}}
:::MLLOG {"namespace": "", "time_ms": 1778078109533, "event_type": "POINT_IN_TIME", "key": "init_checkpoint_step", "value": 0, "metadata": {"file": "/opt/venv/lib/python3.12/site-packages/primus_mllog/mlperf_pre_training.py", "lineno": 66}}
:::MLLOG {"namespace": "", "time_ms": 1778078109533, "event_type": "POINT_IN_TIME", "key": "opt_name", "value": "adamw", "metadata": {"file": "/opt/venv/lib/python3.12/site-packages/primus_mllog/mlperf_pre_training.py", "lineno": 66}}
:::MLLOG {"namespace": "", "time_ms": 1778078109533, "event_type": "POINT_IN_TIME", "key": "opt_base_learning_rate", "value": 0.0008, "metadata": {"file": "/opt/venv/lib/python3.12/site-packages/primus_mllog/mlperf_pre_training.py", "lineno": 66}}
:::MLLOG {"namespace": "", "time_ms": 1778078109533, "event_type": "POINT_IN_TIME", "key": "opt_adamw_beta_1", "value": 0.9, "metadata": {"file": "/opt/venv/lib/python3.12/site-packages/primus_mllog/mlperf_pre_training.py", "lineno": 66}}
:::MLLOG {"namespace": "", "time_ms": 1778078109533, "event_type": "POINT_IN_TIME", "key": "opt_adamw_beta_2", "value": 0.95, "metadata": {"file": "/opt/venv/lib/python3.12/site-packages/primus_mllog/mlperf_pre_training.py", "lineno": 66}}
:::MLLOG {"namespace": "", "time_ms": 1778078109533, "event_type": "POINT_IN_TIME", "key": "opt_adamw_epsilon", "value": 1e-05, "metadata": {"file": "/opt/venv/lib/python3.12/site-packages/primus_mllog/mlperf_pre_training.py", "lineno": 66}}
:::MLLOG {"namespace": "", "time_ms": 1778078109533, "event_type": "POINT_IN_TIME", "key": "opt_adamw_weight_decay", "value": 0.1, "metadata": {"file": "/opt/venv/lib/python3.12/site-packages/primus_mllog/mlperf_pre_training.py", "lineno": 66}}
:::MLLOG {"namespace": "", "time_ms": 1778078109533, "event_type": "POINT_IN_TIME", "key": "opt_gradient_clip_norm", "value": 1.0, "metadata": {"file": "/opt/venv/lib/python3.12/site-packages/primus_mllog/mlperf_pre_training.py", "lineno": 66}}
:::MLLOG {"namespace": "", "time_ms": 1778078109533, "event_type": "POINT_IN_TIME", "key": "opt_end_learning_rate", "value": 8e-05, "metadata": {"file": "/opt/venv/lib/python3.12/site-packages/primus_mllog/mlperf_pre_training.py", "lineno": 66}}
:::MLLOG {"namespace": "", "time_ms": 1778078109534, "event_type": "POINT_IN_TIME", "key": "opt_learning_rate_warmup_steps", "value": 64, "metadata": {"file": "/opt/venv/lib/python3.12/site-packages/primus_mllog/mlperf_pre_training.py", "lineno": 66}}
:::MLLOG {"namespace": "", "time_ms": 1778078109534, "event_type": "POINT_IN_TIME", "key": "opt_learning_rate_decay_steps", "value": 1199936, "metadata": {"file": "/opt/venv/lib/python3.12/site-packages/primus_mllog/mlperf_pre_training.py", "lineno": 66}}
:::MLLOG {"namespace": "", "time_ms": 1778078109534, "event_type": "POINT_IN_TIME", "key": "opt_learning_rate_decay_schedule", "value": "cosine with linear warmup", "metadata": {"file": "/opt/venv/lib/python3.12/site-packages/primus_mllog/mlperf_pre_training.py", "lineno": 66}}
:::MLLOG {"namespace": "", "time_ms": 1778078109534, "event_type": "POINT_IN_TIME", "key": "max_steps", "value": 1200000, "metadata": {"file": "/opt/venv/lib/python3.12/site-packages/primus_mllog/mlperf_pre_training.py", "lineno": 66}}
:::MLLOG {"namespace": "", "time_ms": 1778078109534, "event_type": "POINT_IN_TIME", "key": "submission_benchmark", "value": "llama31_8b", "metadata": {"file": "/opt/venv/lib/python3.12/site-packages/primus_mllog/mlperf_pre_training.py", "lineno": 66}}
:::MLLOG {"namespace": "", "time_ms": 1778078109534, "event_type": "POINT_IN_TIME", "key": "submission_division", "value": "closed", "metadata": {"file": "/opt/venv/lib/python3.12/site-packages/primus_mllog/mlperf_pre_training.py", "lineno": 66}}
:::MLLOG {"namespace": "", "time_ms": 1778078109534, "event_type": "POINT_IN_TIME", "key": "submission_status", "value": "", "metadata": {"file": "/opt/venv/lib/python3.12/site-packages/primus_mllog/mlperf_pre_training.py", "lineno": 66}}
:::MLLOG {"namespace": "", "time_ms": 1778078109534, "event_type": "POINT_IN_TIME", "key": "submission_org", "value": "AMD", "metadata": {"file": "/opt/venv/lib/python3.12/site-packages/primus_mllog/mlperf_pre_training.py", "lineno": 66}}
:::MLLOG {"namespace": "", "time_ms": 1778078109534, "event_type": "POINT_IN_TIME", "key": "submission_platform", "value": "MI355X", "metadata": {"file": "/opt/venv/lib/python3.12/site-packages/primus_mllog/mlperf_pre_training.py", "lineno": 66}}
:::MLLOG {"namespace": "", "time_ms": 1778078109534, "event_type": "INTERVAL_END", "key": "init_stop", "value": null, "metadata": {"file": "/opt/venv/lib/python3.12/site-packages/primus_mllog/mlperf_pre_training.py", "lineno": 68}}
:::MLLOG {"namespace": "", "time_ms": 1778078169051, "event_type": "INTERVAL_START", "key": "run_start", "value": null, "metadata": {"file": "/opt/venv/lib/python3.12/site-packages/primus_mllog/mlperf_pre_training.py", "lineno": 193}}
:::MLLOG {"namespace": "", "time_ms": 1778078169051, "event_type": "INTERVAL_START", "key": "epoch_start", "value": null, "metadata": {"file": "/opt/venv/lib/python3.12/site-packages/primus_mllog/mlperf_pre_training.py", "lineno": 196, "samples_count": 0}}
:::MLLOG {"namespace": "", "time_ms": 1778078169051, "event_type": "INTERVAL_START", "key": "block_start", "value": null, "metadata": {"file": "/opt/venv/lib/python3.12/site-packages/primus_mllog/mlperf_pre_training.py", "lineno": 198, "samples_count": 0}}
:::MLLOG {"namespace": "", "time_ms": 1778078513744, "event_type": "INTERVAL_END", "key": "block_stop", "value": null, "metadata": {"file": "/opt/venv/lib/python3.12/site-packages/primus_mllog/mlperf_pre_training.py", "lineno": 139, "samples_count": 12288}}
:::MLLOG {"namespace": "", "time_ms": 1778078513745, "event_type": "INTERVAL_START", "key": "eval_start", "value": null, "metadata": {"file": "/opt/venv/lib/python3.12/site-packages/primus_mllog/mlperf_pre_training.py", "lineno": 141, "samples_count": 12288}}
:::MLLOG {"namespace": "", "time_ms": 1778078524150, "event_type": "POINT_IN_TIME", "key": "eval_accuracy", "value": 5.841783046722412, "metadata": {"file": "/opt/venv/lib/python3.12/site-packages/primus_mllog/mlperf_pre_training.py", "lineno": 156, "samples_count": 12288}}
:::MLLOG {"namespace": "", "time_ms": 1778078524151, "event_type": "INTERVAL_END", "key": "eval_stop", "value": null, "metadata": {"file": "/opt/venv/lib/python3.12/site-packages/primus_mllog/mlperf_pre_training.py", "lineno": 170, "samples_count": 12288}}
:::MLLOG {"namespace": "", "time_ms": 1778078524151, "event_type": "INTERVAL_START", "key": "block_start", "value": null, "metadata": {"file": "/opt/venv/lib/python3.12/site-packages/primus_mllog/mlperf_pre_training.py", "lineno": 174, "samples_count": 12288}}
:::MLLOG {"namespace": "", "time_ms": 1778078868892, "event_type": "INTERVAL_END", "key": "block_stop", "value": null, "metadata": {"file": "/opt/venv/lib/python3.12/site-packages/primus_mllog/mlperf_pre_training.py", "lineno": 139, "samples_count": 24576}}
:::MLLOG {"namespace": "", "time_ms": 1778078868892, "event_type": "INTERVAL_START", "key": "eval_start", "value": null, "metadata": {"file": "/opt/venv/lib/python3.12/site-packages/primus_mllog/mlperf_pre_training.py", "lineno": 141, "samples_count": 24576}}
:::MLLOG {"namespace": "", "time_ms": 1778078878123, "event_type": "POINT_IN_TIME", "key": "eval_accuracy", "value": 4.607565879821777, "metadata": {"file": "/opt/venv/lib/python3.12/site-packages/primus_mllog/mlperf_pre_training.py", "lineno": 156, "samples_count": 24576}}
:::MLLOG {"namespace": "", "time_ms": 1778078878123, "event_type": "INTERVAL_END", "key": "eval_stop", "value": null, "metadata": {"file": "/opt/venv/lib/python3.12/site-packages/primus_mllog/mlperf_pre_training.py", "lineno": 170, "samples_count": 24576}}
:::MLLOG {"namespace": "", "time_ms": 1778078878123, "event_type": "INTERVAL_START", "key": "block_start", "value": null, "metadata": {"file": "/opt/venv/lib/python3.12/site-packages/primus_mllog/mlperf_pre_training.py", "lineno": 174, "samples_count": 24576}}
:::MLLOG {"namespace": "", "time_ms": 1778079221914, "event_type": "INTERVAL_END", "key": "block_stop", "value": null, "metadata": {"file": "/opt/venv/lib/python3.12/site-packages/primus_mllog/mlperf_pre_training.py", "lineno": 139, "samples_count": 36864}}
:::MLLOG {"namespace": "", "time_ms": 1778079221914, "event_type": "INTERVAL_START", "key": "eval_start", "value": null, "metadata": {"file": "/opt/venv/lib/python3.12/site-packages/primus_mllog/mlperf_pre_training.py", "lineno": 141, "samples_count": 36864}}
:::MLLOG {"namespace": "", "time_ms": 1778079231101, "event_type": "POINT_IN_TIME", "key": "eval_accuracy", "value": 4.112165927886963, "metadata": {"file": "/opt/venv/lib/python3.12/site-packages/primus_mllog/mlperf_pre_training.py", "lineno": 156, "samples_count": 36864}}
:::MLLOG {"namespace": "", "time_ms": 1778079231101, "event_type": "INTERVAL_END", "key": "eval_stop", "value": null, "metadata": {"file": "/opt/venv/lib/python3.12/site-packages/primus_mllog/mlperf_pre_training.py", "lineno": 170, "samples_count": 36864}}
:::MLLOG {"namespace": "", "time_ms": 1778079231101, "event_type": "INTERVAL_START", "key": "block_start", "value": null, "metadata": {"file": "/opt/venv/lib/python3.12/site-packages/primus_mllog/mlperf_pre_training.py", "lineno": 174, "samples_count": 36864}}
:::MLLOG {"namespace": "", "time_ms": 1778079575764, "event_type": "INTERVAL_END", "key": "block_stop", "value": null, "metadata": {"file": "/opt/venv/lib/python3.12/site-packages/primus_mllog/mlperf_pre_training.py", "lineno": 139, "samples_count": 49152}}
:::MLLOG {"namespace": "", "time_ms": 1778079575764, "event_type": "INTERVAL_START", "key": "eval_start", "value": null, "metadata": {"file": "/opt/venv/lib/python3.12/site-packages/primus_mllog/mlperf_pre_training.py", "lineno": 141, "samples_count": 49152}}
:::MLLOG {"namespace": "", "time_ms": 1778079584940, "event_type": "POINT_IN_TIME", "key": "eval_accuracy", "value": 3.9024817943573, "metadata": {"file": "/opt/venv/lib/python3.12/site-packages/primus_mllog/mlperf_pre_training.py", "lineno": 156, "samples_count": 49152}}
:::MLLOG {"namespace": "", "time_ms": 1778079584941, "event_type": "INTERVAL_END", "key": "eval_stop", "value": null, "metadata": {"file": "/opt/venv/lib/python3.12/site-packages/primus_mllog/mlperf_pre_training.py", "lineno": 170, "samples_count": 49152}}
:::MLLOG {"namespace": "", "time_ms": 1778079584941, "event_type": "INTERVAL_START", "key": "block_start", "value": null, "metadata": {"file": "/opt/venv/lib/python3.12/site-packages/primus_mllog/mlperf_pre_training.py", "lineno": 174, "samples_count": 49152}}
:::MLLOG {"namespace": "", "time_ms": 1778079929177, "event_type": "INTERVAL_END", "key": "block_stop", "value": null, "metadata": {"file": "/opt/venv/lib/python3.12/site-packages/primus_mllog/mlperf_pre_training.py", "lineno": 139, "samples_count": 61440}}
:::MLLOG {"namespace": "", "time_ms": 1778079929177, "event_type": "INTERVAL_START", "key": "eval_start", "value": null, "metadata": {"file": "/opt/venv/lib/python3.12/site-packages/primus_mllog/mlperf_pre_training.py", "lineno": 141, "samples_count": 61440}}
:::MLLOG {"namespace": "", "time_ms": 1778079938418, "event_type": "POINT_IN_TIME", "key": "eval_accuracy", "value": 3.7657248973846436, "metadata": {"file": "/opt/venv/lib/python3.12/site-packages/primus_mllog/mlperf_pre_training.py", "lineno": 156, "samples_count": 61440}}
:::MLLOG {"namespace": "", "time_ms": 1778079938419, "event_type": "INTERVAL_END", "key": "eval_stop", "value": null, "metadata": {"file": "/opt/venv/lib/python3.12/site-packages/primus_mllog/mlperf_pre_training.py", "lineno": 170, "samples_count": 61440}}
:::MLLOG {"namespace": "", "time_ms": 1778079938419, "event_type": "INTERVAL_START", "key": "block_start", "value": null, "metadata": {"file": "/opt/venv/lib/python3.12/site-packages/primus_mllog/mlperf_pre_training.py", "lineno": 174, "samples_count": 61440}}
:::MLLOG {"namespace": "", "time_ms": 1778080282626, "event_type": "INTERVAL_END", "key": "block_stop", "value": null, "metadata": {"file": "/opt/venv/lib/python3.12/site-packages/primus_mllog/mlperf_pre_training.py", "lineno": 139, "samples_count": 73728}}
:::MLLOG {"namespace": "", "time_ms": 1778080282627, "event_type": "INTERVAL_START", "key": "eval_start", "value": null, "metadata": {"file": "/opt/venv/lib/python3.12/site-packages/primus_mllog/mlperf_pre_training.py", "lineno": 141, "samples_count": 73728}}
:::MLLOG {"namespace": "", "time_ms": 1778080291778, "event_type": "POINT_IN_TIME", "key": "eval_accuracy", "value": 3.6748154163360596, "metadata": {"file": "/opt/venv/lib/python3.12/site-packages/primus_mllog/mlperf_pre_training.py", "lineno": 156, "samples_count": 73728}}
:::MLLOG {"namespace": "", "time_ms": 1778080291778, "event_type": "INTERVAL_END", "key": "eval_stop", "value": null, "metadata": {"file": "/opt/venv/lib/python3.12/site-packages/primus_mllog/mlperf_pre_training.py", "lineno": 170, "samples_count": 73728}}
:::MLLOG {"namespace": "", "time_ms": 1778080291779, "event_type": "INTERVAL_START", "key": "block_start", "value": null, "metadata": {"file": "/opt/venv/lib/python3.12/site-packages/primus_mllog/mlperf_pre_training.py", "lineno": 174, "samples_count": 73728}}
:::MLLOG {"namespace": "", "time_ms": 1778080635897, "event_type": "INTERVAL_END", "key": "block_stop", "value": null, "metadata": {"file": "/opt/venv/lib/python3.12/site-packages/primus_mllog/mlperf_pre_training.py", "lineno": 139, "samples_count": 86016}}
:::MLLOG {"namespace": "", "time_ms": 1778080635897, "event_type": "INTERVAL_START", "key": "eval_start", "value": null, "metadata": {"file": "/opt/venv/lib/python3.12/site-packages/primus_mllog/mlperf_pre_training.py", "lineno": 141, "samples_count": 86016}}
:::MLLOG {"namespace": "", "time_ms": 1778080645076, "event_type": "POINT_IN_TIME", "key": "eval_accuracy", "value": 3.5905144214630127, "metadata": {"file": "/opt/venv/lib/python3.12/site-packages/primus_mllog/mlperf_pre_training.py", "lineno": 156, "samples_count": 86016}}
:::MLLOG {"namespace": "", "time_ms": 1778080645076, "event_type": "INTERVAL_END", "key": "eval_stop", "value": null, "metadata": {"file": "/opt/venv/lib/python3.12/site-packages/primus_mllog/mlperf_pre_training.py", "lineno": 170, "samples_count": 86016}}
:::MLLOG {"namespace": "", "time_ms": 1778080645076, "event_type": "INTERVAL_START", "key": "block_start", "value": null, "metadata": {"file": "/opt/venv/lib/python3.12/site-packages/primus_mllog/mlperf_pre_training.py", "lineno": 174, "samples_count": 86016}}
:::MLLOG {"namespace": "", "time_ms": 1778080989865, "event_type": "INTERVAL_END", "key": "block_stop", "value": null, "metadata": {"file": "/opt/venv/lib/python3.12/site-packages/primus_mllog/mlperf_pre_training.py", "lineno": 139, "samples_count": 98304}}
:::MLLOG {"namespace": "", "time_ms": 1778080989866, "event_type": "INTERVAL_START", "key": "eval_start", "value": null, "metadata": {"file": "/opt/venv/lib/python3.12/site-packages/primus_mllog/mlperf_pre_training.py", "lineno": 141, "samples_count": 98304}}
:::MLLOG {"namespace": "", "time_ms": 1778080999093, "event_type": "POINT_IN_TIME", "key": "eval_accuracy", "value": 3.530437469482422, "metadata": {"file": "/opt/venv/lib/python3.12/site-packages/primus_mllog/mlperf_pre_training.py", "lineno": 156, "samples_count": 98304}}
:::MLLOG {"namespace": "", "time_ms": 1778080999093, "event_type": "INTERVAL_END", "key": "eval_stop", "value": null, "metadata": {"file": "/opt/venv/lib/python3.12/site-packages/primus_mllog/mlperf_pre_training.py", "lineno": 170, "samples_count": 98304}}
:::MLLOG {"namespace": "", "time_ms": 1778080999093, "event_type": "INTERVAL_START", "key": "block_start", "value": null, "metadata": {"file": "/opt/venv/lib/python3.12/site-packages/primus_mllog/mlperf_pre_training.py", "lineno": 174, "samples_count": 98304}}
:::MLLOG {"namespace": "", "time_ms": 1778081342511, "event_type": "INTERVAL_END", "key": "block_stop", "value": null, "metadata": {"file": "/opt/venv/lib/python3.12/site-packages/primus_mllog/mlperf_pre_training.py", "lineno": 139, "samples_count": 110592}}
:::MLLOG {"namespace": "", "time_ms": 1778081342511, "event_type": "INTERVAL_START", "key": "eval_start", "value": null, "metadata": {"file": "/opt/venv/lib/python3.12/site-packages/primus_mllog/mlperf_pre_training.py", "lineno": 141, "samples_count": 110592}}
:::MLLOG {"namespace": "", "time_ms": 1778081351638, "event_type": "POINT_IN_TIME", "key": "eval_accuracy", "value": 3.4816250801086426, "metadata": {"file": "/opt/venv/lib/python3.12/site-packages/primus_mllog/mlperf_pre_training.py", "lineno": 156, "samples_count": 110592}}
:::MLLOG {"namespace": "", "time_ms": 1778081351638, "event_type": "INTERVAL_END", "key": "eval_stop", "value": null, "metadata": {"file": "/opt/venv/lib/python3.12/site-packages/primus_mllog/mlperf_pre_training.py", "lineno": 170, "samples_count": 110592}}
:::MLLOG {"namespace": "", "time_ms": 1778081351638, "event_type": "INTERVAL_START", "key": "block_start", "value": null, "metadata": {"file": "/opt/venv/lib/python3.12/site-packages/primus_mllog/mlperf_pre_training.py", "lineno": 174, "samples_count": 110592}}
:::MLLOG {"namespace": "", "time_ms": 1778081695977, "event_type": "INTERVAL_END", "key": "block_stop", "value": null, "metadata": {"file": "/opt/venv/lib/python3.12/site-packages/primus_mllog/mlperf_pre_training.py", "lineno": 139, "samples_count": 122880}}
:::MLLOG {"namespace": "", "time_ms": 1778081695978, "event_type": "INTERVAL_START", "key": "eval_start", "value": null, "metadata": {"file": "/opt/venv/lib/python3.12/site-packages/primus_mllog/mlperf_pre_training.py", "lineno": 141, "samples_count": 122880}}
:::MLLOG {"namespace": "", "time_ms": 1778081705193, "event_type": "POINT_IN_TIME", "key": "eval_accuracy", "value": 3.4421255588531494, "metadata": {"file": "/opt/venv/lib/python3.12/site-packages/primus_mllog/mlperf_pre_training.py", "lineno": 156, "samples_count": 122880}}
:::MLLOG {"namespace": "", "time_ms": 1778081705193, "event_type": "INTERVAL_END", "key": "eval_stop", "value": null, "metadata": {"file": "/opt/venv/lib/python3.12/site-packages/primus_mllog/mlperf_pre_training.py", "lineno": 170, "samples_count": 122880}}
:::MLLOG {"namespace": "", "time_ms": 1778081705193, "event_type": "INTERVAL_START", "key": "block_start", "value": null, "metadata": {"file": "/opt/venv/lib/python3.12/site-packages/primus_mllog/mlperf_pre_training.py", "lineno": 174, "samples_count": 122880}}
:::MLLOG {"namespace": "", "time_ms": 1778082048781, "event_type": "INTERVAL_END", "key": "block_stop", "value": null, "metadata": {"file": "/opt/venv/lib/python3.12/site-packages/primus_mllog/mlperf_pre_training.py", "lineno": 139, "samples_count": 135168}}
:::MLLOG {"namespace": "", "time_ms": 1778082048782, "event_type": "INTERVAL_START", "key": "eval_start", "value": null, "metadata": {"file": "/opt/venv/lib/python3.12/site-packages/primus_mllog/mlperf_pre_training.py", "lineno": 141, "samples_count": 135168}}
:::MLLOG {"namespace": "", "time_ms": 1778082057956, "event_type": "POINT_IN_TIME", "key": "eval_accuracy", "value": 3.4024205207824707, "metadata": {"file": "/opt/venv/lib/python3.12/site-packages/primus_mllog/mlperf_pre_training.py", "lineno": 156, "samples_count": 135168}}
:::MLLOG {"namespace": "", "time_ms": 1778082057957, "event_type": "INTERVAL_END", "key": "eval_stop", "value": null, "metadata": {"file": "/opt/venv/lib/python3.12/site-packages/primus_mllog/mlperf_pre_training.py", "lineno": 170, "samples_count": 135168}}
:::MLLOG {"namespace": "", "time_ms": 1778082057957, "event_type": "INTERVAL_START", "key": "block_start", "value": null, "metadata": {"file": "/opt/venv/lib/python3.12/site-packages/primus_mllog/mlperf_pre_training.py", "lineno": 174, "samples_count": 135168}}
:::MLLOG {"namespace": "", "time_ms": 1778082401819, "event_type": "INTERVAL_END", "key": "block_stop", "value": null, "metadata": {"file": "/opt/venv/lib/python3.12/site-packages/primus_mllog/mlperf_pre_training.py", "lineno": 139, "samples_count": 147456}}
:::MLLOG {"namespace": "", "time_ms": 1778082401819, "event_type": "INTERVAL_START", "key": "eval_start", "value": null, "metadata": {"file": "/opt/venv/lib/python3.12/site-packages/primus_mllog/mlperf_pre_training.py", "lineno": 141, "samples_count": 147456}}
:::MLLOG {"namespace": "", "time_ms": 1778082411032, "event_type": "POINT_IN_TIME", "key": "eval_accuracy", "value": 3.371857166290283, "metadata": {"file": "/opt/venv/lib/python3.12/site-packages/primus_mllog/mlperf_pre_training.py", "lineno": 156, "samples_count": 147456}}
:::MLLOG {"namespace": "", "time_ms": 1778082411033, "event_type": "INTERVAL_END", "key": "eval_stop", "value": null, "metadata": {"file": "/opt/venv/lib/python3.12/site-packages/primus_mllog/mlperf_pre_training.py", "lineno": 170, "samples_count": 147456}}
:::MLLOG {"namespace": "", "time_ms": 1778082411033, "event_type": "INTERVAL_START", "key": "block_start", "value": null, "metadata": {"file": "/opt/venv/lib/python3.12/site-packages/primus_mllog/mlperf_pre_training.py", "lineno": 174, "samples_count": 147456}}
:::MLLOG {"namespace": "", "time_ms": 1778082755294, "event_type": "INTERVAL_END", "key": "block_stop", "value": null, "metadata": {"file": "/opt/venv/lib/python3.12/site-packages/primus_mllog/mlperf_pre_training.py", "lineno": 139, "samples_count": 159744}}
:::MLLOG {"namespace": "", "time_ms": 1778082755295, "event_type": "INTERVAL_START", "key": "eval_start", "value": null, "metadata": {"file": "/opt/venv/lib/python3.12/site-packages/primus_mllog/mlperf_pre_training.py", "lineno": 141, "samples_count": 159744}}
:::MLLOG {"namespace": "", "time_ms": 1778082764645, "event_type": "POINT_IN_TIME", "key": "eval_accuracy", "value": 3.3465957641601562, "metadata": {"file": "/opt/venv/lib/python3.12/site-packages/primus_mllog/mlperf_pre_training.py", "lineno": 156, "samples_count": 159744}}
:::MLLOG {"namespace": "", "time_ms": 1778082764645, "event_type": "INTERVAL_END", "key": "eval_stop", "value": null, "metadata": {"file": "/opt/venv/lib/python3.12/site-packages/primus_mllog/mlperf_pre_training.py", "lineno": 170, "samples_count": 159744}}
:::MLLOG {"namespace": "", "time_ms": 1778082764645, "event_type": "INTERVAL_START", "key": "block_start", "value": null, "metadata": {"file": "/opt/venv/lib/python3.12/site-packages/primus_mllog/mlperf_pre_training.py", "lineno": 174, "samples_count": 159744}}
:::MLLOG {"namespace": "", "time_ms": 1778083109000, "event_type": "INTERVAL_END", "key": "block_stop", "value": null, "metadata": {"file": "/opt/venv/lib/python3.12/site-packages/primus_mllog/mlperf_pre_training.py", "lineno": 139, "samples_count": 172032}}
:::MLLOG {"namespace": "", "time_ms": 1778083109001, "event_type": "INTERVAL_START", "key": "eval_start", "value": null, "metadata": {"file": "/opt/venv/lib/python3.12/site-packages/primus_mllog/mlperf_pre_training.py", "lineno": 141, "samples_count": 172032}}
:::MLLOG {"namespace": "", "time_ms": 1778083118256, "event_type": "POINT_IN_TIME", "key": "eval_accuracy", "value": 3.3187296390533447, "metadata": {"file": "/opt/venv/lib/python3.12/site-packages/primus_mllog/mlperf_pre_training.py", "lineno": 156, "samples_count": 172032}}
:::MLLOG {"namespace": "", "time_ms": 1778083118256, "event_type": "INTERVAL_END", "key": "eval_stop", "value": null, "metadata": {"file": "/opt/venv/lib/python3.12/site-packages/primus_mllog/mlperf_pre_training.py", "lineno": 170, "samples_count": 172032}}
:::MLLOG {"namespace": "", "time_ms": 1778083118256, "event_type": "INTERVAL_START", "key": "block_start", "value": null, "metadata": {"file": "/opt/venv/lib/python3.12/site-packages/primus_mllog/mlperf_pre_training.py", "lineno": 174, "samples_count": 172032}}
:::MLLOG {"namespace": "", "time_ms": 1778083462170, "event_type": "INTERVAL_END", "key": "block_stop", "value": null, "metadata": {"file": "/opt/venv/lib/python3.12/site-packages/primus_mllog/mlperf_pre_training.py", "lineno": 139, "samples_count": 184320}}
:::MLLOG {"namespace": "", "time_ms": 1778083462171, "event_type": "INTERVAL_START", "key": "eval_start", "value": null, "metadata": {"file": "/opt/venv/lib/python3.12/site-packages/primus_mllog/mlperf_pre_training.py", "lineno": 141, "samples_count": 184320}}
:::MLLOG {"namespace": "", "time_ms": 1778083471472, "event_type": "POINT_IN_TIME", "key": "eval_accuracy", "value": 3.3007898330688477, "metadata": {"file": "/opt/venv/lib/python3.12/site-packages/primus_mllog/mlperf_pre_training.py", "lineno": 156, "samples_count": 184320}}
:::MLLOG {"namespace": "", "time_ms": 1778083471472, "event_type": "INTERVAL_END", "key": "eval_stop", "value": null, "metadata": {"file": "/opt/venv/lib/python3.12/site-packages/primus_mllog/mlperf_pre_training.py", "lineno": 170, "samples_count": 184320}}
:::MLLOG {"namespace": "", "time_ms": 1778083471472, "event_type": "INTERVAL_START", "key": "block_start", "value": null, "metadata": {"file": "/opt/venv/lib/python3.12/site-packages/primus_mllog/mlperf_pre_training.py", "lineno": 174, "samples_count": 184320}}
:::MLLOG {"namespace": "", "time_ms": 1778083814682, "event_type": "INTERVAL_END", "key": "block_stop", "value": null, "metadata": {"file": "/opt/venv/lib/python3.12/site-packages/primus_mllog/mlperf_pre_training.py", "lineno": 139, "samples_count": 196608}}
:::MLLOG {"namespace": "", "time_ms": 1778083814683, "event_type": "INTERVAL_START", "key": "eval_start", "value": null, "metadata": {"file": "/opt/venv/lib/python3.12/site-packages/primus_mllog/mlperf_pre_training.py", "lineno": 141, "samples_count": 196608}}
:::MLLOG {"namespace": "", "time_ms": 1778083823989, "event_type": "POINT_IN_TIME", "key": "eval_accuracy", "value": 3.28535532951355, "metadata": {"file": "/opt/venv/lib/python3.12/site-packages/primus_mllog/mlperf_pre_training.py", "lineno": 156, "samples_count": 196608}}
:::MLLOG {"namespace": "", "time_ms": 1778083823989, "event_type": "INTERVAL_END", "key": "eval_stop", "value": null, "metadata": {"file": "/opt/venv/lib/python3.12/site-packages/primus_mllog/mlperf_pre_training.py", "lineno": 170, "samples_count": 196608}}
:::MLLOG {"namespace": "", "time_ms": 1778083823996, "event_type": "INTERVAL_END", "key": "epoch_stop", "value": null, "metadata": {"file": "/opt/venv/lib/python3.12/site-packages/primus_mllog/mlperf_pre_training.py", "lineno": 220, "samples_count": 196608}}
:::MLLOG {"namespace": "", "time_ms": 1778083823996, "event_type": "INTERVAL_END", "key": "run_stop", "value": null, "metadata": {"file": "/opt/venv/lib/python3.12/site-packages/primus_mllog/mlperf_pre_training.py", "lineno": 224, "samples_count": 196608, "status": "success"}}
:::MLLOG {"namespace": "", "time_ms": 1778083843757, "event_type": "POINT_IN_TIME", "key": "run_duration", "value": "5654.94s -> 94.25 minutes", "metadata": {"file": "/opt/venv/lib/python3.12/site-packages/primus_mllog/mlperf_pre_training.py", "lineno": 87, "samples": 196608}}
:::MLLOG {"namespace": "", "time_ms": 1778083843758, "event_type": "POINT_IN_TIME", "key": "overall_throughput", "value": 34.77, "metadata": {"file": "/opt/venv/lib/python3.12/site-packages/primus_mllog/mlperf_pre_training.py", "lineno": 92, "samples": 196608}}
:::MLLOG {"namespace": "", "time_ms": 1778083932174, "event_type": "POINT_IN_TIME", "key": "global_batch_size", "value": 32, "metadata": {"file": "/opt/venv/lib/python3.12/site-packages/primus_mllog/mlperf_pre_training.py", "lineno": 66}}
:::MLLOG {"namespace": "", "time_ms": 1778083932174, "event_type": "POINT_IN_TIME", "key": "gradient_accumulation_steps", "value": 2, "metadata": {"file": "/opt/venv/lib/python3.12/site-packages/primus_mllog/mlperf_pre_training.py", "lineno": 66}}
:::MLLOG {"namespace": "", "time_ms": 1778083932174, "event_type": "POINT_IN_TIME", "key": "max_sequence_length", "value": 8192, "metadata": {"file": "/opt/venv/lib/python3.12/site-packages/primus_mllog/mlperf_pre_training.py", "lineno": 66}}
:::MLLOG {"namespace": "", "time_ms": 1778083932175, "event_type": "POINT_IN_TIME", "key": "train_samples", "value": 38400000, "metadata": {"file": "/opt/venv/lib/python3.12/site-packages/primus_mllog/mlperf_pre_training.py", "lineno": 66}}
:::MLLOG {"namespace": "", "time_ms": 1778083932175, "event_type": "POINT_IN_TIME", "key": "eval_samples", "value": 1024, "metadata": {"file": "/opt/venv/lib/python3.12/site-packages/primus_mllog/mlperf_pre_training.py", "lineno": 66}}
:::MLLOG {"namespace": "", "time_ms": 1778083932175, "event_type": "POINT_IN_TIME", "key": "seed", "value": 13050, "metadata": {"file": "/opt/venv/lib/python3.12/site-packages/primus_mllog/mlperf_pre_training.py", "lineno": 66}}
:::MLLOG {"namespace": "", "time_ms": 1778083932175, "event_type": "POINT_IN_TIME", "key": "init_checkpoint_step", "value": 0, "metadata": {"file": "/opt/venv/lib/python3.12/site-packages/primus_mllog/mlperf_pre_training.py", "lineno": 66}}
:::MLLOG {"namespace": "", "time_ms": 1778083932175, "event_type": "POINT_IN_TIME", "key": "opt_name", "value": "adamw", "metadata": {"file": "/opt/venv/lib/python3.12/site-packages/primus_mllog/mlperf_pre_training.py", "lineno": 66}}
:::MLLOG {"namespace": "", "time_ms": 1778083932175, "event_type": "POINT_IN_TIME", "key": "opt_base_learning_rate", "value": 0.0008, "metadata": {"file": "/opt/venv/lib/python3.12/site-packages/primus_mllog/mlperf_pre_training.py", "lineno": 66}}
:::MLLOG {"namespace": "", "time_ms": 1778083932175, "event_type": "POINT_IN_TIME", "key": "opt_adamw_beta_1", "value": 0.9, "metadata": {"file": "/opt/venv/lib/python3.12/site-packages/primus_mllog/mlperf_pre_training.py", "lineno": 66}}
:::MLLOG {"namespace": "", "time_ms": 1778083932175, "event_type": "POINT_IN_TIME", "key": "opt_adamw_beta_2", "value": 0.95, "metadata": {"file": "/opt/venv/lib/python3.12/site-packages/primus_mllog/mlperf_pre_training.py", "lineno": 66}}
:::MLLOG {"namespace": "", "time_ms": 1778083932175, "event_type": "POINT_IN_TIME", "key": "opt_adamw_epsilon", "value": 1e-05, "metadata": {"file": "/opt/venv/lib/python3.12/site-packages/primus_mllog/mlperf_pre_training.py", "lineno": 66}}
:::MLLOG {"namespace": "", "time_ms": 1778083932175, "event_type": "POINT_IN_TIME", "key": "opt_adamw_weight_decay", "value": 0.1, "metadata": {"file": "/opt/venv/lib/python3.12/site-packages/primus_mllog/mlperf_pre_training.py", "lineno": 66}}
:::MLLOG {"namespace": "", "time_ms": 1778083932175, "event_type": "POINT_IN_TIME", "key": "opt_gradient_clip_norm", "value": 1.0, "metadata": {"file": "/opt/venv/lib/python3.12/site-packages/primus_mllog/mlperf_pre_training.py", "lineno": 66}}
:::MLLOG {"namespace": "", "time_ms": 1778083932175, "event_type": "POINT_IN_TIME", "key": "opt_end_learning_rate", "value": 8e-05, "metadata": {"file": "/opt/venv/lib/python3.12/site-packages/primus_mllog/mlperf_pre_training.py", "lineno": 66}}
:::MLLOG {"namespace": "", "time_ms": 1778083932175, "event_type": "POINT_IN_TIME", "key": "opt_learning_rate_warmup_steps", "value": 64, "metadata": {"file": "/opt/venv/lib/python3.12/site-packages/primus_mllog/mlperf_pre_training.py", "lineno": 66}}
:::MLLOG {"namespace": "", "time_ms": 1778083932175, "event_type": "POINT_IN_TIME", "key": "opt_learning_rate_decay_steps", "value": 1199936, "metadata": {"file": "/opt/venv/lib/python3.12/site-packages/primus_mllog/mlperf_pre_training.py", "lineno": 66}}
:::MLLOG {"namespace": "", "time_ms": 1778083932175, "event_type": "POINT_IN_TIME", "key": "opt_learning_rate_decay_schedule", "value": "cosine with linear warmup", "metadata": {"file": "/opt/venv/lib/python3.12/site-packages/primus_mllog/mlperf_pre_training.py", "lineno": 66}}
:::MLLOG {"namespace": "", "time_ms": 1778083932175, "event_type": "POINT_IN_TIME", "key": "max_steps", "value": 1200000, "metadata": {"file": "/opt/venv/lib/python3.12/site-packages/primus_mllog/mlperf_pre_training.py", "lineno": 66}}
:::MLLOG {"namespace": "", "time_ms": 1778083932175, "event_type": "POINT_IN_TIME", "key": "submission_benchmark", "value": "llama31_8b", "metadata": {"file": "/opt/venv/lib/python3.12/site-packages/primus_mllog/mlperf_pre_training.py", "lineno": 66}}
:::MLLOG {"namespace": "", "time_ms": 1778083932175, "event_type": "POINT_IN_TIME", "key": "submission_division", "value": "closed", "metadata": {"file": "/opt/venv/lib/python3.12/site-packages/primus_mllog/mlperf_pre_training.py", "lineno": 66}}
:::MLLOG {"namespace": "", "time_ms": 1778083932175, "event_type": "POINT_IN_TIME", "key": "submission_status", "value": "", "metadata": {"file": "/opt/venv/lib/python3.12/site-packages/primus_mllog/mlperf_pre_training.py", "lineno": 66}}
:::MLLOG {"namespace": "", "time_ms": 1778083932175, "event_type": "POINT_IN_TIME", "key": "submission_org", "value": "AMD", "metadata": {"file": "/opt/venv/lib/python3.12/site-packages/primus_mllog/mlperf_pre_training.py", "lineno": 66}}
:::MLLOG {"namespace": "", "time_ms": 1778083932175, "event_type": "POINT_IN_TIME", "key": "submission_platform", "value": "MI355X", "metadata": {"file": "/opt/venv/lib/python3.12/site-packages/primus_mllog/mlperf_pre_training.py", "lineno": 66}}
:::MLLOG {"namespace": "", "time_ms": 1778083932175, "event_type": "INTERVAL_END", "key": "init_stop", "value": null, "metadata": {"file": "/opt/venv/lib/python3.12/site-packages/primus_mllog/mlperf_pre_training.py", "lineno": 68}}
:::MLLOG {"namespace": "", "time_ms": 1778083994554, "event_type": "INTERVAL_START", "key": "run_start", "value": null, "metadata": {"file": "/opt/venv/lib/python3.12/site-packages/primus_mllog/mlperf_pre_training.py", "lineno": 193}}
:::MLLOG {"namespace": "", "time_ms": 1778083994555, "event_type": "INTERVAL_START", "key": "epoch_start", "value": null, "metadata": {"file": "/opt/venv/lib/python3.12/site-packages/primus_mllog/mlperf_pre_training.py", "lineno": 196, "samples_count": 0}}
:::MLLOG {"namespace": "", "time_ms": 1778083994555, "event_type": "INTERVAL_START", "key": "block_start", "value": null, "metadata": {"file": "/opt/venv/lib/python3.12/site-packages/primus_mllog/mlperf_pre_training.py", "lineno": 198, "samples_count": 0}}
:::MLLOG {"namespace": "", "time_ms": 1778084339564, "event_type": "INTERVAL_END", "key": "block_stop", "value": null, "metadata": {"file": "/opt/venv/lib/python3.12/site-packages/primus_mllog/mlperf_pre_training.py", "lineno": 139, "samples_count": 12288}}
:::MLLOG {"namespace": "", "time_ms": 1778084339565, "event_type": "INTERVAL_START", "key": "eval_start", "value": null, "metadata": {"file": "/opt/venv/lib/python3.12/site-packages/primus_mllog/mlperf_pre_training.py", "lineno": 141, "samples_count": 12288}}
:::MLLOG {"namespace": "", "time_ms": 1778084350133, "event_type": "POINT_IN_TIME", "key": "eval_accuracy", "value": 5.847891330718994, "metadata": {"file": "/opt/venv/lib/python3.12/site-packages/primus_mllog/mlperf_pre_training.py", "lineno": 156, "samples_count": 12288}}
:::MLLOG {"namespace": "", "time_ms": 1778084350133, "event_type": "INTERVAL_END", "key": "eval_stop", "value": null, "metadata": {"file": "/opt/venv/lib/python3.12/site-packages/primus_mllog/mlperf_pre_training.py", "lineno": 170, "samples_count": 12288}}
:::MLLOG {"namespace": "", "time_ms": 1778084350133, "event_type": "INTERVAL_START", "key": "block_start", "value": null, "metadata": {"file": "/opt/venv/lib/python3.12/site-packages/primus_mllog/mlperf_pre_training.py", "lineno": 174, "samples_count": 12288}}
:::MLLOG {"namespace": "", "time_ms": 1778084696640, "event_type": "INTERVAL_END", "key": "block_stop", "value": null, "metadata": {"file": "/opt/venv/lib/python3.12/site-packages/primus_mllog/mlperf_pre_training.py", "lineno": 139, "samples_count": 24576}}
:::MLLOG {"namespace": "", "time_ms": 1778084696640, "event_type": "INTERVAL_START", "key": "eval_start", "value": null, "metadata": {"file": "/opt/venv/lib/python3.12/site-packages/primus_mllog/mlperf_pre_training.py", "lineno": 141, "samples_count": 24576}}
:::MLLOG {"namespace": "", "time_ms": 1778084705882, "event_type": "POINT_IN_TIME", "key": "eval_accuracy", "value": 4.659159183502197, "metadata": {"file": "/opt/venv/lib/python3.12/site-packages/primus_mllog/mlperf_pre_training.py", "lineno": 156, "samples_count": 24576}}
:::MLLOG {"namespace": "", "time_ms": 1778084705883, "event_type": "INTERVAL_END", "key": "eval_stop", "value": null, "metadata": {"file": "/opt/venv/lib/python3.12/site-packages/primus_mllog/mlperf_pre_training.py", "lineno": 170, "samples_count": 24576}}
:::MLLOG {"namespace": "", "time_ms": 1778084705883, "event_type": "INTERVAL_START", "key": "block_start", "value": null, "metadata": {"file": "/opt/venv/lib/python3.12/site-packages/primus_mllog/mlperf_pre_training.py", "lineno": 174, "samples_count": 24576}}
:::MLLOG {"namespace": "", "time_ms": 1778085049767, "event_type": "INTERVAL_END", "key": "block_stop", "value": null, "metadata": {"file": "/opt/venv/lib/python3.12/site-packages/primus_mllog/mlperf_pre_training.py", "lineno": 139, "samples_count": 36864}}
:::MLLOG {"namespace": "", "time_ms": 1778085049767, "event_type": "INTERVAL_START", "key": "eval_start", "value": null, "metadata": {"file": "/opt/venv/lib/python3.12/site-packages/primus_mllog/mlperf_pre_training.py", "lineno": 141, "samples_count": 36864}}
:::MLLOG {"namespace": "", "time_ms": 1778085058983, "event_type": "POINT_IN_TIME", "key": "eval_accuracy", "value": 4.106210708618164, "metadata": {"file": "/opt/venv/lib/python3.12/site-packages/primus_mllog/mlperf_pre_training.py", "lineno": 156, "samples_count": 36864}}
:::MLLOG {"namespace": "", "time_ms": 1778085058983, "event_type": "INTERVAL_END", "key": "eval_stop", "value": null, "metadata": {"file": "/opt/venv/lib/python3.12/site-packages/primus_mllog/mlperf_pre_training.py", "lineno": 170, "samples_count": 36864}}
:::MLLOG {"namespace": "", "time_ms": 1778085058983, "event_type": "INTERVAL_START", "key": "block_start", "value": null, "metadata": {"file": "/opt/venv/lib/python3.12/site-packages/primus_mllog/mlperf_pre_training.py", "lineno": 174, "samples_count": 36864}}
:::MLLOG {"namespace": "", "time_ms": 1778085404715, "event_type": "INTERVAL_END", "key": "block_stop", "value": null, "metadata": {"file": "/opt/venv/lib/python3.12/site-packages/primus_mllog/mlperf_pre_training.py", "lineno": 139, "samples_count": 49152}}
:::MLLOG {"namespace": "", "time_ms": 1778085404716, "event_type": "INTERVAL_START", "key": "eval_start", "value": null, "metadata": {"file": "/opt/venv/lib/python3.12/site-packages/primus_mllog/mlperf_pre_training.py", "lineno": 141, "samples_count": 49152}}
:::MLLOG {"namespace": "", "time_ms": 1778085413943, "event_type": "POINT_IN_TIME", "key": "eval_accuracy", "value": 3.893249988555908, "metadata": {"file": "/opt/venv/lib/python3.12/site-packages/primus_mllog/mlperf_pre_training.py", "lineno": 156, "samples_count": 49152}}
:::MLLOG {"namespace": "", "time_ms": 1778085413944, "event_type": "INTERVAL_END", "key": "eval_stop", "value": null, "metadata": {"file": "/opt/venv/lib/python3.12/site-packages/primus_mllog/mlperf_pre_training.py", "lineno": 170, "samples_count": 49152}}
:::MLLOG {"namespace": "", "time_ms": 1778085413944, "event_type": "INTERVAL_START", "key": "block_start", "value": null, "metadata": {"file": "/opt/venv/lib/python3.12/site-packages/primus_mllog/mlperf_pre_training.py", "lineno": 174, "samples_count": 49152}}
:::MLLOG {"namespace": "", "time_ms": 1778085758253, "event_type": "INTERVAL_END", "key": "block_stop", "value": null, "metadata": {"file": "/opt/venv/lib/python3.12/site-packages/primus_mllog/mlperf_pre_training.py", "lineno": 139, "samples_count": 61440}}
:::MLLOG {"namespace": "", "time_ms": 1778085758254, "event_type": "INTERVAL_START", "key": "eval_start", "value": null, "metadata": {"file": "/opt/venv/lib/python3.12/site-packages/primus_mllog/mlperf_pre_training.py", "lineno": 141, "samples_count": 61440}}
:::MLLOG {"namespace": "", "time_ms": 1778085767637, "event_type": "POINT_IN_TIME", "key": "eval_accuracy", "value": 3.775855779647827, "metadata": {"file": "/opt/venv/lib/python3.12/site-packages/primus_mllog/mlperf_pre_training.py", "lineno": 156, "samples_count": 61440}}
:::MLLOG {"namespace": "", "time_ms": 1778085767637, "event_type": "INTERVAL_END", "key": "eval_stop", "value": null, "metadata": {"file": "/opt/venv/lib/python3.12/site-packages/primus_mllog/mlperf_pre_training.py", "lineno": 170, "samples_count": 61440}}
:::MLLOG {"namespace": "", "time_ms": 1778085767637, "event_type": "INTERVAL_START", "key": "block_start", "value": null, "metadata": {"file": "/opt/venv/lib/python3.12/site-packages/primus_mllog/mlperf_pre_training.py", "lineno": 174, "samples_count": 61440}}
:::MLLOG {"namespace": "", "time_ms": 1778086112408, "event_type": "INTERVAL_END", "key": "block_stop", "value": null, "metadata": {"file": "/opt/venv/lib/python3.12/site-packages/primus_mllog/mlperf_pre_training.py", "lineno": 139, "samples_count": 73728}}
:::MLLOG {"namespace": "", "time_ms": 1778086112408, "event_type": "INTERVAL_START", "key": "eval_start", "value": null, "metadata": {"file": "/opt/venv/lib/python3.12/site-packages/primus_mllog/mlperf_pre_training.py", "lineno": 141, "samples_count": 73728}}
:::MLLOG {"namespace": "", "time_ms": 1778086121725, "event_type": "POINT_IN_TIME", "key": "eval_accuracy", "value": 3.663898229598999, "metadata": {"file": "/opt/venv/lib/python3.12/site-packages/primus_mllog/mlperf_pre_training.py", "lineno": 156, "samples_count": 73728}}
:::MLLOG {"namespace": "", "time_ms": 1778086121725, "event_type": "INTERVAL_END", "key": "eval_stop", "value": null, "metadata": {"file": "/opt/venv/lib/python3.12/site-packages/primus_mllog/mlperf_pre_training.py", "lineno": 170, "samples_count": 73728}}
:::MLLOG {"namespace": "", "time_ms": 1778086121726, "event_type": "INTERVAL_START", "key": "block_start", "value": null, "metadata": {"file": "/opt/venv/lib/python3.12/site-packages/primus_mllog/mlperf_pre_training.py", "lineno": 174, "samples_count": 73728}}
:::MLLOG {"namespace": "", "time_ms": 1778086466072, "event_type": "INTERVAL_END", "key": "block_stop", "value": null, "metadata": {"file": "/opt/venv/lib/python3.12/site-packages/primus_mllog/mlperf_pre_training.py", "lineno": 139, "samples_count": 86016}}
:::MLLOG {"namespace": "", "time_ms": 1778086466072, "event_type": "INTERVAL_START", "key": "eval_start", "value": null, "metadata": {"file": "/opt/venv/lib/python3.12/site-packages/primus_mllog/mlperf_pre_training.py", "lineno": 141, "samples_count": 86016}}
:::MLLOG {"namespace": "", "time_ms": 1778086475494, "event_type": "POINT_IN_TIME", "key": "eval_accuracy", "value": 3.5960004329681396, "metadata": {"file": "/opt/venv/lib/python3.12/site-packages/primus_mllog/mlperf_pre_training.py", "lineno": 156, "samples_count": 86016}}
:::MLLOG {"namespace": "", "time_ms": 1778086475494, "event_type": "INTERVAL_END", "key": "eval_stop", "value": null, "metadata": {"file": "/opt/venv/lib/python3.12/site-packages/primus_mllog/mlperf_pre_training.py", "lineno": 170, "samples_count": 86016}}
:::MLLOG {"namespace": "", "time_ms": 1778086475494, "event_type": "INTERVAL_START", "key": "block_start", "value": null, "metadata": {"file": "/opt/venv/lib/python3.12/site-packages/primus_mllog/mlperf_pre_training.py", "lineno": 174, "samples_count": 86016}}
:::MLLOG {"namespace": "", "time_ms": 1778086820503, "event_type": "INTERVAL_END", "key": "block_stop", "value": null, "metadata": {"file": "/opt/venv/lib/python3.12/site-packages/primus_mllog/mlperf_pre_training.py", "lineno": 139, "samples_count": 98304}}
:::MLLOG {"namespace": "", "time_ms": 1778086820503, "event_type": "INTERVAL_START", "key": "eval_start", "value": null, "metadata": {"file": "/opt/venv/lib/python3.12/site-packages/primus_mllog/mlperf_pre_training.py", "lineno": 141, "samples_count": 98304}}
:::MLLOG {"namespace": "", "time_ms": 1778086829769, "event_type": "POINT_IN_TIME", "key": "eval_accuracy", "value": 3.528398036956787, "metadata": {"file": "/opt/venv/lib/python3.12/site-packages/primus_mllog/mlperf_pre_training.py", "lineno": 156, "samples_count": 98304}}
:::MLLOG {"namespace": "", "time_ms": 1778086829769, "event_type": "INTERVAL_END", "key": "eval_stop", "value": null, "metadata": {"file": "/opt/venv/lib/python3.12/site-packages/primus_mllog/mlperf_pre_training.py", "lineno": 170, "samples_count": 98304}}
:::MLLOG {"namespace": "", "time_ms": 1778086829769, "event_type": "INTERVAL_START", "key": "block_start", "value": null, "metadata": {"file": "/opt/venv/lib/python3.12/site-packages/primus_mllog/mlperf_pre_training.py", "lineno": 174, "samples_count": 98304}}
:::MLLOG {"namespace": "", "time_ms": 1778087173646, "event_type": "INTERVAL_END", "key": "block_stop", "value": null, "metadata": {"file": "/opt/venv/lib/python3.12/site-packages/primus_mllog/mlperf_pre_training.py", "lineno": 139, "samples_count": 110592}}
:::MLLOG {"namespace": "", "time_ms": 1778087173646, "event_type": "INTERVAL_START", "key": "eval_start", "value": null, "metadata": {"file": "/opt/venv/lib/python3.12/site-packages/primus_mllog/mlperf_pre_training.py", "lineno": 141, "samples_count": 110592}}
:::MLLOG {"namespace": "", "time_ms": 1778087182867, "event_type": "POINT_IN_TIME", "key": "eval_accuracy", "value": 3.482506275177002, "metadata": {"file": "/opt/venv/lib/python3.12/site-packages/primus_mllog/mlperf_pre_training.py", "lineno": 156, "samples_count": 110592}}
:::MLLOG {"namespace": "", "time_ms": 1778087182868, "event_type": "INTERVAL_END", "key": "eval_stop", "value": null, "metadata": {"file": "/opt/venv/lib/python3.12/site-packages/primus_mllog/mlperf_pre_training.py", "lineno": 170, "samples_count": 110592}}
:::MLLOG {"namespace": "", "time_ms": 1778087182868, "event_type": "INTERVAL_START", "key": "block_start", "value": null, "metadata": {"file": "/opt/venv/lib/python3.12/site-packages/primus_mllog/mlperf_pre_training.py", "lineno": 174, "samples_count": 110592}}
:::MLLOG {"namespace": "", "time_ms": 1778087527102, "event_type": "INTERVAL_END", "key": "block_stop", "value": null, "metadata": {"file": "/opt/venv/lib/python3.12/site-packages/primus_mllog/mlperf_pre_training.py", "lineno": 139, "samples_count": 122880}}
:::MLLOG {"namespace": "", "time_ms": 1778087527102, "event_type": "INTERVAL_START", "key": "eval_start", "value": null, "metadata": {"file": "/opt/venv/lib/python3.12/site-packages/primus_mllog/mlperf_pre_training.py", "lineno": 141, "samples_count": 122880}}
:::MLLOG {"namespace": "", "time_ms": 1778087536491, "event_type": "POINT_IN_TIME", "key": "eval_accuracy", "value": 3.4372613430023193, "metadata": {"file": "/opt/venv/lib/python3.12/site-packages/primus_mllog/mlperf_pre_training.py", "lineno": 156, "samples_count": 122880}}
:::MLLOG {"namespace": "", "time_ms": 1778087536491, "event_type": "INTERVAL_END", "key": "eval_stop", "value": null, "metadata": {"file": "/opt/venv/lib/python3.12/site-packages/primus_mllog/mlperf_pre_training.py", "lineno": 170, "samples_count": 122880}}
:::MLLOG {"namespace": "", "time_ms": 1778087536491, "event_type": "INTERVAL_START", "key": "block_start", "value": null, "metadata": {"file": "/opt/venv/lib/python3.12/site-packages/primus_mllog/mlperf_pre_training.py", "lineno": 174, "samples_count": 122880}}
:::MLLOG {"namespace": "", "time_ms": 1778087881221, "event_type": "INTERVAL_END", "key": "block_stop", "value": null, "metadata": {"file": "/opt/venv/lib/python3.12/site-packages/primus_mllog/mlperf_pre_training.py", "lineno": 139, "samples_count": 135168}}
:::MLLOG {"namespace": "", "time_ms": 1778087881221, "event_type": "INTERVAL_START", "key": "eval_start", "value": null, "metadata": {"file": "/opt/venv/lib/python3.12/site-packages/primus_mllog/mlperf_pre_training.py", "lineno": 141, "samples_count": 135168}}
:::MLLOG {"namespace": "", "time_ms": 1778087890531, "event_type": "POINT_IN_TIME", "key": "eval_accuracy", "value": 3.3975117206573486, "metadata": {"file": "/opt/venv/lib/python3.12/site-packages/primus_mllog/mlperf_pre_training.py", "lineno": 156, "samples_count": 135168}}
:::MLLOG {"namespace": "", "time_ms": 1778087890531, "event_type": "INTERVAL_END", "key": "eval_stop", "value": null, "metadata": {"file": "/opt/venv/lib/python3.12/site-packages/primus_mllog/mlperf_pre_training.py", "lineno": 170, "samples_count": 135168}}
:::MLLOG {"namespace": "", "time_ms": 1778087890532, "event_type": "INTERVAL_START", "key": "block_start", "value": null, "metadata": {"file": "/opt/venv/lib/python3.12/site-packages/primus_mllog/mlperf_pre_training.py", "lineno": 174, "samples_count": 135168}}
:::MLLOG {"namespace": "", "time_ms": 1778088234435, "event_type": "INTERVAL_END", "key": "block_stop", "value": null, "metadata": {"file": "/opt/venv/lib/python3.12/site-packages/primus_mllog/mlperf_pre_training.py", "lineno": 139, "samples_count": 147456}}
:::MLLOG {"namespace": "", "time_ms": 1778088234436, "event_type": "INTERVAL_START", "key": "eval_start", "value": null, "metadata": {"file": "/opt/venv/lib/python3.12/site-packages/primus_mllog/mlperf_pre_training.py", "lineno": 141, "samples_count": 147456}}
:::MLLOG {"namespace": "", "time_ms": 1778088243739, "event_type": "POINT_IN_TIME", "key": "eval_accuracy", "value": 3.374420166015625, "metadata": {"file": "/opt/venv/lib/python3.12/site-packages/primus_mllog/mlperf_pre_training.py", "lineno": 156, "samples_count": 147456}}
:::MLLOG {"namespace": "", "time_ms": 1778088243739, "event_type": "INTERVAL_END", "key": "eval_stop", "value": null, "metadata": {"file": "/opt/venv/lib/python3.12/site-packages/primus_mllog/mlperf_pre_training.py", "lineno": 170, "samples_count": 147456}}
:::MLLOG {"namespace": "", "time_ms": 1778088243739, "event_type": "INTERVAL_START", "key": "block_start", "value": null, "metadata": {"file": "/opt/venv/lib/python3.12/site-packages/primus_mllog/mlperf_pre_training.py", "lineno": 174, "samples_count": 147456}}
:::MLLOG {"namespace": "", "time_ms": 1778088587170, "event_type": "INTERVAL_END", "key": "block_stop", "value": null, "metadata": {"file": "/opt/venv/lib/python3.12/site-packages/primus_mllog/mlperf_pre_training.py", "lineno": 139, "samples_count": 159744}}
:::MLLOG {"namespace": "", "time_ms": 1778088587170, "event_type": "INTERVAL_START", "key": "eval_start", "value": null, "metadata": {"file": "/opt/venv/lib/python3.12/site-packages/primus_mllog/mlperf_pre_training.py", "lineno": 141, "samples_count": 159744}}
:::MLLOG {"namespace": "", "time_ms": 1778088596448, "event_type": "POINT_IN_TIME", "key": "eval_accuracy", "value": 3.338353395462036, "metadata": {"file": "/opt/venv/lib/python3.12/site-packages/primus_mllog/mlperf_pre_training.py", "lineno": 156, "samples_count": 159744}}
:::MLLOG {"namespace": "", "time_ms": 1778088596449, "event_type": "INTERVAL_END", "key": "eval_stop", "value": null, "metadata": {"file": "/opt/venv/lib/python3.12/site-packages/primus_mllog/mlperf_pre_training.py", "lineno": 170, "samples_count": 159744}}
:::MLLOG {"namespace": "", "time_ms": 1778088596449, "event_type": "INTERVAL_START", "key": "block_start", "value": null, "metadata": {"file": "/opt/venv/lib/python3.12/site-packages/primus_mllog/mlperf_pre_training.py", "lineno": 174, "samples_count": 159744}}
:::MLLOG {"namespace": "", "time_ms": 1778088940502, "event_type": "INTERVAL_END", "key": "block_stop", "value": null, "metadata": {"file": "/opt/venv/lib/python3.12/site-packages/primus_mllog/mlperf_pre_training.py", "lineno": 139, "samples_count": 172032}}
:::MLLOG {"namespace": "", "time_ms": 1778088940503, "event_type": "INTERVAL_START", "key": "eval_start", "value": null, "metadata": {"file": "/opt/venv/lib/python3.12/site-packages/primus_mllog/mlperf_pre_training.py", "lineno": 141, "samples_count": 172032}}
:::MLLOG {"namespace": "", "time_ms": 1778088949788, "event_type": "POINT_IN_TIME", "key": "eval_accuracy", "value": 3.314527750015259, "metadata": {"file": "/opt/venv/lib/python3.12/site-packages/primus_mllog/mlperf_pre_training.py", "lineno": 156, "samples_count": 172032}}
:::MLLOG {"namespace": "", "time_ms": 1778088949789, "event_type": "INTERVAL_END", "key": "eval_stop", "value": null, "metadata": {"file": "/opt/venv/lib/python3.12/site-packages/primus_mllog/mlperf_pre_training.py", "lineno": 170, "samples_count": 172032}}
:::MLLOG {"namespace": "", "time_ms": 1778088949789, "event_type": "INTERVAL_START", "key": "block_start", "value": null, "metadata": {"file": "/opt/venv/lib/python3.12/site-packages/primus_mllog/mlperf_pre_training.py", "lineno": 174, "samples_count": 172032}}
:::MLLOG {"namespace": "", "time_ms": 1778089293609, "event_type": "INTERVAL_END", "key": "block_stop", "value": null, "metadata": {"file": "/opt/venv/lib/python3.12/site-packages/primus_mllog/mlperf_pre_training.py", "lineno": 139, "samples_count": 184320}}
:::MLLOG {"namespace": "", "time_ms": 1778089293610, "event_type": "INTERVAL_START", "key": "eval_start", "value": null, "metadata": {"file": "/opt/venv/lib/python3.12/site-packages/primus_mllog/mlperf_pre_training.py", "lineno": 141, "samples_count": 184320}}
:::MLLOG {"namespace": "", "time_ms": 1778089302969, "event_type": "POINT_IN_TIME", "key": "eval_accuracy", "value": 3.3040943145751953, "metadata": {"file": "/opt/venv/lib/python3.12/site-packages/primus_mllog/mlperf_pre_training.py", "lineno": 156, "samples_count": 184320}}
:::MLLOG {"namespace": "", "time_ms": 1778089302969, "event_type": "INTERVAL_END", "key": "eval_stop", "value": null, "metadata": {"file": "/opt/venv/lib/python3.12/site-packages/primus_mllog/mlperf_pre_training.py", "lineno": 170, "samples_count": 184320}}
:::MLLOG {"namespace": "", "time_ms": 1778089302969, "event_type": "INTERVAL_START", "key": "block_start", "value": null, "metadata": {"file": "/opt/venv/lib/python3.12/site-packages/primus_mllog/mlperf_pre_training.py", "lineno": 174, "samples_count": 184320}}
:::MLLOG {"namespace": "", "time_ms": 1778089646909, "event_type": "INTERVAL_END", "key": "block_stop", "value": null, "metadata": {"file": "/opt/venv/lib/python3.12/site-packages/primus_mllog/mlperf_pre_training.py", "lineno": 139, "samples_count": 196608}}
:::MLLOG {"namespace": "", "time_ms": 1778089646910, "event_type": "INTERVAL_START", "key": "eval_start", "value": null, "metadata": {"file": "/opt/venv/lib/python3.12/site-packages/primus_mllog/mlperf_pre_training.py", "lineno": 141, "samples_count": 196608}}
:::MLLOG {"namespace": "", "time_ms": 1778089656229, "event_type": "POINT_IN_TIME", "key": "eval_accuracy", "value": 3.2870779037475586, "metadata": {"file": "/opt/venv/lib/python3.12/site-packages/primus_mllog/mlperf_pre_training.py", "lineno": 156, "samples_count": 196608}}
:::MLLOG {"namespace": "", "time_ms": 1778089656230, "event_type": "INTERVAL_END", "key": "eval_stop", "value": null, "metadata": {"file": "/opt/venv/lib/python3.12/site-packages/primus_mllog/mlperf_pre_training.py", "lineno": 170, "samples_count": 196608}}
:::MLLOG {"namespace": "", "time_ms": 1778089656237, "event_type": "INTERVAL_END", "key": "epoch_stop", "value": null, "metadata": {"file": "/opt/venv/lib/python3.12/site-packages/primus_mllog/mlperf_pre_training.py", "lineno": 220, "samples_count": 196608}}
:::MLLOG {"namespace": "", "time_ms": 1778089656237, "event_type": "INTERVAL_END", "key": "run_stop", "value": null, "metadata": {"file": "/opt/venv/lib/python3.12/site-packages/primus_mllog/mlperf_pre_training.py", "lineno": 224, "samples_count": 196608, "status": "success"}}
:::MLLOG {"namespace": "", "time_ms": 1778089675453, "event_type": "POINT_IN_TIME", "key": "run_duration", "value": "5661.67s -> 94.36 minutes", "metadata": {"file": "/opt/venv/lib/python3.12/site-packages/primus_mllog/mlperf_pre_training.py", "lineno": 87, "samples": 196608}}
:::MLLOG {"namespace": "", "time_ms": 1778089675454, "event_type": "POINT_IN_TIME", "key": "overall_throughput", "value": 34.73, "metadata": {"file": "/opt/venv/lib/python3.12/site-packages/primus_mllog/mlperf_pre_training.py", "lineno": 92, "samples": 196608}}
:::MLLOG {"namespace": "", "time_ms": 1778089762433, "event_type": "POINT_IN_TIME", "key": "global_batch_size", "value": 32, "metadata": {"file": "/opt/venv/lib/python3.12/site-packages/primus_mllog/mlperf_pre_training.py", "lineno": 66}}
:::MLLOG {"namespace": "", "time_ms": 1778089762433, "event_type": "POINT_IN_TIME", "key": "gradient_accumulation_steps", "value": 2, "metadata": {"file": "/opt/venv/lib/python3.12/site-packages/primus_mllog/mlperf_pre_training.py", "lineno": 66}}
:::MLLOG {"namespace": "", "time_ms": 1778089762433, "event_type": "POINT_IN_TIME", "key": "max_sequence_length", "value": 8192, "metadata": {"file": "/opt/venv/lib/python3.12/site-packages/primus_mllog/mlperf_pre_training.py", "lineno": 66}}
:::MLLOG {"namespace": "", "time_ms": 1778089762433, "event_type": "POINT_IN_TIME", "key": "train_samples", "value": 38400000, "metadata": {"file": "/opt/venv/lib/python3.12/site-packages/primus_mllog/mlperf_pre_training.py", "lineno": 66}}
:::MLLOG {"namespace": "", "time_ms": 1778089762433, "event_type": "POINT_IN_TIME", "key": "eval_samples", "value": 1024, "metadata": {"file": "/opt/venv/lib/python3.12/site-packages/primus_mllog/mlperf_pre_training.py", "lineno": 66}}
:::MLLOG {"namespace": "", "time_ms": 1778089762433, "event_type": "POINT_IN_TIME", "key": "seed", "value": 14098, "metadata": {"file": "/opt/venv/lib/python3.12/site-packages/primus_mllog/mlperf_pre_training.py", "lineno": 66}}
:::MLLOG {"namespace": "", "time_ms": 1778089762433, "event_type": "POINT_IN_TIME", "key": "init_checkpoint_step", "value": 0, "metadata": {"file": "/opt/venv/lib/python3.12/site-packages/primus_mllog/mlperf_pre_training.py", "lineno": 66}}
:::MLLOG {"namespace": "", "time_ms": 1778089762433, "event_type": "POINT_IN_TIME", "key": "opt_name", "value": "adamw", "metadata": {"file": "/opt/venv/lib/python3.12/site-packages/primus_mllog/mlperf_pre_training.py", "lineno": 66}}
:::MLLOG {"namespace": "", "time_ms": 1778089762434, "event_type": "POINT_IN_TIME", "key": "opt_base_learning_rate", "value": 0.0008, "metadata": {"file": "/opt/venv/lib/python3.12/site-packages/primus_mllog/mlperf_pre_training.py", "lineno": 66}}
:::MLLOG {"namespace": "", "time_ms": 1778089762434, "event_type": "POINT_IN_TIME", "key": "opt_adamw_beta_1", "value": 0.9, "metadata": {"file": "/opt/venv/lib/python3.12/site-packages/primus_mllog/mlperf_pre_training.py", "lineno": 66}}
:::MLLOG {"namespace": "", "time_ms": 1778089762434, "event_type": "POINT_IN_TIME", "key": "opt_adamw_beta_2", "value": 0.95, "metadata": {"file": "/opt/venv/lib/python3.12/site-packages/primus_mllog/mlperf_pre_training.py", "lineno": 66}}
:::MLLOG {"namespace": "", "time_ms": 1778089762434, "event_type": "POINT_IN_TIME", "key": "opt_adamw_epsilon", "value": 1e-05, "metadata": {"file": "/opt/venv/lib/python3.12/site-packages/primus_mllog/mlperf_pre_training.py", "lineno": 66}}
:::MLLOG {"namespace": "", "time_ms": 1778089762434, "event_type": "POINT_IN_TIME", "key": "opt_adamw_weight_decay", "value": 0.1, "metadata": {"file": "/opt/venv/lib/python3.12/site-packages/primus_mllog/mlperf_pre_training.py", "lineno": 66}}
:::MLLOG {"namespace": "", "time_ms": 1778089762434, "event_type": "POINT_IN_TIME", "key": "opt_gradient_clip_norm", "value": 1.0, "metadata": {"file": "/opt/venv/lib/python3.12/site-packages/primus_mllog/mlperf_pre_training.py", "lineno": 66}}
:::MLLOG {"namespace": "", "time_ms": 1778089762434, "event_type": "POINT_IN_TIME", "key": "opt_end_learning_rate", "value": 8e-05, "metadata": {"file": "/opt/venv/lib/python3.12/site-packages/primus_mllog/mlperf_pre_training.py", "lineno": 66}}
:::MLLOG {"namespace": "", "time_ms": 1778089762434, "event_type": "POINT_IN_TIME", "key": "opt_learning_rate_warmup_steps", "value": 64, "metadata": {"file": "/opt/venv/lib/python3.12/site-packages/primus_mllog/mlperf_pre_training.py", "lineno": 66}}
:::MLLOG {"namespace": "", "time_ms": 1778089762434, "event_type": "POINT_IN_TIME", "key": "opt_learning_rate_decay_steps", "value": 1199936, "metadata": {"file": "/opt/venv/lib/python3.12/site-packages/primus_mllog/mlperf_pre_training.py", "lineno": 66}}
:::MLLOG {"namespace": "", "time_ms": 1778089762434, "event_type": "POINT_IN_TIME", "key": "opt_learning_rate_decay_schedule", "value": "cosine with linear warmup", "metadata": {"file": "/opt/venv/lib/python3.12/site-packages/primus_mllog/mlperf_pre_training.py", "lineno": 66}}
:::MLLOG {"namespace": "", "time_ms": 1778089762434, "event_type": "POINT_IN_TIME", "key": "max_steps", "value": 1200000, "metadata": {"file": "/opt/venv/lib/python3.12/site-packages/primus_mllog/mlperf_pre_training.py", "lineno": 66}}
:::MLLOG {"namespace": "", "time_ms": 1778089762434, "event_type": "POINT_IN_TIME", "key": "submission_benchmark", "value": "llama31_8b", "metadata": {"file": "/opt/venv/lib/python3.12/site-packages/primus_mllog/mlperf_pre_training.py", "lineno": 66}}
:::MLLOG {"namespace": "", "time_ms": 1778089762434, "event_type": "POINT_IN_TIME", "key": "submission_division", "value": "closed", "metadata": {"file": "/opt/venv/lib/python3.12/site-packages/primus_mllog/mlperf_pre_training.py", "lineno": 66}}
:::MLLOG {"namespace": "", "time_ms": 1778089762434, "event_type": "POINT_IN_TIME", "key": "submission_status", "value": "", "metadata": {"file": "/opt/venv/lib/python3.12/site-packages/primus_mllog/mlperf_pre_training.py", "lineno": 66}}
:::MLLOG {"namespace": "", "time_ms": 1778089762434, "event_type": "POINT_IN_TIME", "key": "submission_org", "value": "AMD", "metadata": {"file": "/opt/venv/lib/python3.12/site-packages/primus_mllog/mlperf_pre_training.py", "lineno": 66}}
:::MLLOG {"namespace": "", "time_ms": 1778089762434, "event_type": "POINT_IN_TIME", "key": "submission_platform", "value": "MI355X", "metadata": {"file": "/opt/venv/lib/python3.12/site-packages/primus_mllog/mlperf_pre_training.py", "lineno": 66}}
:::MLLOG {"namespace": "", "time_ms": 1778089762434, "event_type": "INTERVAL_END", "key": "init_stop", "value": null, "metadata": {"file": "/opt/venv/lib/python3.12/site-packages/primus_mllog/mlperf_pre_training.py", "lineno": 68}}
:::MLLOG {"namespace": "", "time_ms": 1778089826579, "event_type": "INTERVAL_START", "key": "run_start", "value": null, "metadata": {"file": "/opt/venv/lib/python3.12/site-packages/primus_mllog/mlperf_pre_training.py", "lineno": 193}}
:::MLLOG {"namespace": "", "time_ms": 1778089826579, "event_type": "INTERVAL_START", "key": "epoch_start", "value": null, "metadata": {"file": "/opt/venv/lib/python3.12/site-packages/primus_mllog/mlperf_pre_training.py", "lineno": 196, "samples_count": 0}}
:::MLLOG {"namespace": "", "time_ms": 1778089826579, "event_type": "INTERVAL_START", "key": "block_start", "value": null, "metadata": {"file": "/opt/venv/lib/python3.12/site-packages/primus_mllog/mlperf_pre_training.py", "lineno": 198, "samples_count": 0}}
:::MLLOG {"namespace": "", "time_ms": 1778090169517, "event_type": "INTERVAL_END", "key": "block_stop", "value": null, "metadata": {"file": "/opt/venv/lib/python3.12/site-packages/primus_mllog/mlperf_pre_training.py", "lineno": 139, "samples_count": 12288}}
:::MLLOG {"namespace": "", "time_ms": 1778090169518, "event_type": "INTERVAL_START", "key": "eval_start", "value": null, "metadata": {"file": "/opt/venv/lib/python3.12/site-packages/primus_mllog/mlperf_pre_training.py", "lineno": 141, "samples_count": 12288}}
:::MLLOG {"namespace": "", "time_ms": 1778090179942, "event_type": "POINT_IN_TIME", "key": "eval_accuracy", "value": 5.924393177032471, "metadata": {"file": "/opt/venv/lib/python3.12/site-packages/primus_mllog/mlperf_pre_training.py", "lineno": 156, "samples_count": 12288}}
:::MLLOG {"namespace": "", "time_ms": 1778090179942, "event_type": "INTERVAL_END", "key": "eval_stop", "value": null, "metadata": {"file": "/opt/venv/lib/python3.12/site-packages/primus_mllog/mlperf_pre_training.py", "lineno": 170, "samples_count": 12288}}
:::MLLOG {"namespace": "", "time_ms": 1778090179942, "event_type": "INTERVAL_START", "key": "block_start", "value": null, "metadata": {"file": "/opt/venv/lib/python3.12/site-packages/primus_mllog/mlperf_pre_training.py", "lineno": 174, "samples_count": 12288}}
:::MLLOG {"namespace": "", "time_ms": 1778090525801, "event_type": "INTERVAL_END", "key": "block_stop", "value": null, "metadata": {"file": "/opt/venv/lib/python3.12/site-packages/primus_mllog/mlperf_pre_training.py", "lineno": 139, "samples_count": 24576}}
:::MLLOG {"namespace": "", "time_ms": 1778090525802, "event_type": "INTERVAL_START", "key": "eval_start", "value": null, "metadata": {"file": "/opt/venv/lib/python3.12/site-packages/primus_mllog/mlperf_pre_training.py", "lineno": 141, "samples_count": 24576}}
:::MLLOG {"namespace": "", "time_ms": 1778090535239, "event_type": "POINT_IN_TIME", "key": "eval_accuracy", "value": 4.9613142013549805, "metadata": {"file": "/opt/venv/lib/python3.12/site-packages/primus_mllog/mlperf_pre_training.py", "lineno": 156, "samples_count": 24576}}
:::MLLOG {"namespace": "", "time_ms": 1778090535239, "event_type": "INTERVAL_END", "key": "eval_stop", "value": null, "metadata": {"file": "/opt/venv/lib/python3.12/site-packages/primus_mllog/mlperf_pre_training.py", "lineno": 170, "samples_count": 24576}}
:::MLLOG {"namespace": "", "time_ms": 1778090535239, "event_type": "INTERVAL_START", "key": "block_start", "value": null, "metadata": {"file": "/opt/venv/lib/python3.12/site-packages/primus_mllog/mlperf_pre_training.py", "lineno": 174, "samples_count": 24576}}
:::MLLOG {"namespace": "", "time_ms": 1778090879695, "event_type": "INTERVAL_END", "key": "block_stop", "value": null, "metadata": {"file": "/opt/venv/lib/python3.12/site-packages/primus_mllog/mlperf_pre_training.py", "lineno": 139, "samples_count": 36864}}
:::MLLOG {"namespace": "", "time_ms": 1778090879696, "event_type": "INTERVAL_START", "key": "eval_start", "value": null, "metadata": {"file": "/opt/venv/lib/python3.12/site-packages/primus_mllog/mlperf_pre_training.py", "lineno": 141, "samples_count": 36864}}
:::MLLOG {"namespace": "", "time_ms": 1778090888924, "event_type": "POINT_IN_TIME", "key": "eval_accuracy", "value": 4.123440265655518, "metadata": {"file": "/opt/venv/lib/python3.12/site-packages/primus_mllog/mlperf_pre_training.py", "lineno": 156, "samples_count": 36864}}
:::MLLOG {"namespace": "", "time_ms": 1778090888925, "event_type": "INTERVAL_END", "key": "eval_stop", "value": null, "metadata": {"file": "/opt/venv/lib/python3.12/site-packages/primus_mllog/mlperf_pre_training.py", "lineno": 170, "samples_count": 36864}}
:::MLLOG {"namespace": "", "time_ms": 1778090888925, "event_type": "INTERVAL_START", "key": "block_start", "value": null, "metadata": {"file": "/opt/venv/lib/python3.12/site-packages/primus_mllog/mlperf_pre_training.py", "lineno": 174, "samples_count": 36864}}
:::MLLOG {"namespace": "", "time_ms": 1778091233627, "event_type": "INTERVAL_END", "key": "block_stop", "value": null, "metadata": {"file": "/opt/venv/lib/python3.12/site-packages/primus_mllog/mlperf_pre_training.py", "lineno": 139, "samples_count": 49152}}
:::MLLOG {"namespace": "", "time_ms": 1778091233627, "event_type": "INTERVAL_START", "key": "eval_start", "value": null, "metadata": {"file": "/opt/venv/lib/python3.12/site-packages/primus_mllog/mlperf_pre_training.py", "lineno": 141, "samples_count": 49152}}
:::MLLOG {"namespace": "", "time_ms": 1778091242896, "event_type": "POINT_IN_TIME", "key": "eval_accuracy", "value": 3.939547300338745, "metadata": {"file": "/opt/venv/lib/python3.12/site-packages/primus_mllog/mlperf_pre_training.py", "lineno": 156, "samples_count": 49152}}
:::MLLOG {"namespace": "", "time_ms": 1778091242897, "event_type": "INTERVAL_END", "key": "eval_stop", "value": null, "metadata": {"file": "/opt/venv/lib/python3.12/site-packages/primus_mllog/mlperf_pre_training.py", "lineno": 170, "samples_count": 49152}}
:::MLLOG {"namespace": "", "time_ms": 1778091242897, "event_type": "INTERVAL_START", "key": "block_start", "value": null, "metadata": {"file": "/opt/venv/lib/python3.12/site-packages/primus_mllog/mlperf_pre_training.py", "lineno": 174, "samples_count": 49152}}
:::MLLOG {"namespace": "", "time_ms": 1778091587063, "event_type": "INTERVAL_END", "key": "block_stop", "value": null, "metadata": {"file": "/opt/venv/lib/python3.12/site-packages/primus_mllog/mlperf_pre_training.py", "lineno": 139, "samples_count": 61440}}
:::MLLOG {"namespace": "", "time_ms": 1778091587063, "event_type": "INTERVAL_START", "key": "eval_start", "value": null, "metadata": {"file": "/opt/venv/lib/python3.12/site-packages/primus_mllog/mlperf_pre_training.py", "lineno": 141, "samples_count": 61440}}
:::MLLOG {"namespace": "", "time_ms": 1778091596320, "event_type": "POINT_IN_TIME", "key": "eval_accuracy", "value": 3.7942166328430176, "metadata": {"file": "/opt/venv/lib/python3.12/site-packages/primus_mllog/mlperf_pre_training.py", "lineno": 156, "samples_count": 61440}}
:::MLLOG {"namespace": "", "time_ms": 1778091596320, "event_type": "INTERVAL_END", "key": "eval_stop", "value": null, "metadata": {"file": "/opt/venv/lib/python3.12/site-packages/primus_mllog/mlperf_pre_training.py", "lineno": 170, "samples_count": 61440}}
:::MLLOG {"namespace": "", "time_ms": 1778091596320, "event_type": "INTERVAL_START", "key": "block_start", "value": null, "metadata": {"file": "/opt/venv/lib/python3.12/site-packages/primus_mllog/mlperf_pre_training.py", "lineno": 174, "samples_count": 61440}}
:::MLLOG {"namespace": "", "time_ms": 1778091941463, "event_type": "INTERVAL_END", "key": "block_stop", "value": null, "metadata": {"file": "/opt/venv/lib/python3.12/site-packages/primus_mllog/mlperf_pre_training.py", "lineno": 139, "samples_count": 73728}}
:::MLLOG {"namespace": "", "time_ms": 1778091941464, "event_type": "INTERVAL_START", "key": "eval_start", "value": null, "metadata": {"file": "/opt/venv/lib/python3.12/site-packages/primus_mllog/mlperf_pre_training.py", "lineno": 141, "samples_count": 73728}}
:::MLLOG {"namespace": "", "time_ms": 1778091950706, "event_type": "POINT_IN_TIME", "key": "eval_accuracy", "value": 3.693228006362915, "metadata": {"file": "/opt/venv/lib/python3.12/site-packages/primus_mllog/mlperf_pre_training.py", "lineno": 156, "samples_count": 73728}}
:::MLLOG {"namespace": "", "time_ms": 1778091950707, "event_type": "INTERVAL_END", "key": "eval_stop", "value": null, "metadata": {"file": "/opt/venv/lib/python3.12/site-packages/primus_mllog/mlperf_pre_training.py", "lineno": 170, "samples_count": 73728}}
:::MLLOG {"namespace": "", "time_ms": 1778091950707, "event_type": "INTERVAL_START", "key": "block_start", "value": null, "metadata": {"file": "/opt/venv/lib/python3.12/site-packages/primus_mllog/mlperf_pre_training.py", "lineno": 174, "samples_count": 73728}}
:::MLLOG {"namespace": "", "time_ms": 1778092294897, "event_type": "INTERVAL_END", "key": "block_stop", "value": null, "metadata": {"file": "/opt/venv/lib/python3.12/site-packages/primus_mllog/mlperf_pre_training.py", "lineno": 139, "samples_count": 86016}}
:::MLLOG {"namespace": "", "time_ms": 1778092294897, "event_type": "INTERVAL_START", "key": "eval_start", "value": null, "metadata": {"file": "/opt/venv/lib/python3.12/site-packages/primus_mllog/mlperf_pre_training.py", "lineno": 141, "samples_count": 86016}}
:::MLLOG {"namespace": "", "time_ms": 1778092304184, "event_type": "POINT_IN_TIME", "key": "eval_accuracy", "value": 3.613525867462158, "metadata": {"file": "/opt/venv/lib/python3.12/site-packages/primus_mllog/mlperf_pre_training.py", "lineno": 156, "samples_count": 86016}}
:::MLLOG {"namespace": "", "time_ms": 1778092304184, "event_type": "INTERVAL_END", "key": "eval_stop", "value": null, "metadata": {"file": "/opt/venv/lib/python3.12/site-packages/primus_mllog/mlperf_pre_training.py", "lineno": 170, "samples_count": 86016}}
:::MLLOG {"namespace": "", "time_ms": 1778092304184, "event_type": "INTERVAL_START", "key": "block_start", "value": null, "metadata": {"file": "/opt/venv/lib/python3.12/site-packages/primus_mllog/mlperf_pre_training.py", "lineno": 174, "samples_count": 86016}}
:::MLLOG {"namespace": "", "time_ms": 1778092648820, "event_type": "INTERVAL_END", "key": "block_stop", "value": null, "metadata": {"file": "/opt/venv/lib/python3.12/site-packages/primus_mllog/mlperf_pre_training.py", "lineno": 139, "samples_count": 98304}}
:::MLLOG {"namespace": "", "time_ms": 1778092648821, "event_type": "INTERVAL_START", "key": "eval_start", "value": null, "metadata": {"file": "/opt/venv/lib/python3.12/site-packages/primus_mllog/mlperf_pre_training.py", "lineno": 141, "samples_count": 98304}}
:::MLLOG {"namespace": "", "time_ms": 1778092658137, "event_type": "POINT_IN_TIME", "key": "eval_accuracy", "value": 3.5585310459136963, "metadata": {"file": "/opt/venv/lib/python3.12/site-packages/primus_mllog/mlperf_pre_training.py", "lineno": 156, "samples_count": 98304}}
:::MLLOG {"namespace": "", "time_ms": 1778092658138, "event_type": "INTERVAL_END", "key": "eval_stop", "value": null, "metadata": {"file": "/opt/venv/lib/python3.12/site-packages/primus_mllog/mlperf_pre_training.py", "lineno": 170, "samples_count": 98304}}
:::MLLOG {"namespace": "", "time_ms": 1778092658138, "event_type": "INTERVAL_START", "key": "block_start", "value": null, "metadata": {"file": "/opt/venv/lib/python3.12/site-packages/primus_mllog/mlperf_pre_training.py", "lineno": 174, "samples_count": 98304}}
:::MLLOG {"namespace": "", "time_ms": 1778093002810, "event_type": "INTERVAL_END", "key": "block_stop", "value": null, "metadata": {"file": "/opt/venv/lib/python3.12/site-packages/primus_mllog/mlperf_pre_training.py", "lineno": 139, "samples_count": 110592}}
:::MLLOG {"namespace": "", "time_ms": 1778093002810, "event_type": "INTERVAL_START", "key": "eval_start", "value": null, "metadata": {"file": "/opt/venv/lib/python3.12/site-packages/primus_mllog/mlperf_pre_training.py", "lineno": 141, "samples_count": 110592}}
:::MLLOG {"namespace": "", "time_ms": 1778093012022, "event_type": "POINT_IN_TIME", "key": "eval_accuracy", "value": 3.501511335372925, "metadata": {"file": "/opt/venv/lib/python3.12/site-packages/primus_mllog/mlperf_pre_training.py", "lineno": 156, "samples_count": 110592}}
:::MLLOG {"namespace": "", "time_ms": 1778093012023, "event_type": "INTERVAL_END", "key": "eval_stop", "value": null, "metadata": {"file": "/opt/venv/lib/python3.12/site-packages/primus_mllog/mlperf_pre_training.py", "lineno": 170, "samples_count": 110592}}
:::MLLOG {"namespace": "", "time_ms": 1778093012023, "event_type": "INTERVAL_START", "key": "block_start", "value": null, "metadata": {"file": "/opt/venv/lib/python3.12/site-packages/primus_mllog/mlperf_pre_training.py", "lineno": 174, "samples_count": 110592}}
:::MLLOG {"namespace": "", "time_ms": 1778093355779, "event_type": "INTERVAL_END", "key": "block_stop", "value": null, "metadata": {"file": "/opt/venv/lib/python3.12/site-packages/primus_mllog/mlperf_pre_training.py", "lineno": 139, "samples_count": 122880}}
:::MLLOG {"namespace": "", "time_ms": 1778093355780, "event_type": "INTERVAL_START", "key": "eval_start", "value": null, "metadata": {"file": "/opt/venv/lib/python3.12/site-packages/primus_mllog/mlperf_pre_training.py", "lineno": 141, "samples_count": 122880}}
:::MLLOG {"namespace": "", "time_ms": 1778093365036, "event_type": "POINT_IN_TIME", "key": "eval_accuracy", "value": 3.4568324089050293, "metadata": {"file": "/opt/venv/lib/python3.12/site-packages/primus_mllog/mlperf_pre_training.py", "lineno": 156, "samples_count": 122880}}
:::MLLOG {"namespace": "", "time_ms": 1778093365036, "event_type": "INTERVAL_END", "key": "eval_stop", "value": null, "metadata": {"file": "/opt/venv/lib/python3.12/site-packages/primus_mllog/mlperf_pre_training.py", "lineno": 170, "samples_count": 122880}}
:::MLLOG {"namespace": "", "time_ms": 1778093365036, "event_type": "INTERVAL_START", "key": "block_start", "value": null, "metadata": {"file": "/opt/venv/lib/python3.12/site-packages/primus_mllog/mlperf_pre_training.py", "lineno": 174, "samples_count": 122880}}
:::MLLOG {"namespace": "", "time_ms": 1778093709482, "event_type": "INTERVAL_END", "key": "block_stop", "value": null, "metadata": {"file": "/opt/venv/lib/python3.12/site-packages/primus_mllog/mlperf_pre_training.py", "lineno": 139, "samples_count": 135168}}
:::MLLOG {"namespace": "", "time_ms": 1778093709482, "event_type": "INTERVAL_START", "key": "eval_start", "value": null, "metadata": {"file": "/opt/venv/lib/python3.12/site-packages/primus_mllog/mlperf_pre_training.py", "lineno": 141, "samples_count": 135168}}
:::MLLOG {"namespace": "", "time_ms": 1778093718814, "event_type": "POINT_IN_TIME", "key": "eval_accuracy", "value": 3.419652223587036, "metadata": {"file": "/opt/venv/lib/python3.12/site-packages/primus_mllog/mlperf_pre_training.py", "lineno": 156, "samples_count": 135168}}
:::MLLOG {"namespace": "", "time_ms": 1778093718814, "event_type": "INTERVAL_END", "key": "eval_stop", "value": null, "metadata": {"file": "/opt/venv/lib/python3.12/site-packages/primus_mllog/mlperf_pre_training.py", "lineno": 170, "samples_count": 135168}}
:::MLLOG {"namespace": "", "time_ms": 1778093718814, "event_type": "INTERVAL_START", "key": "block_start", "value": null, "metadata": {"file": "/opt/venv/lib/python3.12/site-packages/primus_mllog/mlperf_pre_training.py", "lineno": 174, "samples_count": 135168}}
:::MLLOG {"namespace": "", "time_ms": 1778094061585, "event_type": "INTERVAL_END", "key": "block_stop", "value": null, "metadata": {"file": "/opt/venv/lib/python3.12/site-packages/primus_mllog/mlperf_pre_training.py", "lineno": 139, "samples_count": 147456}}
:::MLLOG {"namespace": "", "time_ms": 1778094061585, "event_type": "INTERVAL_START", "key": "eval_start", "value": null, "metadata": {"file": "/opt/venv/lib/python3.12/site-packages/primus_mllog/mlperf_pre_training.py", "lineno": 141, "samples_count": 147456}}
:::MLLOG {"namespace": "", "time_ms": 1778094070953, "event_type": "POINT_IN_TIME", "key": "eval_accuracy", "value": 3.3868517875671387, "metadata": {"file": "/opt/venv/lib/python3.12/site-packages/primus_mllog/mlperf_pre_training.py", "lineno": 156, "samples_count": 147456}}
:::MLLOG {"namespace": "", "time_ms": 1778094070953, "event_type": "INTERVAL_END", "key": "eval_stop", "value": null, "metadata": {"file": "/opt/venv/lib/python3.12/site-packages/primus_mllog/mlperf_pre_training.py", "lineno": 170, "samples_count": 147456}}
:::MLLOG {"namespace": "", "time_ms": 1778094070953, "event_type": "INTERVAL_START", "key": "block_start", "value": null, "metadata": {"file": "/opt/venv/lib/python3.12/site-packages/primus_mllog/mlperf_pre_training.py", "lineno": 174, "samples_count": 147456}}
:::MLLOG {"namespace": "", "time_ms": 1778094413712, "event_type": "INTERVAL_END", "key": "block_stop", "value": null, "metadata": {"file": "/opt/venv/lib/python3.12/site-packages/primus_mllog/mlperf_pre_training.py", "lineno": 139, "samples_count": 159744}}
:::MLLOG {"namespace": "", "time_ms": 1778094413713, "event_type": "INTERVAL_START", "key": "eval_start", "value": null, "metadata": {"file": "/opt/venv/lib/python3.12/site-packages/primus_mllog/mlperf_pre_training.py", "lineno": 141, "samples_count": 159744}}
:::MLLOG {"namespace": "", "time_ms": 1778094423017, "event_type": "POINT_IN_TIME", "key": "eval_accuracy", "value": 3.361544132232666, "metadata": {"file": "/opt/venv/lib/python3.12/site-packages/primus_mllog/mlperf_pre_training.py", "lineno": 156, "samples_count": 159744}}
:::MLLOG {"namespace": "", "time_ms": 1778094423017, "event_type": "INTERVAL_END", "key": "eval_stop", "value": null, "metadata": {"file": "/opt/venv/lib/python3.12/site-packages/primus_mllog/mlperf_pre_training.py", "lineno": 170, "samples_count": 159744}}
:::MLLOG {"namespace": "", "time_ms": 1778094423018, "event_type": "INTERVAL_START", "key": "block_start", "value": null, "metadata": {"file": "/opt/venv/lib/python3.12/site-packages/primus_mllog/mlperf_pre_training.py", "lineno": 174, "samples_count": 159744}}
:::MLLOG {"namespace": "", "time_ms": 1778094766620, "event_type": "INTERVAL_END", "key": "block_stop", "value": null, "metadata": {"file": "/opt/venv/lib/python3.12/site-packages/primus_mllog/mlperf_pre_training.py", "lineno": 139, "samples_count": 172032}}
:::MLLOG {"namespace": "", "time_ms": 1778094766620, "event_type": "INTERVAL_START", "key": "eval_start", "value": null, "metadata": {"file": "/opt/venv/lib/python3.12/site-packages/primus_mllog/mlperf_pre_training.py", "lineno": 141, "samples_count": 172032}}
:::MLLOG {"namespace": "", "time_ms": 1778094775915, "event_type": "POINT_IN_TIME", "key": "eval_accuracy", "value": 3.337528944015503, "metadata": {"file": "/opt/venv/lib/python3.12/site-packages/primus_mllog/mlperf_pre_training.py", "lineno": 156, "samples_count": 172032}}
:::MLLOG {"namespace": "", "time_ms": 1778094775915, "event_type": "INTERVAL_END", "key": "eval_stop", "value": null, "metadata": {"file": "/opt/venv/lib/python3.12/site-packages/primus_mllog/mlperf_pre_training.py", "lineno": 170, "samples_count": 172032}}
:::MLLOG {"namespace": "", "time_ms": 1778094775915, "event_type": "INTERVAL_START", "key": "block_start", "value": null, "metadata": {"file": "/opt/venv/lib/python3.12/site-packages/primus_mllog/mlperf_pre_training.py", "lineno": 174, "samples_count": 172032}}
:::MLLOG {"namespace": "", "time_ms": 1778095119531, "event_type": "INTERVAL_END", "key": "block_stop", "value": null, "metadata": {"file": "/opt/venv/lib/python3.12/site-packages/primus_mllog/mlperf_pre_training.py", "lineno": 139, "samples_count": 184320}}
:::MLLOG {"namespace": "", "time_ms": 1778095119531, "event_type": "INTERVAL_START", "key": "eval_start", "value": null, "metadata": {"file": "/opt/venv/lib/python3.12/site-packages/primus_mllog/mlperf_pre_training.py", "lineno": 141, "samples_count": 184320}}
:::MLLOG {"namespace": "", "time_ms": 1778095128772, "event_type": "POINT_IN_TIME", "key": "eval_accuracy", "value": 3.308042049407959, "metadata": {"file": "/opt/venv/lib/python3.12/site-packages/primus_mllog/mlperf_pre_training.py", "lineno": 156, "samples_count": 184320}}
:::MLLOG {"namespace": "", "time_ms": 1778095128773, "event_type": "INTERVAL_END", "key": "eval_stop", "value": null, "metadata": {"file": "/opt/venv/lib/python3.12/site-packages/primus_mllog/mlperf_pre_training.py", "lineno": 170, "samples_count": 184320}}
:::MLLOG {"namespace": "", "time_ms": 1778095128773, "event_type": "INTERVAL_START", "key": "block_start", "value": null, "metadata": {"file": "/opt/venv/lib/python3.12/site-packages/primus_mllog/mlperf_pre_training.py", "lineno": 174, "samples_count": 184320}}
:::MLLOG {"namespace": "", "time_ms": 1778095473013, "event_type": "INTERVAL_END", "key": "block_stop", "value": null, "metadata": {"file": "/opt/venv/lib/python3.12/site-packages/primus_mllog/mlperf_pre_training.py", "lineno": 139, "samples_count": 196608}}
:::MLLOG {"namespace": "", "time_ms": 1778095473014, "event_type": "INTERVAL_START", "key": "eval_start", "value": null, "metadata": {"file": "/opt/venv/lib/python3.12/site-packages/primus_mllog/mlperf_pre_training.py", "lineno": 141, "samples_count": 196608}}
:::MLLOG {"namespace": "", "time_ms": 1778095482397, "event_type": "POINT_IN_TIME", "key": "eval_accuracy", "value": 3.2940237522125244, "metadata": {"file": "/opt/venv/lib/python3.12/site-packages/primus_mllog/mlperf_pre_training.py", "lineno": 156, "samples_count": 196608}}
:::MLLOG {"namespace": "", "time_ms": 1778095482398, "event_type": "INTERVAL_END", "key": "eval_stop", "value": null, "metadata": {"file": "/opt/venv/lib/python3.12/site-packages/primus_mllog/mlperf_pre_training.py", "lineno": 170, "samples_count": 196608}}
:::MLLOG {"namespace": "", "time_ms": 1778095482405, "event_type": "INTERVAL_END", "key": "epoch_stop", "value": null, "metadata": {"file": "/opt/venv/lib/python3.12/site-packages/primus_mllog/mlperf_pre_training.py", "lineno": 220, "samples_count": 196608}}
:::MLLOG {"namespace": "", "time_ms": 1778095482406, "event_type": "INTERVAL_END", "key": "run_stop", "value": null, "metadata": {"file": "/opt/venv/lib/python3.12/site-packages/primus_mllog/mlperf_pre_training.py", "lineno": 224, "samples_count": 196608, "status": "success"}}
:::MLLOG {"namespace": "", "time_ms": 1778095500865, "event_type": "POINT_IN_TIME", "key": "run_duration", "value": "5655.82s -> 94.26 minutes", "metadata": {"file": "/opt/venv/lib/python3.12/site-packages/primus_mllog/mlperf_pre_training.py", "lineno": 87, "samples": 196608}}
:::MLLOG {"namespace": "", "time_ms": 1778095500865, "event_type": "POINT_IN_TIME", "key": "overall_throughput", "value": 34.76, "metadata": {"file": "/opt/venv/lib/python3.12/site-packages/primus_mllog/mlperf_pre_training.py", "lineno": 92, "samples": 196608}}
:::MLLOG {"namespace": "", "time_ms": 1778095589678, "event_type": "POINT_IN_TIME", "key": "global_batch_size", "value": 32, "metadata": {"file": "/opt/venv/lib/python3.12/site-packages/primus_mllog/mlperf_pre_training.py", "lineno": 66}}
:::MLLOG {"namespace": "", "time_ms": 1778095589678, "event_type": "POINT_IN_TIME", "key": "gradient_accumulation_steps", "value": 2, "metadata": {"file": "/opt/venv/lib/python3.12/site-packages/primus_mllog/mlperf_pre_training.py", "lineno": 66}}
:::MLLOG {"namespace": "", "time_ms": 1778095589678, "event_type": "POINT_IN_TIME", "key": "max_sequence_length", "value": 8192, "metadata": {"file": "/opt/venv/lib/python3.12/site-packages/primus_mllog/mlperf_pre_training.py", "lineno": 66}}
:::MLLOG {"namespace": "", "time_ms": 1778095589678, "event_type": "POINT_IN_TIME", "key": "train_samples", "value": 38400000, "metadata": {"file": "/opt/venv/lib/python3.12/site-packages/primus_mllog/mlperf_pre_training.py", "lineno": 66}}
:::MLLOG {"namespace": "", "time_ms": 1778095589678, "event_type": "POINT_IN_TIME", "key": "eval_samples", "value": 1024, "metadata": {"file": "/opt/venv/lib/python3.12/site-packages/primus_mllog/mlperf_pre_training.py", "lineno": 66}}
:::MLLOG {"namespace": "", "time_ms": 1778095589678, "event_type": "POINT_IN_TIME", "key": "seed", "value": 7387, "metadata": {"file": "/opt/venv/lib/python3.12/site-packages/primus_mllog/mlperf_pre_training.py", "lineno": 66}}
:::MLLOG {"namespace": "", "time_ms": 1778095589678, "event_type": "POINT_IN_TIME", "key": "init_checkpoint_step", "value": 0, "metadata": {"file": "/opt/venv/lib/python3.12/site-packages/primus_mllog/mlperf_pre_training.py", "lineno": 66}}
:::MLLOG {"namespace": "", "time_ms": 1778095589679, "event_type": "POINT_IN_TIME", "key": "opt_name", "value": "adamw", "metadata": {"file": "/opt/venv/lib/python3.12/site-packages/primus_mllog/mlperf_pre_training.py", "lineno": 66}}
:::MLLOG {"namespace": "", "time_ms": 1778095589679, "event_type": "POINT_IN_TIME", "key": "opt_base_learning_rate", "value": 0.0008, "metadata": {"file": "/opt/venv/lib/python3.12/site-packages/primus_mllog/mlperf_pre_training.py", "lineno": 66}}
:::MLLOG {"namespace": "", "time_ms": 1778095589679, "event_type": "POINT_IN_TIME", "key": "opt_adamw_beta_1", "value": 0.9, "metadata": {"file": "/opt/venv/lib/python3.12/site-packages/primus_mllog/mlperf_pre_training.py", "lineno": 66}}
:::MLLOG {"namespace": "", "time_ms": 1778095589679, "event_type": "POINT_IN_TIME", "key": "opt_adamw_beta_2", "value": 0.95, "metadata": {"file": "/opt/venv/lib/python3.12/site-packages/primus_mllog/mlperf_pre_training.py", "lineno": 66}}
:::MLLOG {"namespace": "", "time_ms": 1778095589679, "event_type": "POINT_IN_TIME", "key": "opt_adamw_epsilon", "value": 1e-05, "metadata": {"file": "/opt/venv/lib/python3.12/site-packages/primus_mllog/mlperf_pre_training.py", "lineno": 66}}
:::MLLOG {"namespace": "", "time_ms": 1778095589679, "event_type": "POINT_IN_TIME", "key": "opt_adamw_weight_decay", "value": 0.1, "metadata": {"file": "/opt/venv/lib/python3.12/site-packages/primus_mllog/mlperf_pre_training.py", "lineno": 66}}
:::MLLOG {"namespace": "", "time_ms": 1778095589679, "event_type": "POINT_IN_TIME", "key": "opt_gradient_clip_norm", "value": 1.0, "metadata": {"file": "/opt/venv/lib/python3.12/site-packages/primus_mllog/mlperf_pre_training.py", "lineno": 66}}
:::MLLOG {"namespace": "", "time_ms": 1778095589679, "event_type": "POINT_IN_TIME", "key": "opt_end_learning_rate", "value": 8e-05, "metadata": {"file": "/opt/venv/lib/python3.12/site-packages/primus_mllog/mlperf_pre_training.py", "lineno": 66}}
:::MLLOG {"namespace": "", "time_ms": 1778095589679, "event_type": "POINT_IN_TIME", "key": "opt_learning_rate_warmup_steps", "value": 64, "metadata": {"file": "/opt/venv/lib/python3.12/site-packages/primus_mllog/mlperf_pre_training.py", "lineno": 66}}
:::MLLOG {"namespace": "", "time_ms": 1778095589679, "event_type": "POINT_IN_TIME", "key": "opt_learning_rate_decay_steps", "value": 1199936, "metadata": {"file": "/opt/venv/lib/python3.12/site-packages/primus_mllog/mlperf_pre_training.py", "lineno": 66}}
:::MLLOG {"namespace": "", "time_ms": 1778095589679, "event_type": "POINT_IN_TIME", "key": "opt_learning_rate_decay_schedule", "value": "cosine with linear warmup", "metadata": {"file": "/opt/venv/lib/python3.12/site-packages/primus_mllog/mlperf_pre_training.py", "lineno": 66}}
:::MLLOG {"namespace": "", "time_ms": 1778095589679, "event_type": "POINT_IN_TIME", "key": "max_steps", "value": 1200000, "metadata": {"file": "/opt/venv/lib/python3.12/site-packages/primus_mllog/mlperf_pre_training.py", "lineno": 66}}
:::MLLOG {"namespace": "", "time_ms": 1778095589679, "event_type": "POINT_IN_TIME", "key": "submission_benchmark", "value": "llama31_8b", "metadata": {"file": "/opt/venv/lib/python3.12/site-packages/primus_mllog/mlperf_pre_training.py", "lineno": 66}}
:::MLLOG {"namespace": "", "time_ms": 1778095589679, "event_type": "POINT_IN_TIME", "key": "submission_division", "value": "closed", "metadata": {"file": "/opt/venv/lib/python3.12/site-packages/primus_mllog/mlperf_pre_training.py", "lineno": 66}}
:::MLLOG {"namespace": "", "time_ms": 1778095589679, "event_type": "POINT_IN_TIME", "key": "submission_status", "value": "", "metadata": {"file": "/opt/venv/lib/python3.12/site-packages/primus_mllog/mlperf_pre_training.py", "lineno": 66}}
:::MLLOG {"namespace": "", "time_ms": 1778095589679, "event_type": "POINT_IN_TIME", "key": "submission_org", "value": "AMD", "metadata": {"file": "/opt/venv/lib/python3.12/site-packages/primus_mllog/mlperf_pre_training.py", "lineno": 66}}
:::MLLOG {"namespace": "", "time_ms": 1778095589679, "event_type": "POINT_IN_TIME", "key": "submission_platform", "value": "MI355X", "metadata": {"file": "/opt/venv/lib/python3.12/site-packages/primus_mllog/mlperf_pre_training.py", "lineno": 66}}
:::MLLOG {"namespace": "", "time_ms": 1778095589679, "event_type": "INTERVAL_END", "key": "init_stop", "value": null, "metadata": {"file": "/opt/venv/lib/python3.12/site-packages/primus_mllog/mlperf_pre_training.py", "lineno": 68}}
:::MLLOG {"namespace": "", "time_ms": 1778095646015, "event_type": "INTERVAL_START", "key": "run_start", "value": null, "metadata": {"file": "/opt/venv/lib/python3.12/site-packages/primus_mllog/mlperf_pre_training.py", "lineno": 193}}
:::MLLOG {"namespace": "", "time_ms": 1778095646015, "event_type": "INTERVAL_START", "key": "epoch_start", "value": null, "metadata": {"file": "/opt/venv/lib/python3.12/site-packages/primus_mllog/mlperf_pre_training.py", "lineno": 196, "samples_count": 0}}
:::MLLOG {"namespace": "", "time_ms": 1778095646015, "event_type": "INTERVAL_START", "key": "block_start", "value": null, "metadata": {"file": "/opt/venv/lib/python3.12/site-packages/primus_mllog/mlperf_pre_training.py", "lineno": 198, "samples_count": 0}}
:::MLLOG {"namespace": "", "time_ms": 1778095990306, "event_type": "INTERVAL_END", "key": "block_stop", "value": null, "metadata": {"file": "/opt/venv/lib/python3.12/site-packages/primus_mllog/mlperf_pre_training.py", "lineno": 139, "samples_count": 12288}}
:::MLLOG {"namespace": "", "time_ms": 1778095990307, "event_type": "INTERVAL_START", "key": "eval_start", "value": null, "metadata": {"file": "/opt/venv/lib/python3.12/site-packages/primus_mllog/mlperf_pre_training.py", "lineno": 141, "samples_count": 12288}}
:::MLLOG {"namespace": "", "time_ms": 1778096000978, "event_type": "POINT_IN_TIME", "key": "eval_accuracy", "value": 5.880577564239502, "metadata": {"file": "/opt/venv/lib/python3.12/site-packages/primus_mllog/mlperf_pre_training.py", "lineno": 156, "samples_count": 12288}}
:::MLLOG {"namespace": "", "time_ms": 1778096000978, "event_type": "INTERVAL_END", "key": "eval_stop", "value": null, "metadata": {"file": "/opt/venv/lib/python3.12/site-packages/primus_mllog/mlperf_pre_training.py", "lineno": 170, "samples_count": 12288}}
:::MLLOG {"namespace": "", "time_ms": 1778096000978, "event_type": "INTERVAL_START", "key": "block_start", "value": null, "metadata": {"file": "/opt/venv/lib/python3.12/site-packages/primus_mllog/mlperf_pre_training.py", "lineno": 174, "samples_count": 12288}}
:::MLLOG {"namespace": "", "time_ms": 1778096346139, "event_type": "INTERVAL_END", "key": "block_stop", "value": null, "metadata": {"file": "/opt/venv/lib/python3.12/site-packages/primus_mllog/mlperf_pre_training.py", "lineno": 139, "samples_count": 24576}}
:::MLLOG {"namespace": "", "time_ms": 1778096346139, "event_type": "INTERVAL_START", "key": "eval_start", "value": null, "metadata": {"file": "/opt/venv/lib/python3.12/site-packages/primus_mllog/mlperf_pre_training.py", "lineno": 141, "samples_count": 24576}}
:::MLLOG {"namespace": "", "time_ms": 1778096355515, "event_type": "POINT_IN_TIME", "key": "eval_accuracy", "value": 4.544361114501953, "metadata": {"file": "/opt/venv/lib/python3.12/site-packages/primus_mllog/mlperf_pre_training.py", "lineno": 156, "samples_count": 24576}}
:::MLLOG {"namespace": "", "time_ms": 1778096355516, "event_type": "INTERVAL_END", "key": "eval_stop", "value": null, "metadata": {"file": "/opt/venv/lib/python3.12/site-packages/primus_mllog/mlperf_pre_training.py", "lineno": 170, "samples_count": 24576}}
:::MLLOG {"namespace": "", "time_ms": 1778096355516, "event_type": "INTERVAL_START", "key": "block_start", "value": null, "metadata": {"file": "/opt/venv/lib/python3.12/site-packages/primus_mllog/mlperf_pre_training.py", "lineno": 174, "samples_count": 24576}}
:::MLLOG {"namespace": "", "time_ms": 1778096700116, "event_type": "INTERVAL_END", "key": "block_stop", "value": null, "metadata": {"file": "/opt/venv/lib/python3.12/site-packages/primus_mllog/mlperf_pre_training.py", "lineno": 139, "samples_count": 36864}}
:::MLLOG {"namespace": "", "time_ms": 1778096700117, "event_type": "INTERVAL_START", "key": "eval_start", "value": null, "metadata": {"file": "/opt/venv/lib/python3.12/site-packages/primus_mllog/mlperf_pre_training.py", "lineno": 141, "samples_count": 36864}}
:::MLLOG {"namespace": "", "time_ms": 1778096709357, "event_type": "POINT_IN_TIME", "key": "eval_accuracy", "value": 4.102634906768799, "metadata": {"file": "/opt/venv/lib/python3.12/site-packages/primus_mllog/mlperf_pre_training.py", "lineno": 156, "samples_count": 36864}}
:::MLLOG {"namespace": "", "time_ms": 1778096709358, "event_type": "INTERVAL_END", "key": "eval_stop", "value": null, "metadata": {"file": "/opt/venv/lib/python3.12/site-packages/primus_mllog/mlperf_pre_training.py", "lineno": 170, "samples_count": 36864}}
:::MLLOG {"namespace": "", "time_ms": 1778096709358, "event_type": "INTERVAL_START", "key": "block_start", "value": null, "metadata": {"file": "/opt/venv/lib/python3.12/site-packages/primus_mllog/mlperf_pre_training.py", "lineno": 174, "samples_count": 36864}}
:::MLLOG {"namespace": "", "time_ms": 1778097053193, "event_type": "INTERVAL_END", "key": "block_stop", "value": null, "metadata": {"file": "/opt/venv/lib/python3.12/site-packages/primus_mllog/mlperf_pre_training.py", "lineno": 139, "samples_count": 49152}}
:::MLLOG {"namespace": "", "time_ms": 1778097053193, "event_type": "INTERVAL_START", "key": "eval_start", "value": null, "metadata": {"file": "/opt/venv/lib/python3.12/site-packages/primus_mllog/mlperf_pre_training.py", "lineno": 141, "samples_count": 49152}}
:::MLLOG {"namespace": "", "time_ms": 1778097062491, "event_type": "POINT_IN_TIME", "key": "eval_accuracy", "value": 3.895024061203003, "metadata": {"file": "/opt/venv/lib/python3.12/site-packages/primus_mllog/mlperf_pre_training.py", "lineno": 156, "samples_count": 49152}}
:::MLLOG {"namespace": "", "time_ms": 1778097062492, "event_type": "INTERVAL_END", "key": "eval_stop", "value": null, "metadata": {"file": "/opt/venv/lib/python3.12/site-packages/primus_mllog/mlperf_pre_training.py", "lineno": 170, "samples_count": 49152}}
:::MLLOG {"namespace": "", "time_ms": 1778097062492, "event_type": "INTERVAL_START", "key": "block_start", "value": null, "metadata": {"file": "/opt/venv/lib/python3.12/site-packages/primus_mllog/mlperf_pre_training.py", "lineno": 174, "samples_count": 49152}}
:::MLLOG {"namespace": "", "time_ms": 1778097406858, "event_type": "INTERVAL_END", "key": "block_stop", "value": null, "metadata": {"file": "/opt/venv/lib/python3.12/site-packages/primus_mllog/mlperf_pre_training.py", "lineno": 139, "samples_count": 61440}}
:::MLLOG {"namespace": "", "time_ms": 1778097406859, "event_type": "INTERVAL_START", "key": "eval_start", "value": null, "metadata": {"file": "/opt/venv/lib/python3.12/site-packages/primus_mllog/mlperf_pre_training.py", "lineno": 141, "samples_count": 61440}}
:::MLLOG {"namespace": "", "time_ms": 1778097416093, "event_type": "POINT_IN_TIME", "key": "eval_accuracy", "value": 3.7581801414489746, "metadata": {"file": "/opt/venv/lib/python3.12/site-packages/primus_mllog/mlperf_pre_training.py", "lineno": 156, "samples_count": 61440}}
:::MLLOG {"namespace": "", "time_ms": 1778097416094, "event_type": "INTERVAL_END", "key": "eval_stop", "value": null, "metadata": {"file": "/opt/venv/lib/python3.12/site-packages/primus_mllog/mlperf_pre_training.py", "lineno": 170, "samples_count": 61440}}
:::MLLOG {"namespace": "", "time_ms": 1778097416094, "event_type": "INTERVAL_START", "key": "block_start", "value": null, "metadata": {"file": "/opt/venv/lib/python3.12/site-packages/primus_mllog/mlperf_pre_training.py", "lineno": 174, "samples_count": 61440}}
:::MLLOG {"namespace": "", "time_ms": 1778097760237, "event_type": "INTERVAL_END", "key": "block_stop", "value": null, "metadata": {"file": "/opt/venv/lib/python3.12/site-packages/primus_mllog/mlperf_pre_training.py", "lineno": 139, "samples_count": 73728}}
:::MLLOG {"namespace": "", "time_ms": 1778097760237, "event_type": "INTERVAL_START", "key": "eval_start", "value": null, "metadata": {"file": "/opt/venv/lib/python3.12/site-packages/primus_mllog/mlperf_pre_training.py", "lineno": 141, "samples_count": 73728}}
:::MLLOG {"namespace": "", "time_ms": 1778097769549, "event_type": "POINT_IN_TIME", "key": "eval_accuracy", "value": 3.6646130084991455, "metadata": {"file": "/opt/venv/lib/python3.12/site-packages/primus_mllog/mlperf_pre_training.py", "lineno": 156, "samples_count": 73728}}
:::MLLOG {"namespace": "", "time_ms": 1778097769549, "event_type": "INTERVAL_END", "key": "eval_stop", "value": null, "metadata": {"file": "/opt/venv/lib/python3.12/site-packages/primus_mllog/mlperf_pre_training.py", "lineno": 170, "samples_count": 73728}}
:::MLLOG {"namespace": "", "time_ms": 1778097769549, "event_type": "INTERVAL_START", "key": "block_start", "value": null, "metadata": {"file": "/opt/venv/lib/python3.12/site-packages/primus_mllog/mlperf_pre_training.py", "lineno": 174, "samples_count": 73728}}
:::MLLOG {"namespace": "", "time_ms": 1778098113514, "event_type": "INTERVAL_END", "key": "block_stop", "value": null, "metadata": {"file": "/opt/venv/lib/python3.12/site-packages/primus_mllog/mlperf_pre_training.py", "lineno": 139, "samples_count": 86016}}
:::MLLOG {"namespace": "", "time_ms": 1778098113514, "event_type": "INTERVAL_START", "key": "eval_start", "value": null, "metadata": {"file": "/opt/venv/lib/python3.12/site-packages/primus_mllog/mlperf_pre_training.py", "lineno": 141, "samples_count": 86016}}
:::MLLOG {"namespace": "", "time_ms": 1778098122770, "event_type": "POINT_IN_TIME", "key": "eval_accuracy", "value": 3.5862107276916504, "metadata": {"file": "/opt/venv/lib/python3.12/site-packages/primus_mllog/mlperf_pre_training.py", "lineno": 156, "samples_count": 86016}}
:::MLLOG {"namespace": "", "time_ms": 1778098122771, "event_type": "INTERVAL_END", "key": "eval_stop", "value": null, "metadata": {"file": "/opt/venv/lib/python3.12/site-packages/primus_mllog/mlperf_pre_training.py", "lineno": 170, "samples_count": 86016}}
:::MLLOG {"namespace": "", "time_ms": 1778098122771, "event_type": "INTERVAL_START", "key": "block_start", "value": null, "metadata": {"file": "/opt/venv/lib/python3.12/site-packages/primus_mllog/mlperf_pre_training.py", "lineno": 174, "samples_count": 86016}}
:::MLLOG {"namespace": "", "time_ms": 1778098467110, "event_type": "INTERVAL_END", "key": "block_stop", "value": null, "metadata": {"file": "/opt/venv/lib/python3.12/site-packages/primus_mllog/mlperf_pre_training.py", "lineno": 139, "samples_count": 98304}}
:::MLLOG {"namespace": "", "time_ms": 1778098467111, "event_type": "INTERVAL_START", "key": "eval_start", "value": null, "metadata": {"file": "/opt/venv/lib/python3.12/site-packages/primus_mllog/mlperf_pre_training.py", "lineno": 141, "samples_count": 98304}}
:::MLLOG {"namespace": "", "time_ms": 1778098476413, "event_type": "POINT_IN_TIME", "key": "eval_accuracy", "value": 3.530599594116211, "metadata": {"file": "/opt/venv/lib/python3.12/site-packages/primus_mllog/mlperf_pre_training.py", "lineno": 156, "samples_count": 98304}}
:::MLLOG {"namespace": "", "time_ms": 1778098476413, "event_type": "INTERVAL_END", "key": "eval_stop", "value": null, "metadata": {"file": "/opt/venv/lib/python3.12/site-packages/primus_mllog/mlperf_pre_training.py", "lineno": 170, "samples_count": 98304}}
:::MLLOG {"namespace": "", "time_ms": 1778098476413, "event_type": "INTERVAL_START", "key": "block_start", "value": null, "metadata": {"file": "/opt/venv/lib/python3.12/site-packages/primus_mllog/mlperf_pre_training.py", "lineno": 174, "samples_count": 98304}}
:::MLLOG {"namespace": "", "time_ms": 1778098821125, "event_type": "INTERVAL_END", "key": "block_stop", "value": null, "metadata": {"file": "/opt/venv/lib/python3.12/site-packages/primus_mllog/mlperf_pre_training.py", "lineno": 139, "samples_count": 110592}}
:::MLLOG {"namespace": "", "time_ms": 1778098821125, "event_type": "INTERVAL_START", "key": "eval_start", "value": null, "metadata": {"file": "/opt/venv/lib/python3.12/site-packages/primus_mllog/mlperf_pre_training.py", "lineno": 141, "samples_count": 110592}}
:::MLLOG {"namespace": "", "time_ms": 1778098830413, "event_type": "POINT_IN_TIME", "key": "eval_accuracy", "value": 3.482747793197632, "metadata": {"file": "/opt/venv/lib/python3.12/site-packages/primus_mllog/mlperf_pre_training.py", "lineno": 156, "samples_count": 110592}}
:::MLLOG {"namespace": "", "time_ms": 1778098830413, "event_type": "INTERVAL_END", "key": "eval_stop", "value": null, "metadata": {"file": "/opt/venv/lib/python3.12/site-packages/primus_mllog/mlperf_pre_training.py", "lineno": 170, "samples_count": 110592}}
:::MLLOG {"namespace": "", "time_ms": 1778098830413, "event_type": "INTERVAL_START", "key": "block_start", "value": null, "metadata": {"file": "/opt/venv/lib/python3.12/site-packages/primus_mllog/mlperf_pre_training.py", "lineno": 174, "samples_count": 110592}}
:::MLLOG {"namespace": "", "time_ms": 1778099173045, "event_type": "INTERVAL_END", "key": "block_stop", "value": null, "metadata": {"file": "/opt/venv/lib/python3.12/site-packages/primus_mllog/mlperf_pre_training.py", "lineno": 139, "samples_count": 122880}}
:::MLLOG {"namespace": "", "time_ms": 1778099173046, "event_type": "INTERVAL_START", "key": "eval_start", "value": null, "metadata": {"file": "/opt/venv/lib/python3.12/site-packages/primus_mllog/mlperf_pre_training.py", "lineno": 141, "samples_count": 122880}}
:::MLLOG {"namespace": "", "time_ms": 1778099182378, "event_type": "POINT_IN_TIME", "key": "eval_accuracy", "value": 3.4396722316741943, "metadata": {"file": "/opt/venv/lib/python3.12/site-packages/primus_mllog/mlperf_pre_training.py", "lineno": 156, "samples_count": 122880}}
:::MLLOG {"namespace": "", "time_ms": 1778099182379, "event_type": "INTERVAL_END", "key": "eval_stop", "value": null, "metadata": {"file": "/opt/venv/lib/python3.12/site-packages/primus_mllog/mlperf_pre_training.py", "lineno": 170, "samples_count": 122880}}
:::MLLOG {"namespace": "", "time_ms": 1778099182379, "event_type": "INTERVAL_START", "key": "block_start", "value": null, "metadata": {"file": "/opt/venv/lib/python3.12/site-packages/primus_mllog/mlperf_pre_training.py", "lineno": 174, "samples_count": 122880}}
:::MLLOG {"namespace": "", "time_ms": 1778099525686, "event_type": "INTERVAL_END", "key": "block_stop", "value": null, "metadata": {"file": "/opt/venv/lib/python3.12/site-packages/primus_mllog/mlperf_pre_training.py", "lineno": 139, "samples_count": 135168}}
:::MLLOG {"namespace": "", "time_ms": 1778099525686, "event_type": "INTERVAL_START", "key": "eval_start", "value": null, "metadata": {"file": "/opt/venv/lib/python3.12/site-packages/primus_mllog/mlperf_pre_training.py", "lineno": 141, "samples_count": 135168}}
:::MLLOG {"namespace": "", "time_ms": 1778099534887, "event_type": "POINT_IN_TIME", "key": "eval_accuracy", "value": 3.4108924865722656, "metadata": {"file": "/opt/venv/lib/python3.12/site-packages/primus_mllog/mlperf_pre_training.py", "lineno": 156, "samples_count": 135168}}
:::MLLOG {"namespace": "", "time_ms": 1778099534887, "event_type": "INTERVAL_END", "key": "eval_stop", "value": null, "metadata": {"file": "/opt/venv/lib/python3.12/site-packages/primus_mllog/mlperf_pre_training.py", "lineno": 170, "samples_count": 135168}}
:::MLLOG {"namespace": "", "time_ms": 1778099534887, "event_type": "INTERVAL_START", "key": "block_start", "value": null, "metadata": {"file": "/opt/venv/lib/python3.12/site-packages/primus_mllog/mlperf_pre_training.py", "lineno": 174, "samples_count": 135168}}
:::MLLOG {"namespace": "", "time_ms": 1778099877474, "event_type": "INTERVAL_END", "key": "block_stop", "value": null, "metadata": {"file": "/opt/venv/lib/python3.12/site-packages/primus_mllog/mlperf_pre_training.py", "lineno": 139, "samples_count": 147456}}
:::MLLOG {"namespace": "", "time_ms": 1778099877474, "event_type": "INTERVAL_START", "key": "eval_start", "value": null, "metadata": {"file": "/opt/venv/lib/python3.12/site-packages/primus_mllog/mlperf_pre_training.py", "lineno": 141, "samples_count": 147456}}
:::MLLOG {"namespace": "", "time_ms": 1778099886719, "event_type": "POINT_IN_TIME", "key": "eval_accuracy", "value": 3.3791568279266357, "metadata": {"file": "/opt/venv/lib/python3.12/site-packages/primus_mllog/mlperf_pre_training.py", "lineno": 156, "samples_count": 147456}}
:::MLLOG {"namespace": "", "time_ms": 1778099886719, "event_type": "INTERVAL_END", "key": "eval_stop", "value": null, "metadata": {"file": "/opt/venv/lib/python3.12/site-packages/primus_mllog/mlperf_pre_training.py", "lineno": 170, "samples_count": 147456}}
:::MLLOG {"namespace": "", "time_ms": 1778099886719, "event_type": "INTERVAL_START", "key": "block_start", "value": null, "metadata": {"file": "/opt/venv/lib/python3.12/site-packages/primus_mllog/mlperf_pre_training.py", "lineno": 174, "samples_count": 147456}}
:::MLLOG {"namespace": "", "time_ms": 1778100229359, "event_type": "INTERVAL_END", "key": "block_stop", "value": null, "metadata": {"file": "/opt/venv/lib/python3.12/site-packages/primus_mllog/mlperf_pre_training.py", "lineno": 139, "samples_count": 159744}}
:::MLLOG {"namespace": "", "time_ms": 1778100229360, "event_type": "INTERVAL_START", "key": "eval_start", "value": null, "metadata": {"file": "/opt/venv/lib/python3.12/site-packages/primus_mllog/mlperf_pre_training.py", "lineno": 141, "samples_count": 159744}}
:::MLLOG {"namespace": "", "time_ms": 1778100238686, "event_type": "POINT_IN_TIME", "key": "eval_accuracy", "value": 3.3468358516693115, "metadata": {"file": "/opt/venv/lib/python3.12/site-packages/primus_mllog/mlperf_pre_training.py", "lineno": 156, "samples_count": 159744}}
:::MLLOG {"namespace": "", "time_ms": 1778100238686, "event_type": "INTERVAL_END", "key": "eval_stop", "value": null, "metadata": {"file": "/opt/venv/lib/python3.12/site-packages/primus_mllog/mlperf_pre_training.py", "lineno": 170, "samples_count": 159744}}
:::MLLOG {"namespace": "", "time_ms": 1778100238687, "event_type": "INTERVAL_START", "key": "block_start", "value": null, "metadata": {"file": "/opt/venv/lib/python3.12/site-packages/primus_mllog/mlperf_pre_training.py", "lineno": 174, "samples_count": 159744}}
:::MLLOG {"namespace": "", "time_ms": 1778100582729, "event_type": "INTERVAL_END", "key": "block_stop", "value": null, "metadata": {"file": "/opt/venv/lib/python3.12/site-packages/primus_mllog/mlperf_pre_training.py", "lineno": 139, "samples_count": 172032}}
:::MLLOG {"namespace": "", "time_ms": 1778100582730, "event_type": "INTERVAL_START", "key": "eval_start", "value": null, "metadata": {"file": "/opt/venv/lib/python3.12/site-packages/primus_mllog/mlperf_pre_training.py", "lineno": 141, "samples_count": 172032}}
:::MLLOG {"namespace": "", "time_ms": 1778100592050, "event_type": "POINT_IN_TIME", "key": "eval_accuracy", "value": 3.3179073333740234, "metadata": {"file": "/opt/venv/lib/python3.12/site-packages/primus_mllog/mlperf_pre_training.py", "lineno": 156, "samples_count": 172032}}
:::MLLOG {"namespace": "", "time_ms": 1778100592050, "event_type": "INTERVAL_END", "key": "eval_stop", "value": null, "metadata": {"file": "/opt/venv/lib/python3.12/site-packages/primus_mllog/mlperf_pre_training.py", "lineno": 170, "samples_count": 172032}}
:::MLLOG {"namespace": "", "time_ms": 1778100592050, "event_type": "INTERVAL_START", "key": "block_start", "value": null, "metadata": {"file": "/opt/venv/lib/python3.12/site-packages/primus_mllog/mlperf_pre_training.py", "lineno": 174, "samples_count": 172032}}
:::MLLOG {"namespace": "", "time_ms": 1778100935584, "event_type": "INTERVAL_END", "key": "block_stop", "value": null, "metadata": {"file": "/opt/venv/lib/python3.12/site-packages/primus_mllog/mlperf_pre_training.py", "lineno": 139, "samples_count": 184320}}
:::MLLOG {"namespace": "", "time_ms": 1778100935585, "event_type": "INTERVAL_START", "key": "eval_start", "value": null, "metadata": {"file": "/opt/venv/lib/python3.12/site-packages/primus_mllog/mlperf_pre_training.py", "lineno": 141, "samples_count": 184320}}
:::MLLOG {"namespace": "", "time_ms": 1778100944919, "event_type": "POINT_IN_TIME", "key": "eval_accuracy", "value": 3.298374891281128, "metadata": {"file": "/opt/venv/lib/python3.12/site-packages/primus_mllog/mlperf_pre_training.py", "lineno": 156, "samples_count": 184320}}
:::MLLOG {"namespace": "", "time_ms": 1778100944920, "event_type": "INTERVAL_END", "key": "eval_stop", "value": null, "metadata": {"file": "/opt/venv/lib/python3.12/site-packages/primus_mllog/mlperf_pre_training.py", "lineno": 170, "samples_count": 184320}}
:::MLLOG {"namespace": "", "time_ms": 1778100944927, "event_type": "INTERVAL_END", "key": "epoch_stop", "value": null, "metadata": {"file": "/opt/venv/lib/python3.12/site-packages/primus_mllog/mlperf_pre_training.py", "lineno": 220, "samples_count": 184320}}
:::MLLOG {"namespace": "", "time_ms": 1778100944927, "event_type": "INTERVAL_END", "key": "run_stop", "value": null, "metadata": {"file": "/opt/venv/lib/python3.12/site-packages/primus_mllog/mlperf_pre_training.py", "lineno": 224, "samples_count": 184320, "status": "success"}}
:::MLLOG {"namespace": "", "time_ms": 1778100963330, "event_type": "POINT_IN_TIME", "key": "run_duration", "value": "5298.9s -> 88.32 minutes", "metadata": {"file": "/opt/venv/lib/python3.12/site-packages/primus_mllog/mlperf_pre_training.py", "lineno": 87, "samples": 184320}}
:::MLLOG {"namespace": "", "time_ms": 1778100963331, "event_type": "POINT_IN_TIME", "key": "overall_throughput", "value": 34.78, "metadata": {"file": "/opt/venv/lib/python3.12/site-packages/primus_mllog/mlperf_pre_training.py", "lineno": 92, "samples": 184320}}
