c93e6cddd3a6d9ebb0127a09b1fc7db3cfaa0b0d1b09386e632d554d06c8b25c
Beginning trial 1 of 10
Clearing cache on mi355mlperf
vm.drop_caches = 3
launching experiment using: --env=AITER_CONFIG_GEMM_A4W4 --env=AITER_LOG_LEVEL --env=AITER_LOG_MORE --env=AITER_LOG_TUNED_CONFIG --env=CP --env=CUBLAS_FORCE_XMMA_KERNEL_INIT --env=CUDA_DEVICE_MAX_CONNECTIONS --env=CUDNN_FRONTEND_ATTN_DP_WORKSPACE_LIMIT --env=DATA_PATH --env=DGXSYSTEM --env=ENABLE_MLLOG --env=ENABLE_TRANSPOSE_CACHE --env=EXP --env=FP4 --env=FP4_RECIPE --env=FP8 --env=FP8_ACT --env=FP8_ACTIVATION --env=FP8_AMAX_ALGO --env=FP8_AMAX_HISTORY --env=FP8_DPA --env=FP8_REDUCE_AMAX --env=FUSED_SOFTMAX --env=GPUS_PER_NODE --env=GPU_MAX_HW_QUEUES --env=HEALING_ITER --env=HEALING_PRECISION --env=HSA_ENABLE_INTERRUPT --env=HSA_ENABLE_SDMA --env=HSA_NO_SCRATCH_RECLAIM --env=HYDRA_FULL_ERROR --env=LOAD_CKPT --env=LOGGING_INTERVAL --env=LORA_A2A --env=LR --env=MASTER_ADDR --env=MASTER_PORT --env=MAX_STEPS --env=MBS --env=MCORE_CUDA_GRAPH --env=MC_TP_OVERLAP_AG --env=MC_TP_OVERLAP_RS --env=MC_TP_OVERLAP_RS_DGRAD --env=MEGATRON_BRIDGE_LOGGING_LEVEL --env=MINIBS --env=MLLOG_CONFIG_FILENAME --env=MLLOG_CONTEXT_PARALLELISM --env=MLLOG_EXPERT_PARALLELISM --env=MLLOG_LOWEST_NUMERICAL_PRECISION_LINEAR --env=MLLOG_MICRO_BATCH_SIZE --env=MLLOG_OUTPUT_FILE --env=MLLOG_PIPELINE_PARALLELISM --env=MLLOG_SUBMISSION_BENCHMARK --env=MLLOG_SUBMISSION_DIVISION --env=MLLOG_SUBMISSION_ORG --env=MLLOG_SUBMISSION_PLATFORM --env=MLLOG_TARGET_EVAL_LOSS --env=MLLOG_TENSOR_PARALLELISM --env=MLLOG_TRAIN_LOSS_LOG_FREQ --env=NCCL_CHECKS_DISABLE --env=NCCL_MIN_CTAS --env=NCCL_MIN_P2P_NCHANNELS --env=NCCL_NCHANNELS_PER_NET_PEER --env=NCCL_NVLS_ENABLE --env=NEXP --env=NNODES --env=NODE_RANK --env=NVTE_CK_IS_V3_ATOMIC_FP32 --env=NVTE_CK_USES_BWD_V3 --env=NVTE_CK_USES_FWD_V3 --env=NVTE_DEBUG --env=NVTE_DEBUG_LEVEL --env=NVTE_FP4_LOG_GEMM_SHAPES --env=NVTE_FP8_DPA_BWD --env=NVTE_FUSED_ATTN --env=NVTE_FUSED_ATTN_AOTRITON --env=NVTE_FUSED_ATTN_CK --env=NVTE_MXFP4_USE_HADAMARD --env=NVTE_RS_STRIDED_ATOMIC --env=NVTE_USE_AITER_ROPE --env=NVTE_USE_CAST_TRANSPOSE_TRITON --env=NVTE_USE_HIPBLASLT --env=NVTE_USE_OPTIMIZED_HIPIFIED_CAST_TRANSPOSE --env=NVTE_USE_RMSNORM_TRITON --env=OMP_NUM_THREADS --env=PACKED_METADATA_PATH --env=PACKED_TRAIN_DATA_PATH --env=PACKED_VAL_DATA_PATH --env=POSSIBLE_USER_WARNINGS --env=PP --env=PRETRAINED_CHECKPOINT --env=PRE_QUANTIZED_MODEL --env=PRIMUS_LOG_LEVEL --env=PRIMUS_PATH --env=PROFILE_RPD --env=PT_TENSOR_VALIDATION --env=PYTHONPATH --env=PYTHONWARNINGS --env=RECOMPUTE_GRANULARITY --env=RECOMPUTE_METHOD --env=RECOMPUTE_NUM_LAYERS --env=RESET_CG_AFTER_HEALING --env=RMSNORM_CAST --env=SKIP_EVALS --env=SP --env=SYNTH_WARMUP_STEPS --env=SYNTH_WARMUP_VALID_STEPS --env=TORCH_BLAS_PREFER_HIPBLASLT --env=TORCH_NCCL_HIGH_PRIORITY --env=TP --env=TP_COMM_OVERLAP --env=USE_HIPBLASLT --env=USE_TE_SWIGLU --env=VAL_CHECK_INTERVAL --env=VBOOST_VALUE --env=DATADIR --env=DGXSYSTEM --env=PROFILER --env=LOGDIR --env=HF_TOKEN --env=SEED=13945 mlperf_llama2_sft_primus /workspace/code/run_and_time.sh
:::MLLOG {"namespace": "", "time_ms": 1778576775762, "event_type": "POINT_IN_TIME", "key": "cache_clear", "value": true, "metadata": {"file": "/opt/venv/lib/python3.12/site-packages/primus_mllog/mlperf_logger.py", "lineno": 41}}
:::MLLOG {"namespace": "", "time_ms": 1778576775762, "event_type": "POINT_IN_TIME", "key": "init_start", "value": null, "metadata": {"file": "/opt/venv/lib/python3.12/site-packages/primus_mllog/mlperf_logger.py", "lineno": 41}}
:::MLLOG {"namespace": "", "time_ms": 1778576776065, "event_type": "POINT_IN_TIME", "key": "submission_benchmark", "value": "llama2_70b_lora", "metadata": {"file": "/opt/venv/lib/python3.12/site-packages/primus_mllog/mlperf_sft.py", "lineno": 120}}
:::MLLOG {"namespace": "", "time_ms": 1778576776076, "event_type": "POINT_IN_TIME", "key": "submission_org", "value": "AMD", "metadata": {"file": "/opt/venv/lib/python3.12/site-packages/primus_mllog/mlperf_sft.py", "lineno": 124}}
:::MLLOG {"namespace": "", "time_ms": 1778576776076, "event_type": "POINT_IN_TIME", "key": "submission_division", "value": "closed", "metadata": {"file": "/opt/venv/lib/python3.12/site-packages/primus_mllog/mlperf_sft.py", "lineno": 128}}
:::MLLOG {"namespace": "", "time_ms": 1778576776076, "event_type": "POINT_IN_TIME", "key": "submission_platform", "value": "MI355X", "metadata": {"file": "/opt/venv/lib/python3.12/site-packages/primus_mllog/mlperf_sft.py", "lineno": 132}}
:::MLLOG {"namespace": "", "time_ms": 1778576776076, "event_type": "POINT_IN_TIME", "key": "submission_status", "value": "onprem", "metadata": {"file": "/opt/venv/lib/python3.12/site-packages/primus_mllog/mlperf_sft.py", "lineno": 136}}
:::MLLOG {"namespace": "", "time_ms": 1778576776076, "event_type": "POINT_IN_TIME", "key": "target_accuracy", "value": 0.925, "metadata": {"file": "/opt/venv/lib/python3.12/site-packages/primus_mllog/mlperf_sft.py", "lineno": 139}}
:::MLLOG {"namespace": "", "time_ms": 1778576776076, "event_type": "POINT_IN_TIME", "key": "global_batch_size", "value": 8, "metadata": {"file": "/opt/venv/lib/python3.12/site-packages/primus_mllog/mlperf_sft.py", "lineno": 172}}
:::MLLOG {"namespace": "", "time_ms": 1778576776076, "event_type": "POINT_IN_TIME", "key": "train_samples", "value": 3901, "metadata": {"file": "/opt/venv/lib/python3.12/site-packages/primus_mllog/mlperf_sft.py", "lineno": 172}}
:::MLLOG {"namespace": "", "time_ms": 1778576776076, "event_type": "POINT_IN_TIME", "key": "eval_samples", "value": 173, "metadata": {"file": "/opt/venv/lib/python3.12/site-packages/primus_mllog/mlperf_sft.py", "lineno": 172}}
:::MLLOG {"namespace": "", "time_ms": 1778576776076, "event_type": "POINT_IN_TIME", "key": "gradient_accumulation_steps", "value": 1, "metadata": {"file": "/opt/venv/lib/python3.12/site-packages/primus_mllog/mlperf_sft.py", "lineno": 172}}
:::MLLOG {"namespace": "", "time_ms": 1778576776076, "event_type": "POINT_IN_TIME", "key": "seed", "value": 13945, "metadata": {"file": "/opt/venv/lib/python3.12/site-packages/primus_mllog/mlperf_sft.py", "lineno": 172}}
:::MLLOG {"namespace": "", "time_ms": 1778576776076, "event_type": "POINT_IN_TIME", "key": "opt_name", "value": "adamw", "metadata": {"file": "/opt/venv/lib/python3.12/site-packages/primus_mllog/mlperf_sft.py", "lineno": 172}}
:::MLLOG {"namespace": "", "time_ms": 1778576776076, "event_type": "POINT_IN_TIME", "key": "opt_base_learning_rate", "value": 0.0006, "metadata": {"file": "/opt/venv/lib/python3.12/site-packages/primus_mllog/mlperf_sft.py", "lineno": 172}}
:::MLLOG {"namespace": "", "time_ms": 1778576776076, "event_type": "POINT_IN_TIME", "key": "opt_adamw_beta_1", "value": 0.9, "metadata": {"file": "/opt/venv/lib/python3.12/site-packages/primus_mllog/mlperf_sft.py", "lineno": 172}}
:::MLLOG {"namespace": "", "time_ms": 1778576776076, "event_type": "POINT_IN_TIME", "key": "opt_adamw_beta_2", "value": 0.999, "metadata": {"file": "/opt/venv/lib/python3.12/site-packages/primus_mllog/mlperf_sft.py", "lineno": 172}}
:::MLLOG {"namespace": "", "time_ms": 1778576776076, "event_type": "POINT_IN_TIME", "key": "opt_adamw_epsilon", "value": 1e-08, "metadata": {"file": "/opt/venv/lib/python3.12/site-packages/primus_mllog/mlperf_sft.py", "lineno": 172}}
:::MLLOG {"namespace": "", "time_ms": 1778576776076, "event_type": "POINT_IN_TIME", "key": "opt_adamw_weight_decay", "value": 0.0001, "metadata": {"file": "/opt/venv/lib/python3.12/site-packages/primus_mllog/mlperf_sft.py", "lineno": 172}}
:::MLLOG {"namespace": "", "time_ms": 1778576776076, "event_type": "POINT_IN_TIME", "key": "opt_gradient_clip_norm", "value": 0.3, "metadata": {"file": "/opt/venv/lib/python3.12/site-packages/primus_mllog/mlperf_sft.py", "lineno": 172}}
:::MLLOG {"namespace": "", "time_ms": 1778576776077, "event_type": "POINT_IN_TIME", "key": "opt_learning_rate_warmup_factor", "value": 0.0, "metadata": {"file": "/opt/venv/lib/python3.12/site-packages/primus_mllog/mlperf_sft.py", "lineno": 172}}
:::MLLOG {"namespace": "", "time_ms": 1778576776077, "event_type": "POINT_IN_TIME", "key": "opt_learning_rate_training_steps", "value": 550, "metadata": {"file": "/opt/venv/lib/python3.12/site-packages/primus_mllog/mlperf_sft.py", "lineno": 172}}
:::MLLOG {"namespace": "", "time_ms": 1778576776077, "event_type": "POINT_IN_TIME", "key": "max_sequence_length", "value": 8192, "metadata": {"file": "/opt/venv/lib/python3.12/site-packages/primus_mllog/mlperf_sft.py", "lineno": 172}}
:::MLLOG {"namespace": "", "time_ms": 1778576776077, "event_type": "POINT_IN_TIME", "key": "max_steps", "value": 550, "metadata": {"file": "/opt/venv/lib/python3.12/site-packages/primus_mllog/mlperf_sft.py", "lineno": 172}}
:::MLLOG {"namespace": "", "time_ms": 1778576776077, "event_type": "POINT_IN_TIME", "key": "lora_rank", "value": 16, "metadata": {"file": "/opt/venv/lib/python3.12/site-packages/primus_mllog/mlperf_sft.py", "lineno": 172}}
:::MLLOG {"namespace": "", "time_ms": 1778576776077, "event_type": "POINT_IN_TIME", "key": "lora_alpha", "value": 32, "metadata": {"file": "/opt/venv/lib/python3.12/site-packages/primus_mllog/mlperf_sft.py", "lineno": 172}}
:::MLLOG {"namespace": "", "time_ms": 1778576776077, "event_type": "POINT_IN_TIME", "key": "tensor_parallelism", "value": 1, "metadata": {"file": "/opt/venv/lib/python3.12/site-packages/primus_mllog/mlperf_sft.py", "lineno": 172}}
:::MLLOG {"namespace": "", "time_ms": 1778576776077, "event_type": "POINT_IN_TIME", "key": "pipeline_parallelism", "value": 1, "metadata": {"file": "/opt/venv/lib/python3.12/site-packages/primus_mllog/mlperf_sft.py", "lineno": 172}}
:::MLLOG {"namespace": "", "time_ms": 1778576776077, "event_type": "POINT_IN_TIME", "key": "context_parallelism", "value": 1, "metadata": {"file": "/opt/venv/lib/python3.12/site-packages/primus_mllog/mlperf_sft.py", "lineno": 172}}
:::MLLOG {"namespace": "", "time_ms": 1778576776077, "event_type": "POINT_IN_TIME", "key": "expert_parallelism", "value": 1, "metadata": {"file": "/opt/venv/lib/python3.12/site-packages/primus_mllog/mlperf_sft.py", "lineno": 172}}
:::MLLOG {"namespace": "", "time_ms": 1778576776077, "event_type": "POINT_IN_TIME", "key": "micro_batch_size", "value": 1, "metadata": {"file": "/opt/venv/lib/python3.12/site-packages/primus_mllog/mlperf_sft.py", "lineno": 172}}
:::MLLOG {"namespace": "", "time_ms": 1778576776077, "event_type": "POINT_IN_TIME", "key": "config_filename", "value": "config_MI355X_1x8x1.sh", "metadata": {"file": "/opt/venv/lib/python3.12/site-packages/primus_mllog/mlperf_sft.py", "lineno": 172}}
:::MLLOG {"namespace": "", "time_ms": 1778576776077, "event_type": "POINT_IN_TIME", "key": "lowest_numerical_precision_linear", "value": "mxfp4", "metadata": {"file": "/opt/venv/lib/python3.12/site-packages/primus_mllog/mlperf_sft.py", "lineno": 172}}
:::MLLOG {"namespace": "", "time_ms": 1778577177951, "event_type": "INTERVAL_END", "key": "init_stop", "value": null, "metadata": {"file": "/opt/venv/lib/python3.12/site-packages/primus_mllog/mlperf_sft.py", "lineno": 186}}
:::MLLOG {"namespace": "", "time_ms": 1778577177951, "event_type": "INTERVAL_START", "key": "run_start", "value": null, "metadata": {"file": "/opt/venv/lib/python3.12/site-packages/primus_mllog/mlperf_sft.py", "lineno": 187}}
:::MLLOG {"namespace": "", "time_ms": 1778577177951, "event_type": "INTERVAL_START", "key": "epoch_start", "value": null, "metadata": {"file": "/opt/venv/lib/python3.12/site-packages/primus_mllog/mlperf_sft.py", "lineno": 189, "samples_count": 0}}
:::MLLOG {"namespace": "", "time_ms": 1778577177951, "event_type": "INTERVAL_START", "key": "block_start", "value": null, "metadata": {"file": "/opt/venv/lib/python3.12/site-packages/primus_mllog/mlperf_sft.py", "lineno": 192, "samples_count": 0}}
:::MLLOG {"namespace": "", "time_ms": 1778577385292, "event_type": "INTERVAL_END", "key": "block_stop", "value": null, "metadata": {"file": "/opt/venv/lib/python3.12/site-packages/primus_mllog/mlperf_sft.py", "lineno": 243, "samples_count": 1536}}
:::MLLOG {"namespace": "", "time_ms": 1778577385292, "event_type": "INTERVAL_START", "key": "eval_start", "value": null, "metadata": {"file": "/opt/venv/lib/python3.12/site-packages/primus_mllog/mlperf_sft.py", "lineno": 247, "samples_count": 1536}}
:::MLLOG {"namespace": "", "time_ms": 1778577395140, "event_type": "POINT_IN_TIME", "key": "eval_accuracy", "value": 0.9681282639503479, "metadata": {"file": "/opt/venv/lib/python3.12/site-packages/primus_mllog/mlperf_sft.py", "lineno": 264, "samples_count": 1536}}
:::MLLOG {"namespace": "", "time_ms": 1778577395141, "event_type": "INTERVAL_END", "key": "eval_stop", "value": null, "metadata": {"file": "/opt/venv/lib/python3.12/site-packages/primus_mllog/mlperf_sft.py", "lineno": 277, "samples_count": 1536}}
:::MLLOG {"namespace": "", "time_ms": 1778577395141, "event_type": "INTERVAL_START", "key": "block_start", "value": null, "metadata": {"file": "/opt/venv/lib/python3.12/site-packages/primus_mllog/mlperf_sft.py", "lineno": 283, "samples_count": 1536}}
:::MLLOG {"namespace": "", "time_ms": 1778577446433, "event_type": "INTERVAL_END", "key": "block_stop", "value": null, "metadata": {"file": "/opt/venv/lib/python3.12/site-packages/primus_mllog/mlperf_sft.py", "lineno": 243, "samples_count": 1920}}
:::MLLOG {"namespace": "", "time_ms": 1778577446433, "event_type": "INTERVAL_START", "key": "eval_start", "value": null, "metadata": {"file": "/opt/venv/lib/python3.12/site-packages/primus_mllog/mlperf_sft.py", "lineno": 247, "samples_count": 1920}}
:::MLLOG {"namespace": "", "time_ms": 1778577456160, "event_type": "POINT_IN_TIME", "key": "eval_accuracy", "value": 0.9591121673583984, "metadata": {"file": "/opt/venv/lib/python3.12/site-packages/primus_mllog/mlperf_sft.py", "lineno": 264, "samples_count": 1920}}
:::MLLOG {"namespace": "", "time_ms": 1778577456161, "event_type": "INTERVAL_END", "key": "eval_stop", "value": null, "metadata": {"file": "/opt/venv/lib/python3.12/site-packages/primus_mllog/mlperf_sft.py", "lineno": 277, "samples_count": 1920}}
:::MLLOG {"namespace": "", "time_ms": 1778577456161, "event_type": "INTERVAL_START", "key": "block_start", "value": null, "metadata": {"file": "/opt/venv/lib/python3.12/site-packages/primus_mllog/mlperf_sft.py", "lineno": 283, "samples_count": 1920}}
:::MLLOG {"namespace": "", "time_ms": 1778577508171, "event_type": "INTERVAL_END", "key": "block_stop", "value": null, "metadata": {"file": "/opt/venv/lib/python3.12/site-packages/primus_mllog/mlperf_sft.py", "lineno": 243, "samples_count": 2304}}
:::MLLOG {"namespace": "", "time_ms": 1778577508171, "event_type": "INTERVAL_START", "key": "eval_start", "value": null, "metadata": {"file": "/opt/venv/lib/python3.12/site-packages/primus_mllog/mlperf_sft.py", "lineno": 247, "samples_count": 2304}}
:::MLLOG {"namespace": "", "time_ms": 1778577517906, "event_type": "POINT_IN_TIME", "key": "eval_accuracy", "value": 0.9519743323326111, "metadata": {"file": "/opt/venv/lib/python3.12/site-packages/primus_mllog/mlperf_sft.py", "lineno": 264, "samples_count": 2304}}
:::MLLOG {"namespace": "", "time_ms": 1778577517907, "event_type": "INTERVAL_END", "key": "eval_stop", "value": null, "metadata": {"file": "/opt/venv/lib/python3.12/site-packages/primus_mllog/mlperf_sft.py", "lineno": 277, "samples_count": 2304}}
:::MLLOG {"namespace": "", "time_ms": 1778577517907, "event_type": "INTERVAL_START", "key": "block_start", "value": null, "metadata": {"file": "/opt/venv/lib/python3.12/site-packages/primus_mllog/mlperf_sft.py", "lineno": 283, "samples_count": 2304}}
:::MLLOG {"namespace": "", "time_ms": 1778577569260, "event_type": "INTERVAL_END", "key": "block_stop", "value": null, "metadata": {"file": "/opt/venv/lib/python3.12/site-packages/primus_mllog/mlperf_sft.py", "lineno": 243, "samples_count": 2688}}
:::MLLOG {"namespace": "", "time_ms": 1778577569260, "event_type": "INTERVAL_START", "key": "eval_start", "value": null, "metadata": {"file": "/opt/venv/lib/python3.12/site-packages/primus_mllog/mlperf_sft.py", "lineno": 247, "samples_count": 2688}}
:::MLLOG {"namespace": "", "time_ms": 1778577579006, "event_type": "POINT_IN_TIME", "key": "eval_accuracy", "value": 0.948746383190155, "metadata": {"file": "/opt/venv/lib/python3.12/site-packages/primus_mllog/mlperf_sft.py", "lineno": 264, "samples_count": 2688}}
:::MLLOG {"namespace": "", "time_ms": 1778577579007, "event_type": "INTERVAL_END", "key": "eval_stop", "value": null, "metadata": {"file": "/opt/venv/lib/python3.12/site-packages/primus_mllog/mlperf_sft.py", "lineno": 277, "samples_count": 2688}}
:::MLLOG {"namespace": "", "time_ms": 1778577579007, "event_type": "INTERVAL_START", "key": "block_start", "value": null, "metadata": {"file": "/opt/venv/lib/python3.12/site-packages/primus_mllog/mlperf_sft.py", "lineno": 283, "samples_count": 2688}}
:::MLLOG {"namespace": "", "time_ms": 1778577649410, "event_type": "INTERVAL_END", "key": "block_stop", "value": null, "metadata": {"file": "/opt/venv/lib/python3.12/site-packages/primus_mllog/mlperf_sft.py", "lineno": 243, "samples_count": 3072}}
:::MLLOG {"namespace": "", "time_ms": 1778577649411, "event_type": "INTERVAL_START", "key": "eval_start", "value": null, "metadata": {"file": "/opt/venv/lib/python3.12/site-packages/primus_mllog/mlperf_sft.py", "lineno": 247, "samples_count": 3072}}
:::MLLOG {"namespace": "", "time_ms": 1778577662196, "event_type": "POINT_IN_TIME", "key": "eval_accuracy", "value": 0.9242310523986816, "metadata": {"file": "/opt/venv/lib/python3.12/site-packages/primus_mllog/mlperf_sft.py", "lineno": 264, "samples_count": 3072}}
:::MLLOG {"namespace": "", "time_ms": 1778577662197, "event_type": "INTERVAL_END", "key": "eval_stop", "value": null, "metadata": {"file": "/opt/venv/lib/python3.12/site-packages/primus_mllog/mlperf_sft.py", "lineno": 277, "samples_count": 3072}}
:::MLLOG {"namespace": "", "time_ms": 1778577662203, "event_type": "INTERVAL_END", "key": "epoch_stop", "value": null, "metadata": {"file": "/opt/venv/lib/python3.12/site-packages/primus_mllog/mlperf_sft.py", "lineno": 305, "samples_count": 3072}}
:::MLLOG {"namespace": "", "time_ms": 1778577662203, "event_type": "INTERVAL_END", "key": "run_stop", "value": null, "metadata": {"file": "/opt/venv/lib/python3.12/site-packages/primus_mllog/mlperf_sft.py", "lineno": 319, "samples_count": 3072, "status": "success"}}
:::MLLOG {"namespace": "", "time_ms": 1778577662203, "event_type": "POINT_IN_TIME", "key": "run_duration", "value": "484.25s -> 8.07 minutes", "metadata": {"file": "/opt/venv/lib/python3.12/site-packages/primus_mllog/mlperf_sft.py", "lineno": 331, "samples": 3072}}
:::MLLOG {"namespace": "", "time_ms": 1778577662203, "event_type": "POINT_IN_TIME", "key": "throughput", "value": 6.34, "metadata": {"file": "/opt/venv/lib/python3.12/site-packages/primus_mllog/mlperf_sft.py", "lineno": 336, "samples": 3072}}
RESULT,LLAMA2_70B_LORA_SFT,,960,AMD,2026-05-12 09:05:27 AM
Beginning trial 2 of 10
Clearing cache on mi355mlperf
vm.drop_caches = 3
launching experiment using: --env=AITER_CONFIG_GEMM_A4W4 --env=AITER_LOG_LEVEL --env=AITER_LOG_MORE --env=AITER_LOG_TUNED_CONFIG --env=CP --env=CUBLAS_FORCE_XMMA_KERNEL_INIT --env=CUDA_DEVICE_MAX_CONNECTIONS --env=CUDNN_FRONTEND_ATTN_DP_WORKSPACE_LIMIT --env=DATA_PATH --env=DGXSYSTEM --env=ENABLE_MLLOG --env=ENABLE_TRANSPOSE_CACHE --env=EXP --env=FP4 --env=FP4_RECIPE --env=FP8 --env=FP8_ACT --env=FP8_ACTIVATION --env=FP8_AMAX_ALGO --env=FP8_AMAX_HISTORY --env=FP8_DPA --env=FP8_REDUCE_AMAX --env=FUSED_SOFTMAX --env=GPUS_PER_NODE --env=GPU_MAX_HW_QUEUES --env=HEALING_ITER --env=HEALING_PRECISION --env=HSA_ENABLE_INTERRUPT --env=HSA_ENABLE_SDMA --env=HSA_NO_SCRATCH_RECLAIM --env=HYDRA_FULL_ERROR --env=LOAD_CKPT --env=LOGGING_INTERVAL --env=LORA_A2A --env=LR --env=MASTER_ADDR --env=MASTER_PORT --env=MAX_STEPS --env=MBS --env=MCORE_CUDA_GRAPH --env=MC_TP_OVERLAP_AG --env=MC_TP_OVERLAP_RS --env=MC_TP_OVERLAP_RS_DGRAD --env=MEGATRON_BRIDGE_LOGGING_LEVEL --env=MINIBS --env=MLLOG_CONFIG_FILENAME --env=MLLOG_CONTEXT_PARALLELISM --env=MLLOG_EXPERT_PARALLELISM --env=MLLOG_LOWEST_NUMERICAL_PRECISION_LINEAR --env=MLLOG_MICRO_BATCH_SIZE --env=MLLOG_OUTPUT_FILE --env=MLLOG_PIPELINE_PARALLELISM --env=MLLOG_SUBMISSION_BENCHMARK --env=MLLOG_SUBMISSION_DIVISION --env=MLLOG_SUBMISSION_ORG --env=MLLOG_SUBMISSION_PLATFORM --env=MLLOG_TARGET_EVAL_LOSS --env=MLLOG_TENSOR_PARALLELISM --env=MLLOG_TRAIN_LOSS_LOG_FREQ --env=NCCL_CHECKS_DISABLE --env=NCCL_MIN_CTAS --env=NCCL_MIN_P2P_NCHANNELS --env=NCCL_NCHANNELS_PER_NET_PEER --env=NCCL_NVLS_ENABLE --env=NEXP --env=NNODES --env=NODE_RANK --env=NVTE_CK_IS_V3_ATOMIC_FP32 --env=NVTE_CK_USES_BWD_V3 --env=NVTE_CK_USES_FWD_V3 --env=NVTE_DEBUG --env=NVTE_DEBUG_LEVEL --env=NVTE_FP4_LOG_GEMM_SHAPES --env=NVTE_FP8_DPA_BWD --env=NVTE_FUSED_ATTN --env=NVTE_FUSED_ATTN_AOTRITON --env=NVTE_FUSED_ATTN_CK --env=NVTE_MXFP4_USE_HADAMARD --env=NVTE_RS_STRIDED_ATOMIC --env=NVTE_USE_AITER_ROPE --env=NVTE_USE_CAST_TRANSPOSE_TRITON --env=NVTE_USE_HIPBLASLT --env=NVTE_USE_OPTIMIZED_HIPIFIED_CAST_TRANSPOSE --env=NVTE_USE_RMSNORM_TRITON --env=OMP_NUM_THREADS --env=PACKED_METADATA_PATH --env=PACKED_TRAIN_DATA_PATH --env=PACKED_VAL_DATA_PATH --env=POSSIBLE_USER_WARNINGS --env=PP --env=PRETRAINED_CHECKPOINT --env=PRE_QUANTIZED_MODEL --env=PRIMUS_LOG_LEVEL --env=PRIMUS_PATH --env=PROFILE_RPD --env=PT_TENSOR_VALIDATION --env=PYTHONPATH --env=PYTHONWARNINGS --env=RECOMPUTE_GRANULARITY --env=RECOMPUTE_METHOD --env=RECOMPUTE_NUM_LAYERS --env=RESET_CG_AFTER_HEALING --env=RMSNORM_CAST --env=SKIP_EVALS --env=SP --env=SYNTH_WARMUP_STEPS --env=SYNTH_WARMUP_VALID_STEPS --env=TORCH_BLAS_PREFER_HIPBLASLT --env=TORCH_NCCL_HIGH_PRIORITY --env=TP --env=TP_COMM_OVERLAP --env=USE_HIPBLASLT --env=USE_TE_SWIGLU --env=VAL_CHECK_INTERVAL --env=VBOOST_VALUE --env=DATADIR --env=DGXSYSTEM --env=PROFILER --env=LOGDIR --env=HF_TOKEN --env=SEED=32583 mlperf_llama2_sft_primus /workspace/code/run_and_time.sh
:::MLLOG {"namespace": "", "time_ms": 1778577727253, "event_type": "POINT_IN_TIME", "key": "cache_clear", "value": true, "metadata": {"file": "/opt/venv/lib/python3.12/site-packages/primus_mllog/mlperf_logger.py", "lineno": 41}}
:::MLLOG {"namespace": "", "time_ms": 1778577727253, "event_type": "POINT_IN_TIME", "key": "init_start", "value": null, "metadata": {"file": "/opt/venv/lib/python3.12/site-packages/primus_mllog/mlperf_logger.py", "lineno": 41}}
:::MLLOG {"namespace": "", "time_ms": 1778577727549, "event_type": "POINT_IN_TIME", "key": "submission_benchmark", "value": "llama2_70b_lora", "metadata": {"file": "/opt/venv/lib/python3.12/site-packages/primus_mllog/mlperf_sft.py", "lineno": 120}}
:::MLLOG {"namespace": "", "time_ms": 1778577727560, "event_type": "POINT_IN_TIME", "key": "submission_org", "value": "AMD", "metadata": {"file": "/opt/venv/lib/python3.12/site-packages/primus_mllog/mlperf_sft.py", "lineno": 124}}
:::MLLOG {"namespace": "", "time_ms": 1778577727560, "event_type": "POINT_IN_TIME", "key": "submission_division", "value": "closed", "metadata": {"file": "/opt/venv/lib/python3.12/site-packages/primus_mllog/mlperf_sft.py", "lineno": 128}}
:::MLLOG {"namespace": "", "time_ms": 1778577727560, "event_type": "POINT_IN_TIME", "key": "submission_platform", "value": "MI355X", "metadata": {"file": "/opt/venv/lib/python3.12/site-packages/primus_mllog/mlperf_sft.py", "lineno": 132}}
:::MLLOG {"namespace": "", "time_ms": 1778577727560, "event_type": "POINT_IN_TIME", "key": "submission_status", "value": "onprem", "metadata": {"file": "/opt/venv/lib/python3.12/site-packages/primus_mllog/mlperf_sft.py", "lineno": 136}}
:::MLLOG {"namespace": "", "time_ms": 1778577727560, "event_type": "POINT_IN_TIME", "key": "target_accuracy", "value": 0.925, "metadata": {"file": "/opt/venv/lib/python3.12/site-packages/primus_mllog/mlperf_sft.py", "lineno": 139}}
:::MLLOG {"namespace": "", "time_ms": 1778577727560, "event_type": "POINT_IN_TIME", "key": "global_batch_size", "value": 8, "metadata": {"file": "/opt/venv/lib/python3.12/site-packages/primus_mllog/mlperf_sft.py", "lineno": 172}}
:::MLLOG {"namespace": "", "time_ms": 1778577727560, "event_type": "POINT_IN_TIME", "key": "train_samples", "value": 3901, "metadata": {"file": "/opt/venv/lib/python3.12/site-packages/primus_mllog/mlperf_sft.py", "lineno": 172}}
:::MLLOG {"namespace": "", "time_ms": 1778577727560, "event_type": "POINT_IN_TIME", "key": "eval_samples", "value": 173, "metadata": {"file": "/opt/venv/lib/python3.12/site-packages/primus_mllog/mlperf_sft.py", "lineno": 172}}
:::MLLOG {"namespace": "", "time_ms": 1778577727560, "event_type": "POINT_IN_TIME", "key": "gradient_accumulation_steps", "value": 1, "metadata": {"file": "/opt/venv/lib/python3.12/site-packages/primus_mllog/mlperf_sft.py", "lineno": 172}}
:::MLLOG {"namespace": "", "time_ms": 1778577727560, "event_type": "POINT_IN_TIME", "key": "seed", "value": 32583, "metadata": {"file": "/opt/venv/lib/python3.12/site-packages/primus_mllog/mlperf_sft.py", "lineno": 172}}
:::MLLOG {"namespace": "", "time_ms": 1778577727560, "event_type": "POINT_IN_TIME", "key": "opt_name", "value": "adamw", "metadata": {"file": "/opt/venv/lib/python3.12/site-packages/primus_mllog/mlperf_sft.py", "lineno": 172}}
:::MLLOG {"namespace": "", "time_ms": 1778577727560, "event_type": "POINT_IN_TIME", "key": "opt_base_learning_rate", "value": 0.0006, "metadata": {"file": "/opt/venv/lib/python3.12/site-packages/primus_mllog/mlperf_sft.py", "lineno": 172}}
:::MLLOG {"namespace": "", "time_ms": 1778577727560, "event_type": "POINT_IN_TIME", "key": "opt_adamw_beta_1", "value": 0.9, "metadata": {"file": "/opt/venv/lib/python3.12/site-packages/primus_mllog/mlperf_sft.py", "lineno": 172}}
:::MLLOG {"namespace": "", "time_ms": 1778577727560, "event_type": "POINT_IN_TIME", "key": "opt_adamw_beta_2", "value": 0.999, "metadata": {"file": "/opt/venv/lib/python3.12/site-packages/primus_mllog/mlperf_sft.py", "lineno": 172}}
:::MLLOG {"namespace": "", "time_ms": 1778577727560, "event_type": "POINT_IN_TIME", "key": "opt_adamw_epsilon", "value": 1e-08, "metadata": {"file": "/opt/venv/lib/python3.12/site-packages/primus_mllog/mlperf_sft.py", "lineno": 172}}
:::MLLOG {"namespace": "", "time_ms": 1778577727560, "event_type": "POINT_IN_TIME", "key": "opt_adamw_weight_decay", "value": 0.0001, "metadata": {"file": "/opt/venv/lib/python3.12/site-packages/primus_mllog/mlperf_sft.py", "lineno": 172}}
:::MLLOG {"namespace": "", "time_ms": 1778577727560, "event_type": "POINT_IN_TIME", "key": "opt_gradient_clip_norm", "value": 0.3, "metadata": {"file": "/opt/venv/lib/python3.12/site-packages/primus_mllog/mlperf_sft.py", "lineno": 172}}
:::MLLOG {"namespace": "", "time_ms": 1778577727561, "event_type": "POINT_IN_TIME", "key": "opt_learning_rate_warmup_factor", "value": 0.0, "metadata": {"file": "/opt/venv/lib/python3.12/site-packages/primus_mllog/mlperf_sft.py", "lineno": 172}}
:::MLLOG {"namespace": "", "time_ms": 1778577727561, "event_type": "POINT_IN_TIME", "key": "opt_learning_rate_training_steps", "value": 550, "metadata": {"file": "/opt/venv/lib/python3.12/site-packages/primus_mllog/mlperf_sft.py", "lineno": 172}}
:::MLLOG {"namespace": "", "time_ms": 1778577727561, "event_type": "POINT_IN_TIME", "key": "max_sequence_length", "value": 8192, "metadata": {"file": "/opt/venv/lib/python3.12/site-packages/primus_mllog/mlperf_sft.py", "lineno": 172}}
:::MLLOG {"namespace": "", "time_ms": 1778577727561, "event_type": "POINT_IN_TIME", "key": "max_steps", "value": 550, "metadata": {"file": "/opt/venv/lib/python3.12/site-packages/primus_mllog/mlperf_sft.py", "lineno": 172}}
:::MLLOG {"namespace": "", "time_ms": 1778577727561, "event_type": "POINT_IN_TIME", "key": "lora_rank", "value": 16, "metadata": {"file": "/opt/venv/lib/python3.12/site-packages/primus_mllog/mlperf_sft.py", "lineno": 172}}
:::MLLOG {"namespace": "", "time_ms": 1778577727561, "event_type": "POINT_IN_TIME", "key": "lora_alpha", "value": 32, "metadata": {"file": "/opt/venv/lib/python3.12/site-packages/primus_mllog/mlperf_sft.py", "lineno": 172}}
:::MLLOG {"namespace": "", "time_ms": 1778577727561, "event_type": "POINT_IN_TIME", "key": "tensor_parallelism", "value": 1, "metadata": {"file": "/opt/venv/lib/python3.12/site-packages/primus_mllog/mlperf_sft.py", "lineno": 172}}
:::MLLOG {"namespace": "", "time_ms": 1778577727561, "event_type": "POINT_IN_TIME", "key": "pipeline_parallelism", "value": 1, "metadata": {"file": "/opt/venv/lib/python3.12/site-packages/primus_mllog/mlperf_sft.py", "lineno": 172}}
:::MLLOG {"namespace": "", "time_ms": 1778577727561, "event_type": "POINT_IN_TIME", "key": "context_parallelism", "value": 1, "metadata": {"file": "/opt/venv/lib/python3.12/site-packages/primus_mllog/mlperf_sft.py", "lineno": 172}}
:::MLLOG {"namespace": "", "time_ms": 1778577727561, "event_type": "POINT_IN_TIME", "key": "expert_parallelism", "value": 1, "metadata": {"file": "/opt/venv/lib/python3.12/site-packages/primus_mllog/mlperf_sft.py", "lineno": 172}}
:::MLLOG {"namespace": "", "time_ms": 1778577727561, "event_type": "POINT_IN_TIME", "key": "micro_batch_size", "value": 1, "metadata": {"file": "/opt/venv/lib/python3.12/site-packages/primus_mllog/mlperf_sft.py", "lineno": 172}}
:::MLLOG {"namespace": "", "time_ms": 1778577727561, "event_type": "POINT_IN_TIME", "key": "config_filename", "value": "config_MI355X_1x8x1.sh", "metadata": {"file": "/opt/venv/lib/python3.12/site-packages/primus_mllog/mlperf_sft.py", "lineno": 172}}
:::MLLOG {"namespace": "", "time_ms": 1778577727561, "event_type": "POINT_IN_TIME", "key": "lowest_numerical_precision_linear", "value": "mxfp4", "metadata": {"file": "/opt/venv/lib/python3.12/site-packages/primus_mllog/mlperf_sft.py", "lineno": 172}}
:::MLLOG {"namespace": "", "time_ms": 1778577917060, "event_type": "INTERVAL_END", "key": "init_stop", "value": null, "metadata": {"file": "/opt/venv/lib/python3.12/site-packages/primus_mllog/mlperf_sft.py", "lineno": 186}}
:::MLLOG {"namespace": "", "time_ms": 1778577917061, "event_type": "INTERVAL_START", "key": "run_start", "value": null, "metadata": {"file": "/opt/venv/lib/python3.12/site-packages/primus_mllog/mlperf_sft.py", "lineno": 187}}
:::MLLOG {"namespace": "", "time_ms": 1778577917061, "event_type": "INTERVAL_START", "key": "epoch_start", "value": null, "metadata": {"file": "/opt/venv/lib/python3.12/site-packages/primus_mllog/mlperf_sft.py", "lineno": 189, "samples_count": 0}}
:::MLLOG {"namespace": "", "time_ms": 1778577917061, "event_type": "INTERVAL_START", "key": "block_start", "value": null, "metadata": {"file": "/opt/venv/lib/python3.12/site-packages/primus_mllog/mlperf_sft.py", "lineno": 192, "samples_count": 0}}
:::MLLOG {"namespace": "", "time_ms": 1778578124519, "event_type": "INTERVAL_END", "key": "block_stop", "value": null, "metadata": {"file": "/opt/venv/lib/python3.12/site-packages/primus_mllog/mlperf_sft.py", "lineno": 243, "samples_count": 1536}}
:::MLLOG {"namespace": "", "time_ms": 1778578124519, "event_type": "INTERVAL_START", "key": "eval_start", "value": null, "metadata": {"file": "/opt/venv/lib/python3.12/site-packages/primus_mllog/mlperf_sft.py", "lineno": 247, "samples_count": 1536}}
:::MLLOG {"namespace": "", "time_ms": 1778578134371, "event_type": "POINT_IN_TIME", "key": "eval_accuracy", "value": 0.9707698822021484, "metadata": {"file": "/opt/venv/lib/python3.12/site-packages/primus_mllog/mlperf_sft.py", "lineno": 264, "samples_count": 1536}}
:::MLLOG {"namespace": "", "time_ms": 1778578134371, "event_type": "INTERVAL_END", "key": "eval_stop", "value": null, "metadata": {"file": "/opt/venv/lib/python3.12/site-packages/primus_mllog/mlperf_sft.py", "lineno": 277, "samples_count": 1536}}
:::MLLOG {"namespace": "", "time_ms": 1778578134371, "event_type": "INTERVAL_START", "key": "block_start", "value": null, "metadata": {"file": "/opt/venv/lib/python3.12/site-packages/primus_mllog/mlperf_sft.py", "lineno": 283, "samples_count": 1536}}
:::MLLOG {"namespace": "", "time_ms": 1778578185666, "event_type": "INTERVAL_END", "key": "block_stop", "value": null, "metadata": {"file": "/opt/venv/lib/python3.12/site-packages/primus_mllog/mlperf_sft.py", "lineno": 243, "samples_count": 1920}}
:::MLLOG {"namespace": "", "time_ms": 1778578185666, "event_type": "INTERVAL_START", "key": "eval_start", "value": null, "metadata": {"file": "/opt/venv/lib/python3.12/site-packages/primus_mllog/mlperf_sft.py", "lineno": 247, "samples_count": 1920}}
:::MLLOG {"namespace": "", "time_ms": 1778578195422, "event_type": "POINT_IN_TIME", "key": "eval_accuracy", "value": 0.9594191908836365, "metadata": {"file": "/opt/venv/lib/python3.12/site-packages/primus_mllog/mlperf_sft.py", "lineno": 264, "samples_count": 1920}}
:::MLLOG {"namespace": "", "time_ms": 1778578195422, "event_type": "INTERVAL_END", "key": "eval_stop", "value": null, "metadata": {"file": "/opt/venv/lib/python3.12/site-packages/primus_mllog/mlperf_sft.py", "lineno": 277, "samples_count": 1920}}
:::MLLOG {"namespace": "", "time_ms": 1778578195422, "event_type": "INTERVAL_START", "key": "block_start", "value": null, "metadata": {"file": "/opt/venv/lib/python3.12/site-packages/primus_mllog/mlperf_sft.py", "lineno": 283, "samples_count": 1920}}
:::MLLOG {"namespace": "", "time_ms": 1778578247338, "event_type": "INTERVAL_END", "key": "block_stop", "value": null, "metadata": {"file": "/opt/venv/lib/python3.12/site-packages/primus_mllog/mlperf_sft.py", "lineno": 243, "samples_count": 2304}}
:::MLLOG {"namespace": "", "time_ms": 1778578247338, "event_type": "INTERVAL_START", "key": "eval_start", "value": null, "metadata": {"file": "/opt/venv/lib/python3.12/site-packages/primus_mllog/mlperf_sft.py", "lineno": 247, "samples_count": 2304}}
:::MLLOG {"namespace": "", "time_ms": 1778578257089, "event_type": "POINT_IN_TIME", "key": "eval_accuracy", "value": 0.953379213809967, "metadata": {"file": "/opt/venv/lib/python3.12/site-packages/primus_mllog/mlperf_sft.py", "lineno": 264, "samples_count": 2304}}
:::MLLOG {"namespace": "", "time_ms": 1778578257089, "event_type": "INTERVAL_END", "key": "eval_stop", "value": null, "metadata": {"file": "/opt/venv/lib/python3.12/site-packages/primus_mllog/mlperf_sft.py", "lineno": 277, "samples_count": 2304}}
:::MLLOG {"namespace": "", "time_ms": 1778578257089, "event_type": "INTERVAL_START", "key": "block_start", "value": null, "metadata": {"file": "/opt/venv/lib/python3.12/site-packages/primus_mllog/mlperf_sft.py", "lineno": 283, "samples_count": 2304}}
:::MLLOG {"namespace": "", "time_ms": 1778578308393, "event_type": "INTERVAL_END", "key": "block_stop", "value": null, "metadata": {"file": "/opt/venv/lib/python3.12/site-packages/primus_mllog/mlperf_sft.py", "lineno": 243, "samples_count": 2688}}
:::MLLOG {"namespace": "", "time_ms": 1778578308393, "event_type": "INTERVAL_START", "key": "eval_start", "value": null, "metadata": {"file": "/opt/venv/lib/python3.12/site-packages/primus_mllog/mlperf_sft.py", "lineno": 247, "samples_count": 2688}}
:::MLLOG {"namespace": "", "time_ms": 1778578318159, "event_type": "POINT_IN_TIME", "key": "eval_accuracy", "value": 0.9504575729370117, "metadata": {"file": "/opt/venv/lib/python3.12/site-packages/primus_mllog/mlperf_sft.py", "lineno": 264, "samples_count": 2688}}
:::MLLOG {"namespace": "", "time_ms": 1778578318159, "event_type": "INTERVAL_END", "key": "eval_stop", "value": null, "metadata": {"file": "/opt/venv/lib/python3.12/site-packages/primus_mllog/mlperf_sft.py", "lineno": 277, "samples_count": 2688}}
:::MLLOG {"namespace": "", "time_ms": 1778578318159, "event_type": "INTERVAL_START", "key": "block_start", "value": null, "metadata": {"file": "/opt/venv/lib/python3.12/site-packages/primus_mllog/mlperf_sft.py", "lineno": 283, "samples_count": 2688}}
:::MLLOG {"namespace": "", "time_ms": 1778578388389, "event_type": "INTERVAL_END", "key": "block_stop", "value": null, "metadata": {"file": "/opt/venv/lib/python3.12/site-packages/primus_mllog/mlperf_sft.py", "lineno": 243, "samples_count": 3072}}
:::MLLOG {"namespace": "", "time_ms": 1778578388390, "event_type": "INTERVAL_START", "key": "eval_start", "value": null, "metadata": {"file": "/opt/venv/lib/python3.12/site-packages/primus_mllog/mlperf_sft.py", "lineno": 247, "samples_count": 3072}}
:::MLLOG {"namespace": "", "time_ms": 1778578401132, "event_type": "POINT_IN_TIME", "key": "eval_accuracy", "value": 0.9234407544136047, "metadata": {"file": "/opt/venv/lib/python3.12/site-packages/primus_mllog/mlperf_sft.py", "lineno": 264, "samples_count": 3072}}
:::MLLOG {"namespace": "", "time_ms": 1778578401134, "event_type": "INTERVAL_END", "key": "eval_stop", "value": null, "metadata": {"file": "/opt/venv/lib/python3.12/site-packages/primus_mllog/mlperf_sft.py", "lineno": 277, "samples_count": 3072}}
:::MLLOG {"namespace": "", "time_ms": 1778578401142, "event_type": "INTERVAL_END", "key": "epoch_stop", "value": null, "metadata": {"file": "/opt/venv/lib/python3.12/site-packages/primus_mllog/mlperf_sft.py", "lineno": 305, "samples_count": 3072}}
:::MLLOG {"namespace": "", "time_ms": 1778578401142, "event_type": "INTERVAL_END", "key": "run_stop", "value": null, "metadata": {"file": "/opt/venv/lib/python3.12/site-packages/primus_mllog/mlperf_sft.py", "lineno": 319, "samples_count": 3072, "status": "success"}}
:::MLLOG {"namespace": "", "time_ms": 1778578401142, "event_type": "POINT_IN_TIME", "key": "run_duration", "value": "484.08s -> 8.07 minutes", "metadata": {"file": "/opt/venv/lib/python3.12/site-packages/primus_mllog/mlperf_sft.py", "lineno": 331, "samples": 3072}}
:::MLLOG {"namespace": "", "time_ms": 1778578401142, "event_type": "POINT_IN_TIME", "key": "throughput", "value": 6.35, "metadata": {"file": "/opt/venv/lib/python3.12/site-packages/primus_mllog/mlperf_sft.py", "lineno": 336, "samples": 3072}}
RESULT,LLAMA2_70B_LORA_SFT,,736,AMD,2026-05-12 09:21:32 AM
Beginning trial 3 of 10
Clearing cache on mi355mlperf
vm.drop_caches = 3
launching experiment using: --env=AITER_CONFIG_GEMM_A4W4 --env=AITER_LOG_LEVEL --env=AITER_LOG_MORE --env=AITER_LOG_TUNED_CONFIG --env=CP --env=CUBLAS_FORCE_XMMA_KERNEL_INIT --env=CUDA_DEVICE_MAX_CONNECTIONS --env=CUDNN_FRONTEND_ATTN_DP_WORKSPACE_LIMIT --env=DATA_PATH --env=DGXSYSTEM --env=ENABLE_MLLOG --env=ENABLE_TRANSPOSE_CACHE --env=EXP --env=FP4 --env=FP4_RECIPE --env=FP8 --env=FP8_ACT --env=FP8_ACTIVATION --env=FP8_AMAX_ALGO --env=FP8_AMAX_HISTORY --env=FP8_DPA --env=FP8_REDUCE_AMAX --env=FUSED_SOFTMAX --env=GPUS_PER_NODE --env=GPU_MAX_HW_QUEUES --env=HEALING_ITER --env=HEALING_PRECISION --env=HSA_ENABLE_INTERRUPT --env=HSA_ENABLE_SDMA --env=HSA_NO_SCRATCH_RECLAIM --env=HYDRA_FULL_ERROR --env=LOAD_CKPT --env=LOGGING_INTERVAL --env=LORA_A2A --env=LR --env=MASTER_ADDR --env=MASTER_PORT --env=MAX_STEPS --env=MBS --env=MCORE_CUDA_GRAPH --env=MC_TP_OVERLAP_AG --env=MC_TP_OVERLAP_RS --env=MC_TP_OVERLAP_RS_DGRAD --env=MEGATRON_BRIDGE_LOGGING_LEVEL --env=MINIBS --env=MLLOG_CONFIG_FILENAME --env=MLLOG_CONTEXT_PARALLELISM --env=MLLOG_EXPERT_PARALLELISM --env=MLLOG_LOWEST_NUMERICAL_PRECISION_LINEAR --env=MLLOG_MICRO_BATCH_SIZE --env=MLLOG_OUTPUT_FILE --env=MLLOG_PIPELINE_PARALLELISM --env=MLLOG_SUBMISSION_BENCHMARK --env=MLLOG_SUBMISSION_DIVISION --env=MLLOG_SUBMISSION_ORG --env=MLLOG_SUBMISSION_PLATFORM --env=MLLOG_TARGET_EVAL_LOSS --env=MLLOG_TENSOR_PARALLELISM --env=MLLOG_TRAIN_LOSS_LOG_FREQ --env=NCCL_CHECKS_DISABLE --env=NCCL_MIN_CTAS --env=NCCL_MIN_P2P_NCHANNELS --env=NCCL_NCHANNELS_PER_NET_PEER --env=NCCL_NVLS_ENABLE --env=NEXP --env=NNODES --env=NODE_RANK --env=NVTE_CK_IS_V3_ATOMIC_FP32 --env=NVTE_CK_USES_BWD_V3 --env=NVTE_CK_USES_FWD_V3 --env=NVTE_DEBUG --env=NVTE_DEBUG_LEVEL --env=NVTE_FP4_LOG_GEMM_SHAPES --env=NVTE_FP8_DPA_BWD --env=NVTE_FUSED_ATTN --env=NVTE_FUSED_ATTN_AOTRITON --env=NVTE_FUSED_ATTN_CK --env=NVTE_MXFP4_USE_HADAMARD --env=NVTE_RS_STRIDED_ATOMIC --env=NVTE_USE_AITER_ROPE --env=NVTE_USE_CAST_TRANSPOSE_TRITON --env=NVTE_USE_HIPBLASLT --env=NVTE_USE_OPTIMIZED_HIPIFIED_CAST_TRANSPOSE --env=NVTE_USE_RMSNORM_TRITON --env=OMP_NUM_THREADS --env=PACKED_METADATA_PATH --env=PACKED_TRAIN_DATA_PATH --env=PACKED_VAL_DATA_PATH --env=POSSIBLE_USER_WARNINGS --env=PP --env=PRETRAINED_CHECKPOINT --env=PRE_QUANTIZED_MODEL --env=PRIMUS_LOG_LEVEL --env=PRIMUS_PATH --env=PROFILE_RPD --env=PT_TENSOR_VALIDATION --env=PYTHONPATH --env=PYTHONWARNINGS --env=RECOMPUTE_GRANULARITY --env=RECOMPUTE_METHOD --env=RECOMPUTE_NUM_LAYERS --env=RESET_CG_AFTER_HEALING --env=RMSNORM_CAST --env=SKIP_EVALS --env=SP --env=SYNTH_WARMUP_STEPS --env=SYNTH_WARMUP_VALID_STEPS --env=TORCH_BLAS_PREFER_HIPBLASLT --env=TORCH_NCCL_HIGH_PRIORITY --env=TP --env=TP_COMM_OVERLAP --env=USE_HIPBLASLT --env=USE_TE_SWIGLU --env=VAL_CHECK_INTERVAL --env=VBOOST_VALUE --env=DATADIR --env=DGXSYSTEM --env=PROFILER --env=LOGDIR --env=HF_TOKEN --env=SEED=7740 mlperf_llama2_sft_primus /workspace/code/run_and_time.sh
:::MLLOG {"namespace": "", "time_ms": 1778578465029, "event_type": "POINT_IN_TIME", "key": "cache_clear", "value": true, "metadata": {"file": "/opt/venv/lib/python3.12/site-packages/primus_mllog/mlperf_logger.py", "lineno": 41}}
:::MLLOG {"namespace": "", "time_ms": 1778578465029, "event_type": "POINT_IN_TIME", "key": "init_start", "value": null, "metadata": {"file": "/opt/venv/lib/python3.12/site-packages/primus_mllog/mlperf_logger.py", "lineno": 41}}
:::MLLOG {"namespace": "", "time_ms": 1778578465324, "event_type": "POINT_IN_TIME", "key": "submission_benchmark", "value": "llama2_70b_lora", "metadata": {"file": "/opt/venv/lib/python3.12/site-packages/primus_mllog/mlperf_sft.py", "lineno": 120}}
:::MLLOG {"namespace": "", "time_ms": 1778578465333, "event_type": "POINT_IN_TIME", "key": "submission_org", "value": "AMD", "metadata": {"file": "/opt/venv/lib/python3.12/site-packages/primus_mllog/mlperf_sft.py", "lineno": 124}}
:::MLLOG {"namespace": "", "time_ms": 1778578465333, "event_type": "POINT_IN_TIME", "key": "submission_division", "value": "closed", "metadata": {"file": "/opt/venv/lib/python3.12/site-packages/primus_mllog/mlperf_sft.py", "lineno": 128}}
:::MLLOG {"namespace": "", "time_ms": 1778578465333, "event_type": "POINT_IN_TIME", "key": "submission_platform", "value": "MI355X", "metadata": {"file": "/opt/venv/lib/python3.12/site-packages/primus_mllog/mlperf_sft.py", "lineno": 132}}
:::MLLOG {"namespace": "", "time_ms": 1778578465333, "event_type": "POINT_IN_TIME", "key": "submission_status", "value": "onprem", "metadata": {"file": "/opt/venv/lib/python3.12/site-packages/primus_mllog/mlperf_sft.py", "lineno": 136}}
:::MLLOG {"namespace": "", "time_ms": 1778578465333, "event_type": "POINT_IN_TIME", "key": "target_accuracy", "value": 0.925, "metadata": {"file": "/opt/venv/lib/python3.12/site-packages/primus_mllog/mlperf_sft.py", "lineno": 139}}
:::MLLOG {"namespace": "", "time_ms": 1778578465333, "event_type": "POINT_IN_TIME", "key": "global_batch_size", "value": 8, "metadata": {"file": "/opt/venv/lib/python3.12/site-packages/primus_mllog/mlperf_sft.py", "lineno": 172}}
:::MLLOG {"namespace": "", "time_ms": 1778578465334, "event_type": "POINT_IN_TIME", "key": "train_samples", "value": 3901, "metadata": {"file": "/opt/venv/lib/python3.12/site-packages/primus_mllog/mlperf_sft.py", "lineno": 172}}
:::MLLOG {"namespace": "", "time_ms": 1778578465334, "event_type": "POINT_IN_TIME", "key": "eval_samples", "value": 173, "metadata": {"file": "/opt/venv/lib/python3.12/site-packages/primus_mllog/mlperf_sft.py", "lineno": 172}}
:::MLLOG {"namespace": "", "time_ms": 1778578465334, "event_type": "POINT_IN_TIME", "key": "gradient_accumulation_steps", "value": 1, "metadata": {"file": "/opt/venv/lib/python3.12/site-packages/primus_mllog/mlperf_sft.py", "lineno": 172}}
:::MLLOG {"namespace": "", "time_ms": 1778578465334, "event_type": "POINT_IN_TIME", "key": "seed", "value": 7740, "metadata": {"file": "/opt/venv/lib/python3.12/site-packages/primus_mllog/mlperf_sft.py", "lineno": 172}}
:::MLLOG {"namespace": "", "time_ms": 1778578465334, "event_type": "POINT_IN_TIME", "key": "opt_name", "value": "adamw", "metadata": {"file": "/opt/venv/lib/python3.12/site-packages/primus_mllog/mlperf_sft.py", "lineno": 172}}
:::MLLOG {"namespace": "", "time_ms": 1778578465334, "event_type": "POINT_IN_TIME", "key": "opt_base_learning_rate", "value": 0.0006, "metadata": {"file": "/opt/venv/lib/python3.12/site-packages/primus_mllog/mlperf_sft.py", "lineno": 172}}
:::MLLOG {"namespace": "", "time_ms": 1778578465334, "event_type": "POINT_IN_TIME", "key": "opt_adamw_beta_1", "value": 0.9, "metadata": {"file": "/opt/venv/lib/python3.12/site-packages/primus_mllog/mlperf_sft.py", "lineno": 172}}
:::MLLOG {"namespace": "", "time_ms": 1778578465334, "event_type": "POINT_IN_TIME", "key": "opt_adamw_beta_2", "value": 0.999, "metadata": {"file": "/opt/venv/lib/python3.12/site-packages/primus_mllog/mlperf_sft.py", "lineno": 172}}
:::MLLOG {"namespace": "", "time_ms": 1778578465334, "event_type": "POINT_IN_TIME", "key": "opt_adamw_epsilon", "value": 1e-08, "metadata": {"file": "/opt/venv/lib/python3.12/site-packages/primus_mllog/mlperf_sft.py", "lineno": 172}}
:::MLLOG {"namespace": "", "time_ms": 1778578465334, "event_type": "POINT_IN_TIME", "key": "opt_adamw_weight_decay", "value": 0.0001, "metadata": {"file": "/opt/venv/lib/python3.12/site-packages/primus_mllog/mlperf_sft.py", "lineno": 172}}
:::MLLOG {"namespace": "", "time_ms": 1778578465334, "event_type": "POINT_IN_TIME", "key": "opt_gradient_clip_norm", "value": 0.3, "metadata": {"file": "/opt/venv/lib/python3.12/site-packages/primus_mllog/mlperf_sft.py", "lineno": 172}}
:::MLLOG {"namespace": "", "time_ms": 1778578465334, "event_type": "POINT_IN_TIME", "key": "opt_learning_rate_warmup_factor", "value": 0.0, "metadata": {"file": "/opt/venv/lib/python3.12/site-packages/primus_mllog/mlperf_sft.py", "lineno": 172}}
:::MLLOG {"namespace": "", "time_ms": 1778578465334, "event_type": "POINT_IN_TIME", "key": "opt_learning_rate_training_steps", "value": 550, "metadata": {"file": "/opt/venv/lib/python3.12/site-packages/primus_mllog/mlperf_sft.py", "lineno": 172}}
:::MLLOG {"namespace": "", "time_ms": 1778578465334, "event_type": "POINT_IN_TIME", "key": "max_sequence_length", "value": 8192, "metadata": {"file": "/opt/venv/lib/python3.12/site-packages/primus_mllog/mlperf_sft.py", "lineno": 172}}
:::MLLOG {"namespace": "", "time_ms": 1778578465334, "event_type": "POINT_IN_TIME", "key": "max_steps", "value": 550, "metadata": {"file": "/opt/venv/lib/python3.12/site-packages/primus_mllog/mlperf_sft.py", "lineno": 172}}
:::MLLOG {"namespace": "", "time_ms": 1778578465334, "event_type": "POINT_IN_TIME", "key": "lora_rank", "value": 16, "metadata": {"file": "/opt/venv/lib/python3.12/site-packages/primus_mllog/mlperf_sft.py", "lineno": 172}}
:::MLLOG {"namespace": "", "time_ms": 1778578465334, "event_type": "POINT_IN_TIME", "key": "lora_alpha", "value": 32, "metadata": {"file": "/opt/venv/lib/python3.12/site-packages/primus_mllog/mlperf_sft.py", "lineno": 172}}
:::MLLOG {"namespace": "", "time_ms": 1778578465334, "event_type": "POINT_IN_TIME", "key": "tensor_parallelism", "value": 1, "metadata": {"file": "/opt/venv/lib/python3.12/site-packages/primus_mllog/mlperf_sft.py", "lineno": 172}}
:::MLLOG {"namespace": "", "time_ms": 1778578465334, "event_type": "POINT_IN_TIME", "key": "pipeline_parallelism", "value": 1, "metadata": {"file": "/opt/venv/lib/python3.12/site-packages/primus_mllog/mlperf_sft.py", "lineno": 172}}
:::MLLOG {"namespace": "", "time_ms": 1778578465334, "event_type": "POINT_IN_TIME", "key": "context_parallelism", "value": 1, "metadata": {"file": "/opt/venv/lib/python3.12/site-packages/primus_mllog/mlperf_sft.py", "lineno": 172}}
:::MLLOG {"namespace": "", "time_ms": 1778578465334, "event_type": "POINT_IN_TIME", "key": "expert_parallelism", "value": 1, "metadata": {"file": "/opt/venv/lib/python3.12/site-packages/primus_mllog/mlperf_sft.py", "lineno": 172}}
:::MLLOG {"namespace": "", "time_ms": 1778578465335, "event_type": "POINT_IN_TIME", "key": "micro_batch_size", "value": 1, "metadata": {"file": "/opt/venv/lib/python3.12/site-packages/primus_mllog/mlperf_sft.py", "lineno": 172}}
:::MLLOG {"namespace": "", "time_ms": 1778578465335, "event_type": "POINT_IN_TIME", "key": "config_filename", "value": "config_MI355X_1x8x1.sh", "metadata": {"file": "/opt/venv/lib/python3.12/site-packages/primus_mllog/mlperf_sft.py", "lineno": 172}}
:::MLLOG {"namespace": "", "time_ms": 1778578465335, "event_type": "POINT_IN_TIME", "key": "lowest_numerical_precision_linear", "value": "mxfp4", "metadata": {"file": "/opt/venv/lib/python3.12/site-packages/primus_mllog/mlperf_sft.py", "lineno": 172}}
:::MLLOG {"namespace": "", "time_ms": 1778578661201, "event_type": "INTERVAL_END", "key": "init_stop", "value": null, "metadata": {"file": "/opt/venv/lib/python3.12/site-packages/primus_mllog/mlperf_sft.py", "lineno": 186}}
:::MLLOG {"namespace": "", "time_ms": 1778578661201, "event_type": "INTERVAL_START", "key": "run_start", "value": null, "metadata": {"file": "/opt/venv/lib/python3.12/site-packages/primus_mllog/mlperf_sft.py", "lineno": 187}}
:::MLLOG {"namespace": "", "time_ms": 1778578661201, "event_type": "INTERVAL_START", "key": "epoch_start", "value": null, "metadata": {"file": "/opt/venv/lib/python3.12/site-packages/primus_mllog/mlperf_sft.py", "lineno": 189, "samples_count": 0}}
:::MLLOG {"namespace": "", "time_ms": 1778578661201, "event_type": "INTERVAL_START", "key": "block_start", "value": null, "metadata": {"file": "/opt/venv/lib/python3.12/site-packages/primus_mllog/mlperf_sft.py", "lineno": 192, "samples_count": 0}}
:::MLLOG {"namespace": "", "time_ms": 1778578868507, "event_type": "INTERVAL_END", "key": "block_stop", "value": null, "metadata": {"file": "/opt/venv/lib/python3.12/site-packages/primus_mllog/mlperf_sft.py", "lineno": 243, "samples_count": 1536}}
:::MLLOG {"namespace": "", "time_ms": 1778578868507, "event_type": "INTERVAL_START", "key": "eval_start", "value": null, "metadata": {"file": "/opt/venv/lib/python3.12/site-packages/primus_mllog/mlperf_sft.py", "lineno": 247, "samples_count": 1536}}
:::MLLOG {"namespace": "", "time_ms": 1778578878381, "event_type": "POINT_IN_TIME", "key": "eval_accuracy", "value": 0.9690343737602234, "metadata": {"file": "/opt/venv/lib/python3.12/site-packages/primus_mllog/mlperf_sft.py", "lineno": 264, "samples_count": 1536}}
:::MLLOG {"namespace": "", "time_ms": 1778578878381, "event_type": "INTERVAL_END", "key": "eval_stop", "value": null, "metadata": {"file": "/opt/venv/lib/python3.12/site-packages/primus_mllog/mlperf_sft.py", "lineno": 277, "samples_count": 1536}}
:::MLLOG {"namespace": "", "time_ms": 1778578878382, "event_type": "INTERVAL_START", "key": "block_start", "value": null, "metadata": {"file": "/opt/venv/lib/python3.12/site-packages/primus_mllog/mlperf_sft.py", "lineno": 283, "samples_count": 1536}}
:::MLLOG {"namespace": "", "time_ms": 1778578929707, "event_type": "INTERVAL_END", "key": "block_stop", "value": null, "metadata": {"file": "/opt/venv/lib/python3.12/site-packages/primus_mllog/mlperf_sft.py", "lineno": 243, "samples_count": 1920}}
:::MLLOG {"namespace": "", "time_ms": 1778578929707, "event_type": "INTERVAL_START", "key": "eval_start", "value": null, "metadata": {"file": "/opt/venv/lib/python3.12/site-packages/primus_mllog/mlperf_sft.py", "lineno": 247, "samples_count": 1920}}
:::MLLOG {"namespace": "", "time_ms": 1778578939452, "event_type": "POINT_IN_TIME", "key": "eval_accuracy", "value": 0.960989773273468, "metadata": {"file": "/opt/venv/lib/python3.12/site-packages/primus_mllog/mlperf_sft.py", "lineno": 264, "samples_count": 1920}}
:::MLLOG {"namespace": "", "time_ms": 1778578939453, "event_type": "INTERVAL_END", "key": "eval_stop", "value": null, "metadata": {"file": "/opt/venv/lib/python3.12/site-packages/primus_mllog/mlperf_sft.py", "lineno": 277, "samples_count": 1920}}
:::MLLOG {"namespace": "", "time_ms": 1778578939453, "event_type": "INTERVAL_START", "key": "block_start", "value": null, "metadata": {"file": "/opt/venv/lib/python3.12/site-packages/primus_mllog/mlperf_sft.py", "lineno": 283, "samples_count": 1920}}
:::MLLOG {"namespace": "", "time_ms": 1778578991417, "event_type": "INTERVAL_END", "key": "block_stop", "value": null, "metadata": {"file": "/opt/venv/lib/python3.12/site-packages/primus_mllog/mlperf_sft.py", "lineno": 243, "samples_count": 2304}}
:::MLLOG {"namespace": "", "time_ms": 1778578991417, "event_type": "INTERVAL_START", "key": "eval_start", "value": null, "metadata": {"file": "/opt/venv/lib/python3.12/site-packages/primus_mllog/mlperf_sft.py", "lineno": 247, "samples_count": 2304}}
:::MLLOG {"namespace": "", "time_ms": 1778579001156, "event_type": "POINT_IN_TIME", "key": "eval_accuracy", "value": 0.9511619210243225, "metadata": {"file": "/opt/venv/lib/python3.12/site-packages/primus_mllog/mlperf_sft.py", "lineno": 264, "samples_count": 2304}}
:::MLLOG {"namespace": "", "time_ms": 1778579001156, "event_type": "INTERVAL_END", "key": "eval_stop", "value": null, "metadata": {"file": "/opt/venv/lib/python3.12/site-packages/primus_mllog/mlperf_sft.py", "lineno": 277, "samples_count": 2304}}
:::MLLOG {"namespace": "", "time_ms": 1778579001156, "event_type": "INTERVAL_START", "key": "block_start", "value": null, "metadata": {"file": "/opt/venv/lib/python3.12/site-packages/primus_mllog/mlperf_sft.py", "lineno": 283, "samples_count": 2304}}
:::MLLOG {"namespace": "", "time_ms": 1778579052523, "event_type": "INTERVAL_END", "key": "block_stop", "value": null, "metadata": {"file": "/opt/venv/lib/python3.12/site-packages/primus_mllog/mlperf_sft.py", "lineno": 243, "samples_count": 2688}}
:::MLLOG {"namespace": "", "time_ms": 1778579052524, "event_type": "INTERVAL_START", "key": "eval_start", "value": null, "metadata": {"file": "/opt/venv/lib/python3.12/site-packages/primus_mllog/mlperf_sft.py", "lineno": 247, "samples_count": 2688}}
:::MLLOG {"namespace": "", "time_ms": 1778579062300, "event_type": "POINT_IN_TIME", "key": "eval_accuracy", "value": 0.9503753185272217, "metadata": {"file": "/opt/venv/lib/python3.12/site-packages/primus_mllog/mlperf_sft.py", "lineno": 264, "samples_count": 2688}}
:::MLLOG {"namespace": "", "time_ms": 1778579062300, "event_type": "INTERVAL_END", "key": "eval_stop", "value": null, "metadata": {"file": "/opt/venv/lib/python3.12/site-packages/primus_mllog/mlperf_sft.py", "lineno": 277, "samples_count": 2688}}
:::MLLOG {"namespace": "", "time_ms": 1778579062300, "event_type": "INTERVAL_START", "key": "block_start", "value": null, "metadata": {"file": "/opt/venv/lib/python3.12/site-packages/primus_mllog/mlperf_sft.py", "lineno": 283, "samples_count": 2688}}
:::MLLOG {"namespace": "", "time_ms": 1778579132505, "event_type": "INTERVAL_END", "key": "block_stop", "value": null, "metadata": {"file": "/opt/venv/lib/python3.12/site-packages/primus_mllog/mlperf_sft.py", "lineno": 243, "samples_count": 3072}}
:::MLLOG {"namespace": "", "time_ms": 1778579132505, "event_type": "INTERVAL_START", "key": "eval_start", "value": null, "metadata": {"file": "/opt/venv/lib/python3.12/site-packages/primus_mllog/mlperf_sft.py", "lineno": 247, "samples_count": 3072}}
:::MLLOG {"namespace": "", "time_ms": 1778579145251, "event_type": "POINT_IN_TIME", "key": "eval_accuracy", "value": 0.9247450232505798, "metadata": {"file": "/opt/venv/lib/python3.12/site-packages/primus_mllog/mlperf_sft.py", "lineno": 264, "samples_count": 3072}}
:::MLLOG {"namespace": "", "time_ms": 1778579145251, "event_type": "INTERVAL_END", "key": "eval_stop", "value": null, "metadata": {"file": "/opt/venv/lib/python3.12/site-packages/primus_mllog/mlperf_sft.py", "lineno": 277, "samples_count": 3072}}
:::MLLOG {"namespace": "", "time_ms": 1778579145257, "event_type": "INTERVAL_END", "key": "epoch_stop", "value": null, "metadata": {"file": "/opt/venv/lib/python3.12/site-packages/primus_mllog/mlperf_sft.py", "lineno": 305, "samples_count": 3072}}
:::MLLOG {"namespace": "", "time_ms": 1778579145258, "event_type": "INTERVAL_END", "key": "run_stop", "value": null, "metadata": {"file": "/opt/venv/lib/python3.12/site-packages/primus_mllog/mlperf_sft.py", "lineno": 319, "samples_count": 3072, "status": "success"}}
:::MLLOG {"namespace": "", "time_ms": 1778579145258, "event_type": "POINT_IN_TIME", "key": "run_duration", "value": "484.06s -> 8.07 minutes", "metadata": {"file": "/opt/venv/lib/python3.12/site-packages/primus_mllog/mlperf_sft.py", "lineno": 331, "samples": 3072}}
:::MLLOG {"namespace": "", "time_ms": 1778579145258, "event_type": "POINT_IN_TIME", "key": "throughput", "value": 6.35, "metadata": {"file": "/opt/venv/lib/python3.12/site-packages/primus_mllog/mlperf_sft.py", "lineno": 336, "samples": 3072}}
RESULT,LLAMA2_70B_LORA_SFT,,738,AMD,2026-05-12 09:33:53 AM
Beginning trial 4 of 10
Clearing cache on mi355mlperf
vm.drop_caches = 3
launching experiment using: --env=AITER_CONFIG_GEMM_A4W4 --env=AITER_LOG_LEVEL --env=AITER_LOG_MORE --env=AITER_LOG_TUNED_CONFIG --env=CP --env=CUBLAS_FORCE_XMMA_KERNEL_INIT --env=CUDA_DEVICE_MAX_CONNECTIONS --env=CUDNN_FRONTEND_ATTN_DP_WORKSPACE_LIMIT --env=DATA_PATH --env=DGXSYSTEM --env=ENABLE_MLLOG --env=ENABLE_TRANSPOSE_CACHE --env=EXP --env=FP4 --env=FP4_RECIPE --env=FP8 --env=FP8_ACT --env=FP8_ACTIVATION --env=FP8_AMAX_ALGO --env=FP8_AMAX_HISTORY --env=FP8_DPA --env=FP8_REDUCE_AMAX --env=FUSED_SOFTMAX --env=GPUS_PER_NODE --env=GPU_MAX_HW_QUEUES --env=HEALING_ITER --env=HEALING_PRECISION --env=HSA_ENABLE_INTERRUPT --env=HSA_ENABLE_SDMA --env=HSA_NO_SCRATCH_RECLAIM --env=HYDRA_FULL_ERROR --env=LOAD_CKPT --env=LOGGING_INTERVAL --env=LORA_A2A --env=LR --env=MASTER_ADDR --env=MASTER_PORT --env=MAX_STEPS --env=MBS --env=MCORE_CUDA_GRAPH --env=MC_TP_OVERLAP_AG --env=MC_TP_OVERLAP_RS --env=MC_TP_OVERLAP_RS_DGRAD --env=MEGATRON_BRIDGE_LOGGING_LEVEL --env=MINIBS --env=MLLOG_CONFIG_FILENAME --env=MLLOG_CONTEXT_PARALLELISM --env=MLLOG_EXPERT_PARALLELISM --env=MLLOG_LOWEST_NUMERICAL_PRECISION_LINEAR --env=MLLOG_MICRO_BATCH_SIZE --env=MLLOG_OUTPUT_FILE --env=MLLOG_PIPELINE_PARALLELISM --env=MLLOG_SUBMISSION_BENCHMARK --env=MLLOG_SUBMISSION_DIVISION --env=MLLOG_SUBMISSION_ORG --env=MLLOG_SUBMISSION_PLATFORM --env=MLLOG_TARGET_EVAL_LOSS --env=MLLOG_TENSOR_PARALLELISM --env=MLLOG_TRAIN_LOSS_LOG_FREQ --env=NCCL_CHECKS_DISABLE --env=NCCL_MIN_CTAS --env=NCCL_MIN_P2P_NCHANNELS --env=NCCL_NCHANNELS_PER_NET_PEER --env=NCCL_NVLS_ENABLE --env=NEXP --env=NNODES --env=NODE_RANK --env=NVTE_CK_IS_V3_ATOMIC_FP32 --env=NVTE_CK_USES_BWD_V3 --env=NVTE_CK_USES_FWD_V3 --env=NVTE_DEBUG --env=NVTE_DEBUG_LEVEL --env=NVTE_FP4_LOG_GEMM_SHAPES --env=NVTE_FP8_DPA_BWD --env=NVTE_FUSED_ATTN --env=NVTE_FUSED_ATTN_AOTRITON --env=NVTE_FUSED_ATTN_CK --env=NVTE_MXFP4_USE_HADAMARD --env=NVTE_RS_STRIDED_ATOMIC --env=NVTE_USE_AITER_ROPE --env=NVTE_USE_CAST_TRANSPOSE_TRITON --env=NVTE_USE_HIPBLASLT --env=NVTE_USE_OPTIMIZED_HIPIFIED_CAST_TRANSPOSE --env=NVTE_USE_RMSNORM_TRITON --env=OMP_NUM_THREADS --env=PACKED_METADATA_PATH --env=PACKED_TRAIN_DATA_PATH --env=PACKED_VAL_DATA_PATH --env=POSSIBLE_USER_WARNINGS --env=PP --env=PRETRAINED_CHECKPOINT --env=PRE_QUANTIZED_MODEL --env=PRIMUS_LOG_LEVEL --env=PRIMUS_PATH --env=PROFILE_RPD --env=PT_TENSOR_VALIDATION --env=PYTHONPATH --env=PYTHONWARNINGS --env=RECOMPUTE_GRANULARITY --env=RECOMPUTE_METHOD --env=RECOMPUTE_NUM_LAYERS --env=RESET_CG_AFTER_HEALING --env=RMSNORM_CAST --env=SKIP_EVALS --env=SP --env=SYNTH_WARMUP_STEPS --env=SYNTH_WARMUP_VALID_STEPS --env=TORCH_BLAS_PREFER_HIPBLASLT --env=TORCH_NCCL_HIGH_PRIORITY --env=TP --env=TP_COMM_OVERLAP --env=USE_HIPBLASLT --env=USE_TE_SWIGLU --env=VAL_CHECK_INTERVAL --env=VBOOST_VALUE --env=DATADIR --env=DGXSYSTEM --env=PROFILER --env=LOGDIR --env=HF_TOKEN --env=SEED=26563 mlperf_llama2_sft_primus /workspace/code/run_and_time.sh
:::MLLOG {"namespace": "", "time_ms": 1778579208375, "event_type": "POINT_IN_TIME", "key": "cache_clear", "value": true, "metadata": {"file": "/opt/venv/lib/python3.12/site-packages/primus_mllog/mlperf_logger.py", "lineno": 41}}
:::MLLOG {"namespace": "", "time_ms": 1778579208376, "event_type": "POINT_IN_TIME", "key": "init_start", "value": null, "metadata": {"file": "/opt/venv/lib/python3.12/site-packages/primus_mllog/mlperf_logger.py", "lineno": 41}}
:::MLLOG {"namespace": "", "time_ms": 1778579208678, "event_type": "POINT_IN_TIME", "key": "submission_benchmark", "value": "llama2_70b_lora", "metadata": {"file": "/opt/venv/lib/python3.12/site-packages/primus_mllog/mlperf_sft.py", "lineno": 120}}
:::MLLOG {"namespace": "", "time_ms": 1778579208689, "event_type": "POINT_IN_TIME", "key": "submission_org", "value": "AMD", "metadata": {"file": "/opt/venv/lib/python3.12/site-packages/primus_mllog/mlperf_sft.py", "lineno": 124}}
:::MLLOG {"namespace": "", "time_ms": 1778579208689, "event_type": "POINT_IN_TIME", "key": "submission_division", "value": "closed", "metadata": {"file": "/opt/venv/lib/python3.12/site-packages/primus_mllog/mlperf_sft.py", "lineno": 128}}
:::MLLOG {"namespace": "", "time_ms": 1778579208689, "event_type": "POINT_IN_TIME", "key": "submission_platform", "value": "MI355X", "metadata": {"file": "/opt/venv/lib/python3.12/site-packages/primus_mllog/mlperf_sft.py", "lineno": 132}}
:::MLLOG {"namespace": "", "time_ms": 1778579208689, "event_type": "POINT_IN_TIME", "key": "submission_status", "value": "onprem", "metadata": {"file": "/opt/venv/lib/python3.12/site-packages/primus_mllog/mlperf_sft.py", "lineno": 136}}
:::MLLOG {"namespace": "", "time_ms": 1778579208689, "event_type": "POINT_IN_TIME", "key": "target_accuracy", "value": 0.925, "metadata": {"file": "/opt/venv/lib/python3.12/site-packages/primus_mllog/mlperf_sft.py", "lineno": 139}}
:::MLLOG {"namespace": "", "time_ms": 1778579208689, "event_type": "POINT_IN_TIME", "key": "global_batch_size", "value": 8, "metadata": {"file": "/opt/venv/lib/python3.12/site-packages/primus_mllog/mlperf_sft.py", "lineno": 172}}
:::MLLOG {"namespace": "", "time_ms": 1778579208689, "event_type": "POINT_IN_TIME", "key": "train_samples", "value": 3901, "metadata": {"file": "/opt/venv/lib/python3.12/site-packages/primus_mllog/mlperf_sft.py", "lineno": 172}}
:::MLLOG {"namespace": "", "time_ms": 1778579208689, "event_type": "POINT_IN_TIME", "key": "eval_samples", "value": 173, "metadata": {"file": "/opt/venv/lib/python3.12/site-packages/primus_mllog/mlperf_sft.py", "lineno": 172}}
:::MLLOG {"namespace": "", "time_ms": 1778579208689, "event_type": "POINT_IN_TIME", "key": "gradient_accumulation_steps", "value": 1, "metadata": {"file": "/opt/venv/lib/python3.12/site-packages/primus_mllog/mlperf_sft.py", "lineno": 172}}
:::MLLOG {"namespace": "", "time_ms": 1778579208690, "event_type": "POINT_IN_TIME", "key": "seed", "value": 26563, "metadata": {"file": "/opt/venv/lib/python3.12/site-packages/primus_mllog/mlperf_sft.py", "lineno": 172}}
:::MLLOG {"namespace": "", "time_ms": 1778579208690, "event_type": "POINT_IN_TIME", "key": "opt_name", "value": "adamw", "metadata": {"file": "/opt/venv/lib/python3.12/site-packages/primus_mllog/mlperf_sft.py", "lineno": 172}}
:::MLLOG {"namespace": "", "time_ms": 1778579208690, "event_type": "POINT_IN_TIME", "key": "opt_base_learning_rate", "value": 0.0006, "metadata": {"file": "/opt/venv/lib/python3.12/site-packages/primus_mllog/mlperf_sft.py", "lineno": 172}}
:::MLLOG {"namespace": "", "time_ms": 1778579208690, "event_type": "POINT_IN_TIME", "key": "opt_adamw_beta_1", "value": 0.9, "metadata": {"file": "/opt/venv/lib/python3.12/site-packages/primus_mllog/mlperf_sft.py", "lineno": 172}}
:::MLLOG {"namespace": "", "time_ms": 1778579208690, "event_type": "POINT_IN_TIME", "key": "opt_adamw_beta_2", "value": 0.999, "metadata": {"file": "/opt/venv/lib/python3.12/site-packages/primus_mllog/mlperf_sft.py", "lineno": 172}}
:::MLLOG {"namespace": "", "time_ms": 1778579208690, "event_type": "POINT_IN_TIME", "key": "opt_adamw_epsilon", "value": 1e-08, "metadata": {"file": "/opt/venv/lib/python3.12/site-packages/primus_mllog/mlperf_sft.py", "lineno": 172}}
:::MLLOG {"namespace": "", "time_ms": 1778579208690, "event_type": "POINT_IN_TIME", "key": "opt_adamw_weight_decay", "value": 0.0001, "metadata": {"file": "/opt/venv/lib/python3.12/site-packages/primus_mllog/mlperf_sft.py", "lineno": 172}}
:::MLLOG {"namespace": "", "time_ms": 1778579208690, "event_type": "POINT_IN_TIME", "key": "opt_gradient_clip_norm", "value": 0.3, "metadata": {"file": "/opt/venv/lib/python3.12/site-packages/primus_mllog/mlperf_sft.py", "lineno": 172}}
:::MLLOG {"namespace": "", "time_ms": 1778579208690, "event_type": "POINT_IN_TIME", "key": "opt_learning_rate_warmup_factor", "value": 0.0, "metadata": {"file": "/opt/venv/lib/python3.12/site-packages/primus_mllog/mlperf_sft.py", "lineno": 172}}
:::MLLOG {"namespace": "", "time_ms": 1778579208690, "event_type": "POINT_IN_TIME", "key": "opt_learning_rate_training_steps", "value": 550, "metadata": {"file": "/opt/venv/lib/python3.12/site-packages/primus_mllog/mlperf_sft.py", "lineno": 172}}
:::MLLOG {"namespace": "", "time_ms": 1778579208690, "event_type": "POINT_IN_TIME", "key": "max_sequence_length", "value": 8192, "metadata": {"file": "/opt/venv/lib/python3.12/site-packages/primus_mllog/mlperf_sft.py", "lineno": 172}}
:::MLLOG {"namespace": "", "time_ms": 1778579208690, "event_type": "POINT_IN_TIME", "key": "max_steps", "value": 550, "metadata": {"file": "/opt/venv/lib/python3.12/site-packages/primus_mllog/mlperf_sft.py", "lineno": 172}}
:::MLLOG {"namespace": "", "time_ms": 1778579208690, "event_type": "POINT_IN_TIME", "key": "lora_rank", "value": 16, "metadata": {"file": "/opt/venv/lib/python3.12/site-packages/primus_mllog/mlperf_sft.py", "lineno": 172}}
:::MLLOG {"namespace": "", "time_ms": 1778579208690, "event_type": "POINT_IN_TIME", "key": "lora_alpha", "value": 32, "metadata": {"file": "/opt/venv/lib/python3.12/site-packages/primus_mllog/mlperf_sft.py", "lineno": 172}}
:::MLLOG {"namespace": "", "time_ms": 1778579208690, "event_type": "POINT_IN_TIME", "key": "tensor_parallelism", "value": 1, "metadata": {"file": "/opt/venv/lib/python3.12/site-packages/primus_mllog/mlperf_sft.py", "lineno": 172}}
:::MLLOG {"namespace": "", "time_ms": 1778579208690, "event_type": "POINT_IN_TIME", "key": "pipeline_parallelism", "value": 1, "metadata": {"file": "/opt/venv/lib/python3.12/site-packages/primus_mllog/mlperf_sft.py", "lineno": 172}}
:::MLLOG {"namespace": "", "time_ms": 1778579208690, "event_type": "POINT_IN_TIME", "key": "context_parallelism", "value": 1, "metadata": {"file": "/opt/venv/lib/python3.12/site-packages/primus_mllog/mlperf_sft.py", "lineno": 172}}
:::MLLOG {"namespace": "", "time_ms": 1778579208690, "event_type": "POINT_IN_TIME", "key": "expert_parallelism", "value": 1, "metadata": {"file": "/opt/venv/lib/python3.12/site-packages/primus_mllog/mlperf_sft.py", "lineno": 172}}
:::MLLOG {"namespace": "", "time_ms": 1778579208691, "event_type": "POINT_IN_TIME", "key": "micro_batch_size", "value": 1, "metadata": {"file": "/opt/venv/lib/python3.12/site-packages/primus_mllog/mlperf_sft.py", "lineno": 172}}
:::MLLOG {"namespace": "", "time_ms": 1778579208691, "event_type": "POINT_IN_TIME", "key": "config_filename", "value": "config_MI355X_1x8x1.sh", "metadata": {"file": "/opt/venv/lib/python3.12/site-packages/primus_mllog/mlperf_sft.py", "lineno": 172}}
:::MLLOG {"namespace": "", "time_ms": 1778579208691, "event_type": "POINT_IN_TIME", "key": "lowest_numerical_precision_linear", "value": "mxfp4", "metadata": {"file": "/opt/venv/lib/python3.12/site-packages/primus_mllog/mlperf_sft.py", "lineno": 172}}
:::MLLOG {"namespace": "", "time_ms": 1778579400914, "event_type": "INTERVAL_END", "key": "init_stop", "value": null, "metadata": {"file": "/opt/venv/lib/python3.12/site-packages/primus_mllog/mlperf_sft.py", "lineno": 186}}
:::MLLOG {"namespace": "", "time_ms": 1778579400915, "event_type": "INTERVAL_START", "key": "run_start", "value": null, "metadata": {"file": "/opt/venv/lib/python3.12/site-packages/primus_mllog/mlperf_sft.py", "lineno": 187}}
:::MLLOG {"namespace": "", "time_ms": 1778579400915, "event_type": "INTERVAL_START", "key": "epoch_start", "value": null, "metadata": {"file": "/opt/venv/lib/python3.12/site-packages/primus_mllog/mlperf_sft.py", "lineno": 189, "samples_count": 0}}
:::MLLOG {"namespace": "", "time_ms": 1778579400915, "event_type": "INTERVAL_START", "key": "block_start", "value": null, "metadata": {"file": "/opt/venv/lib/python3.12/site-packages/primus_mllog/mlperf_sft.py", "lineno": 192, "samples_count": 0}}
:::MLLOG {"namespace": "", "time_ms": 1778579608434, "event_type": "INTERVAL_END", "key": "block_stop", "value": null, "metadata": {"file": "/opt/venv/lib/python3.12/site-packages/primus_mllog/mlperf_sft.py", "lineno": 243, "samples_count": 1536}}
:::MLLOG {"namespace": "", "time_ms": 1778579608434, "event_type": "INTERVAL_START", "key": "eval_start", "value": null, "metadata": {"file": "/opt/venv/lib/python3.12/site-packages/primus_mllog/mlperf_sft.py", "lineno": 247, "samples_count": 1536}}
:::MLLOG {"namespace": "", "time_ms": 1778579618308, "event_type": "POINT_IN_TIME", "key": "eval_accuracy", "value": 1.0216259956359863, "metadata": {"file": "/opt/venv/lib/python3.12/site-packages/primus_mllog/mlperf_sft.py", "lineno": 264, "samples_count": 1536}}
:::MLLOG {"namespace": "", "time_ms": 1778579618308, "event_type": "INTERVAL_END", "key": "eval_stop", "value": null, "metadata": {"file": "/opt/venv/lib/python3.12/site-packages/primus_mllog/mlperf_sft.py", "lineno": 277, "samples_count": 1536}}
:::MLLOG {"namespace": "", "time_ms": 1778579618308, "event_type": "INTERVAL_START", "key": "block_start", "value": null, "metadata": {"file": "/opt/venv/lib/python3.12/site-packages/primus_mllog/mlperf_sft.py", "lineno": 283, "samples_count": 1536}}
:::MLLOG {"namespace": "", "time_ms": 1778579669607, "event_type": "INTERVAL_END", "key": "block_stop", "value": null, "metadata": {"file": "/opt/venv/lib/python3.12/site-packages/primus_mllog/mlperf_sft.py", "lineno": 243, "samples_count": 1920}}
:::MLLOG {"namespace": "", "time_ms": 1778579669607, "event_type": "INTERVAL_START", "key": "eval_start", "value": null, "metadata": {"file": "/opt/venv/lib/python3.12/site-packages/primus_mllog/mlperf_sft.py", "lineno": 247, "samples_count": 1920}}
:::MLLOG {"namespace": "", "time_ms": 1778579679351, "event_type": "POINT_IN_TIME", "key": "eval_accuracy", "value": 0.9614661335945129, "metadata": {"file": "/opt/venv/lib/python3.12/site-packages/primus_mllog/mlperf_sft.py", "lineno": 264, "samples_count": 1920}}
:::MLLOG {"namespace": "", "time_ms": 1778579679351, "event_type": "INTERVAL_END", "key": "eval_stop", "value": null, "metadata": {"file": "/opt/venv/lib/python3.12/site-packages/primus_mllog/mlperf_sft.py", "lineno": 277, "samples_count": 1920}}
:::MLLOG {"namespace": "", "time_ms": 1778579679351, "event_type": "INTERVAL_START", "key": "block_start", "value": null, "metadata": {"file": "/opt/venv/lib/python3.12/site-packages/primus_mllog/mlperf_sft.py", "lineno": 283, "samples_count": 1920}}
:::MLLOG {"namespace": "", "time_ms": 1778579731338, "event_type": "INTERVAL_END", "key": "block_stop", "value": null, "metadata": {"file": "/opt/venv/lib/python3.12/site-packages/primus_mllog/mlperf_sft.py", "lineno": 243, "samples_count": 2304}}
:::MLLOG {"namespace": "", "time_ms": 1778579731338, "event_type": "INTERVAL_START", "key": "eval_start", "value": null, "metadata": {"file": "/opt/venv/lib/python3.12/site-packages/primus_mllog/mlperf_sft.py", "lineno": 247, "samples_count": 2304}}
:::MLLOG {"namespace": "", "time_ms": 1778579741083, "event_type": "POINT_IN_TIME", "key": "eval_accuracy", "value": 0.9558203816413879, "metadata": {"file": "/opt/venv/lib/python3.12/site-packages/primus_mllog/mlperf_sft.py", "lineno": 264, "samples_count": 2304}}
:::MLLOG {"namespace": "", "time_ms": 1778579741084, "event_type": "INTERVAL_END", "key": "eval_stop", "value": null, "metadata": {"file": "/opt/venv/lib/python3.12/site-packages/primus_mllog/mlperf_sft.py", "lineno": 277, "samples_count": 2304}}
:::MLLOG {"namespace": "", "time_ms": 1778579741084, "event_type": "INTERVAL_START", "key": "block_start", "value": null, "metadata": {"file": "/opt/venv/lib/python3.12/site-packages/primus_mllog/mlperf_sft.py", "lineno": 283, "samples_count": 2304}}
:::MLLOG {"namespace": "", "time_ms": 1778579792384, "event_type": "INTERVAL_END", "key": "block_stop", "value": null, "metadata": {"file": "/opt/venv/lib/python3.12/site-packages/primus_mllog/mlperf_sft.py", "lineno": 243, "samples_count": 2688}}
:::MLLOG {"namespace": "", "time_ms": 1778579792385, "event_type": "INTERVAL_START", "key": "eval_start", "value": null, "metadata": {"file": "/opt/venv/lib/python3.12/site-packages/primus_mllog/mlperf_sft.py", "lineno": 247, "samples_count": 2688}}
:::MLLOG {"namespace": "", "time_ms": 1778579802129, "event_type": "POINT_IN_TIME", "key": "eval_accuracy", "value": 0.9511892795562744, "metadata": {"file": "/opt/venv/lib/python3.12/site-packages/primus_mllog/mlperf_sft.py", "lineno": 264, "samples_count": 2688}}
:::MLLOG {"namespace": "", "time_ms": 1778579802130, "event_type": "INTERVAL_END", "key": "eval_stop", "value": null, "metadata": {"file": "/opt/venv/lib/python3.12/site-packages/primus_mllog/mlperf_sft.py", "lineno": 277, "samples_count": 2688}}
:::MLLOG {"namespace": "", "time_ms": 1778579802130, "event_type": "INTERVAL_START", "key": "block_start", "value": null, "metadata": {"file": "/opt/venv/lib/python3.12/site-packages/primus_mllog/mlperf_sft.py", "lineno": 283, "samples_count": 2688}}
:::MLLOG {"namespace": "", "time_ms": 1778579872456, "event_type": "INTERVAL_END", "key": "block_stop", "value": null, "metadata": {"file": "/opt/venv/lib/python3.12/site-packages/primus_mllog/mlperf_sft.py", "lineno": 243, "samples_count": 3072}}
:::MLLOG {"namespace": "", "time_ms": 1778579872456, "event_type": "INTERVAL_START", "key": "eval_start", "value": null, "metadata": {"file": "/opt/venv/lib/python3.12/site-packages/primus_mllog/mlperf_sft.py", "lineno": 247, "samples_count": 3072}}
:::MLLOG {"namespace": "", "time_ms": 1778579885196, "event_type": "POINT_IN_TIME", "key": "eval_accuracy", "value": 0.9251921772956848, "metadata": {"file": "/opt/venv/lib/python3.12/site-packages/primus_mllog/mlperf_sft.py", "lineno": 264, "samples_count": 3072}}
:::MLLOG {"namespace": "", "time_ms": 1778579885197, "event_type": "INTERVAL_END", "key": "eval_stop", "value": null, "metadata": {"file": "/opt/venv/lib/python3.12/site-packages/primus_mllog/mlperf_sft.py", "lineno": 277, "samples_count": 3072}}
:::MLLOG {"namespace": "", "time_ms": 1778579885197, "event_type": "INTERVAL_START", "key": "block_start", "value": null, "metadata": {"file": "/opt/venv/lib/python3.12/site-packages/primus_mllog/mlperf_sft.py", "lineno": 283, "samples_count": 3072}}
:::MLLOG {"namespace": "", "time_ms": 1778579951970, "event_type": "INTERVAL_END", "key": "block_stop", "value": null, "metadata": {"file": "/opt/venv/lib/python3.12/site-packages/primus_mllog/mlperf_sft.py", "lineno": 243, "samples_count": 3456}}
:::MLLOG {"namespace": "", "time_ms": 1778579951970, "event_type": "INTERVAL_START", "key": "eval_start", "value": null, "metadata": {"file": "/opt/venv/lib/python3.12/site-packages/primus_mllog/mlperf_sft.py", "lineno": 247, "samples_count": 3456}}
:::MLLOG {"namespace": "", "time_ms": 1778579964741, "event_type": "POINT_IN_TIME", "key": "eval_accuracy", "value": 0.9230182766914368, "metadata": {"file": "/opt/venv/lib/python3.12/site-packages/primus_mllog/mlperf_sft.py", "lineno": 264, "samples_count": 3456}}
:::MLLOG {"namespace": "", "time_ms": 1778579964742, "event_type": "INTERVAL_END", "key": "eval_stop", "value": null, "metadata": {"file": "/opt/venv/lib/python3.12/site-packages/primus_mllog/mlperf_sft.py", "lineno": 277, "samples_count": 3456}}
:::MLLOG {"namespace": "", "time_ms": 1778579964748, "event_type": "INTERVAL_END", "key": "epoch_stop", "value": null, "metadata": {"file": "/opt/venv/lib/python3.12/site-packages/primus_mllog/mlperf_sft.py", "lineno": 305, "samples_count": 3456}}
:::MLLOG {"namespace": "", "time_ms": 1778579964749, "event_type": "INTERVAL_END", "key": "run_stop", "value": null, "metadata": {"file": "/opt/venv/lib/python3.12/site-packages/primus_mllog/mlperf_sft.py", "lineno": 319, "samples_count": 3456, "status": "success"}}
:::MLLOG {"namespace": "", "time_ms": 1778579964749, "event_type": "POINT_IN_TIME", "key": "run_duration", "value": "563.83s -> 9.4 minutes", "metadata": {"file": "/opt/venv/lib/python3.12/site-packages/primus_mllog/mlperf_sft.py", "lineno": 331, "samples": 3456}}
:::MLLOG {"namespace": "", "time_ms": 1778579964749, "event_type": "POINT_IN_TIME", "key": "throughput", "value": 6.13, "metadata": {"file": "/opt/venv/lib/python3.12/site-packages/primus_mllog/mlperf_sft.py", "lineno": 336, "samples": 3456}}
RESULT,LLAMA2_70B_LORA_SFT,,815,AMD,2026-05-12 09:46:15 AM
Beginning trial 5 of 10
Clearing cache on mi355mlperf
vm.drop_caches = 3
launching experiment using: --env=AITER_CONFIG_GEMM_A4W4 --env=AITER_LOG_LEVEL --env=AITER_LOG_MORE --env=AITER_LOG_TUNED_CONFIG --env=CP --env=CUBLAS_FORCE_XMMA_KERNEL_INIT --env=CUDA_DEVICE_MAX_CONNECTIONS --env=CUDNN_FRONTEND_ATTN_DP_WORKSPACE_LIMIT --env=DATA_PATH --env=DGXSYSTEM --env=ENABLE_MLLOG --env=ENABLE_TRANSPOSE_CACHE --env=EXP --env=FP4 --env=FP4_RECIPE --env=FP8 --env=FP8_ACT --env=FP8_ACTIVATION --env=FP8_AMAX_ALGO --env=FP8_AMAX_HISTORY --env=FP8_DPA --env=FP8_REDUCE_AMAX --env=FUSED_SOFTMAX --env=GPUS_PER_NODE --env=GPU_MAX_HW_QUEUES --env=HEALING_ITER --env=HEALING_PRECISION --env=HSA_ENABLE_INTERRUPT --env=HSA_ENABLE_SDMA --env=HSA_NO_SCRATCH_RECLAIM --env=HYDRA_FULL_ERROR --env=LOAD_CKPT --env=LOGGING_INTERVAL --env=LORA_A2A --env=LR --env=MASTER_ADDR --env=MASTER_PORT --env=MAX_STEPS --env=MBS --env=MCORE_CUDA_GRAPH --env=MC_TP_OVERLAP_AG --env=MC_TP_OVERLAP_RS --env=MC_TP_OVERLAP_RS_DGRAD --env=MEGATRON_BRIDGE_LOGGING_LEVEL --env=MINIBS --env=MLLOG_CONFIG_FILENAME --env=MLLOG_CONTEXT_PARALLELISM --env=MLLOG_EXPERT_PARALLELISM --env=MLLOG_LOWEST_NUMERICAL_PRECISION_LINEAR --env=MLLOG_MICRO_BATCH_SIZE --env=MLLOG_OUTPUT_FILE --env=MLLOG_PIPELINE_PARALLELISM --env=MLLOG_SUBMISSION_BENCHMARK --env=MLLOG_SUBMISSION_DIVISION --env=MLLOG_SUBMISSION_ORG --env=MLLOG_SUBMISSION_PLATFORM --env=MLLOG_TARGET_EVAL_LOSS --env=MLLOG_TENSOR_PARALLELISM --env=MLLOG_TRAIN_LOSS_LOG_FREQ --env=NCCL_CHECKS_DISABLE --env=NCCL_MIN_CTAS --env=NCCL_MIN_P2P_NCHANNELS --env=NCCL_NCHANNELS_PER_NET_PEER --env=NCCL_NVLS_ENABLE --env=NEXP --env=NNODES --env=NODE_RANK --env=NVTE_CK_IS_V3_ATOMIC_FP32 --env=NVTE_CK_USES_BWD_V3 --env=NVTE_CK_USES_FWD_V3 --env=NVTE_DEBUG --env=NVTE_DEBUG_LEVEL --env=NVTE_FP4_LOG_GEMM_SHAPES --env=NVTE_FP8_DPA_BWD --env=NVTE_FUSED_ATTN --env=NVTE_FUSED_ATTN_AOTRITON --env=NVTE_FUSED_ATTN_CK --env=NVTE_MXFP4_USE_HADAMARD --env=NVTE_RS_STRIDED_ATOMIC --env=NVTE_USE_AITER_ROPE --env=NVTE_USE_CAST_TRANSPOSE_TRITON --env=NVTE_USE_HIPBLASLT --env=NVTE_USE_OPTIMIZED_HIPIFIED_CAST_TRANSPOSE --env=NVTE_USE_RMSNORM_TRITON --env=OMP_NUM_THREADS --env=PACKED_METADATA_PATH --env=PACKED_TRAIN_DATA_PATH --env=PACKED_VAL_DATA_PATH --env=POSSIBLE_USER_WARNINGS --env=PP --env=PRETRAINED_CHECKPOINT --env=PRE_QUANTIZED_MODEL --env=PRIMUS_LOG_LEVEL --env=PRIMUS_PATH --env=PROFILE_RPD --env=PT_TENSOR_VALIDATION --env=PYTHONPATH --env=PYTHONWARNINGS --env=RECOMPUTE_GRANULARITY --env=RECOMPUTE_METHOD --env=RECOMPUTE_NUM_LAYERS --env=RESET_CG_AFTER_HEALING --env=RMSNORM_CAST --env=SKIP_EVALS --env=SP --env=SYNTH_WARMUP_STEPS --env=SYNTH_WARMUP_VALID_STEPS --env=TORCH_BLAS_PREFER_HIPBLASLT --env=TORCH_NCCL_HIGH_PRIORITY --env=TP --env=TP_COMM_OVERLAP --env=USE_HIPBLASLT --env=USE_TE_SWIGLU --env=VAL_CHECK_INTERVAL --env=VBOOST_VALUE --env=DATADIR --env=DGXSYSTEM --env=PROFILER --env=LOGDIR --env=HF_TOKEN --env=SEED=8065 mlperf_llama2_sft_primus /workspace/code/run_and_time.sh
:::MLLOG {"namespace": "", "time_ms": 1778580029379, "event_type": "POINT_IN_TIME", "key": "cache_clear", "value": true, "metadata": {"file": "/opt/venv/lib/python3.12/site-packages/primus_mllog/mlperf_logger.py", "lineno": 41}}
:::MLLOG {"namespace": "", "time_ms": 1778580029379, "event_type": "POINT_IN_TIME", "key": "init_start", "value": null, "metadata": {"file": "/opt/venv/lib/python3.12/site-packages/primus_mllog/mlperf_logger.py", "lineno": 41}}
:::MLLOG {"namespace": "", "time_ms": 1778580029688, "event_type": "POINT_IN_TIME", "key": "submission_benchmark", "value": "llama2_70b_lora", "metadata": {"file": "/opt/venv/lib/python3.12/site-packages/primus_mllog/mlperf_sft.py", "lineno": 120}}
:::MLLOG {"namespace": "", "time_ms": 1778580029696, "event_type": "POINT_IN_TIME", "key": "submission_org", "value": "AMD", "metadata": {"file": "/opt/venv/lib/python3.12/site-packages/primus_mllog/mlperf_sft.py", "lineno": 124}}
:::MLLOG {"namespace": "", "time_ms": 1778580029696, "event_type": "POINT_IN_TIME", "key": "submission_division", "value": "closed", "metadata": {"file": "/opt/venv/lib/python3.12/site-packages/primus_mllog/mlperf_sft.py", "lineno": 128}}
:::MLLOG {"namespace": "", "time_ms": 1778580029696, "event_type": "POINT_IN_TIME", "key": "submission_platform", "value": "MI355X", "metadata": {"file": "/opt/venv/lib/python3.12/site-packages/primus_mllog/mlperf_sft.py", "lineno": 132}}
:::MLLOG {"namespace": "", "time_ms": 1778580029696, "event_type": "POINT_IN_TIME", "key": "submission_status", "value": "onprem", "metadata": {"file": "/opt/venv/lib/python3.12/site-packages/primus_mllog/mlperf_sft.py", "lineno": 136}}
:::MLLOG {"namespace": "", "time_ms": 1778580029696, "event_type": "POINT_IN_TIME", "key": "target_accuracy", "value": 0.925, "metadata": {"file": "/opt/venv/lib/python3.12/site-packages/primus_mllog/mlperf_sft.py", "lineno": 139}}
:::MLLOG {"namespace": "", "time_ms": 1778580029697, "event_type": "POINT_IN_TIME", "key": "global_batch_size", "value": 8, "metadata": {"file": "/opt/venv/lib/python3.12/site-packages/primus_mllog/mlperf_sft.py", "lineno": 172}}
:::MLLOG {"namespace": "", "time_ms": 1778580029697, "event_type": "POINT_IN_TIME", "key": "train_samples", "value": 3901, "metadata": {"file": "/opt/venv/lib/python3.12/site-packages/primus_mllog/mlperf_sft.py", "lineno": 172}}
:::MLLOG {"namespace": "", "time_ms": 1778580029697, "event_type": "POINT_IN_TIME", "key": "eval_samples", "value": 173, "metadata": {"file": "/opt/venv/lib/python3.12/site-packages/primus_mllog/mlperf_sft.py", "lineno": 172}}
:::MLLOG {"namespace": "", "time_ms": 1778580029697, "event_type": "POINT_IN_TIME", "key": "gradient_accumulation_steps", "value": 1, "metadata": {"file": "/opt/venv/lib/python3.12/site-packages/primus_mllog/mlperf_sft.py", "lineno": 172}}
:::MLLOG {"namespace": "", "time_ms": 1778580029697, "event_type": "POINT_IN_TIME", "key": "seed", "value": 8065, "metadata": {"file": "/opt/venv/lib/python3.12/site-packages/primus_mllog/mlperf_sft.py", "lineno": 172}}
:::MLLOG {"namespace": "", "time_ms": 1778580029697, "event_type": "POINT_IN_TIME", "key": "opt_name", "value": "adamw", "metadata": {"file": "/opt/venv/lib/python3.12/site-packages/primus_mllog/mlperf_sft.py", "lineno": 172}}
:::MLLOG {"namespace": "", "time_ms": 1778580029697, "event_type": "POINT_IN_TIME", "key": "opt_base_learning_rate", "value": 0.0006, "metadata": {"file": "/opt/venv/lib/python3.12/site-packages/primus_mllog/mlperf_sft.py", "lineno": 172}}
:::MLLOG {"namespace": "", "time_ms": 1778580029697, "event_type": "POINT_IN_TIME", "key": "opt_adamw_beta_1", "value": 0.9, "metadata": {"file": "/opt/venv/lib/python3.12/site-packages/primus_mllog/mlperf_sft.py", "lineno": 172}}
:::MLLOG {"namespace": "", "time_ms": 1778580029697, "event_type": "POINT_IN_TIME", "key": "opt_adamw_beta_2", "value": 0.999, "metadata": {"file": "/opt/venv/lib/python3.12/site-packages/primus_mllog/mlperf_sft.py", "lineno": 172}}
:::MLLOG {"namespace": "", "time_ms": 1778580029697, "event_type": "POINT_IN_TIME", "key": "opt_adamw_epsilon", "value": 1e-08, "metadata": {"file": "/opt/venv/lib/python3.12/site-packages/primus_mllog/mlperf_sft.py", "lineno": 172}}
:::MLLOG {"namespace": "", "time_ms": 1778580029697, "event_type": "POINT_IN_TIME", "key": "opt_adamw_weight_decay", "value": 0.0001, "metadata": {"file": "/opt/venv/lib/python3.12/site-packages/primus_mllog/mlperf_sft.py", "lineno": 172}}
:::MLLOG {"namespace": "", "time_ms": 1778580029697, "event_type": "POINT_IN_TIME", "key": "opt_gradient_clip_norm", "value": 0.3, "metadata": {"file": "/opt/venv/lib/python3.12/site-packages/primus_mllog/mlperf_sft.py", "lineno": 172}}
:::MLLOG {"namespace": "", "time_ms": 1778580029697, "event_type": "POINT_IN_TIME", "key": "opt_learning_rate_warmup_factor", "value": 0.0, "metadata": {"file": "/opt/venv/lib/python3.12/site-packages/primus_mllog/mlperf_sft.py", "lineno": 172}}
:::MLLOG {"namespace": "", "time_ms": 1778580029697, "event_type": "POINT_IN_TIME", "key": "opt_learning_rate_training_steps", "value": 550, "metadata": {"file": "/opt/venv/lib/python3.12/site-packages/primus_mllog/mlperf_sft.py", "lineno": 172}}
:::MLLOG {"namespace": "", "time_ms": 1778580029697, "event_type": "POINT_IN_TIME", "key": "max_sequence_length", "value": 8192, "metadata": {"file": "/opt/venv/lib/python3.12/site-packages/primus_mllog/mlperf_sft.py", "lineno": 172}}
:::MLLOG {"namespace": "", "time_ms": 1778580029697, "event_type": "POINT_IN_TIME", "key": "max_steps", "value": 550, "metadata": {"file": "/opt/venv/lib/python3.12/site-packages/primus_mllog/mlperf_sft.py", "lineno": 172}}
:::MLLOG {"namespace": "", "time_ms": 1778580029697, "event_type": "POINT_IN_TIME", "key": "lora_rank", "value": 16, "metadata": {"file": "/opt/venv/lib/python3.12/site-packages/primus_mllog/mlperf_sft.py", "lineno": 172}}
:::MLLOG {"namespace": "", "time_ms": 1778580029697, "event_type": "POINT_IN_TIME", "key": "lora_alpha", "value": 32, "metadata": {"file": "/opt/venv/lib/python3.12/site-packages/primus_mllog/mlperf_sft.py", "lineno": 172}}
:::MLLOG {"namespace": "", "time_ms": 1778580029698, "event_type": "POINT_IN_TIME", "key": "tensor_parallelism", "value": 1, "metadata": {"file": "/opt/venv/lib/python3.12/site-packages/primus_mllog/mlperf_sft.py", "lineno": 172}}
:::MLLOG {"namespace": "", "time_ms": 1778580029698, "event_type": "POINT_IN_TIME", "key": "pipeline_parallelism", "value": 1, "metadata": {"file": "/opt/venv/lib/python3.12/site-packages/primus_mllog/mlperf_sft.py", "lineno": 172}}
:::MLLOG {"namespace": "", "time_ms": 1778580029698, "event_type": "POINT_IN_TIME", "key": "context_parallelism", "value": 1, "metadata": {"file": "/opt/venv/lib/python3.12/site-packages/primus_mllog/mlperf_sft.py", "lineno": 172}}
:::MLLOG {"namespace": "", "time_ms": 1778580029698, "event_type": "POINT_IN_TIME", "key": "expert_parallelism", "value": 1, "metadata": {"file": "/opt/venv/lib/python3.12/site-packages/primus_mllog/mlperf_sft.py", "lineno": 172}}
:::MLLOG {"namespace": "", "time_ms": 1778580029698, "event_type": "POINT_IN_TIME", "key": "micro_batch_size", "value": 1, "metadata": {"file": "/opt/venv/lib/python3.12/site-packages/primus_mllog/mlperf_sft.py", "lineno": 172}}
:::MLLOG {"namespace": "", "time_ms": 1778580029698, "event_type": "POINT_IN_TIME", "key": "config_filename", "value": "config_MI355X_1x8x1.sh", "metadata": {"file": "/opt/venv/lib/python3.12/site-packages/primus_mllog/mlperf_sft.py", "lineno": 172}}
:::MLLOG {"namespace": "", "time_ms": 1778580029698, "event_type": "POINT_IN_TIME", "key": "lowest_numerical_precision_linear", "value": "mxfp4", "metadata": {"file": "/opt/venv/lib/python3.12/site-packages/primus_mllog/mlperf_sft.py", "lineno": 172}}
:::MLLOG {"namespace": "", "time_ms": 1778580222613, "event_type": "INTERVAL_END", "key": "init_stop", "value": null, "metadata": {"file": "/opt/venv/lib/python3.12/site-packages/primus_mllog/mlperf_sft.py", "lineno": 186}}
:::MLLOG {"namespace": "", "time_ms": 1778580222614, "event_type": "INTERVAL_START", "key": "run_start", "value": null, "metadata": {"file": "/opt/venv/lib/python3.12/site-packages/primus_mllog/mlperf_sft.py", "lineno": 187}}
:::MLLOG {"namespace": "", "time_ms": 1778580222614, "event_type": "INTERVAL_START", "key": "epoch_start", "value": null, "metadata": {"file": "/opt/venv/lib/python3.12/site-packages/primus_mllog/mlperf_sft.py", "lineno": 189, "samples_count": 0}}
:::MLLOG {"namespace": "", "time_ms": 1778580222614, "event_type": "INTERVAL_START", "key": "block_start", "value": null, "metadata": {"file": "/opt/venv/lib/python3.12/site-packages/primus_mllog/mlperf_sft.py", "lineno": 192, "samples_count": 0}}
:::MLLOG {"namespace": "", "time_ms": 1778580429740, "event_type": "INTERVAL_END", "key": "block_stop", "value": null, "metadata": {"file": "/opt/venv/lib/python3.12/site-packages/primus_mllog/mlperf_sft.py", "lineno": 243, "samples_count": 1536}}
:::MLLOG {"namespace": "", "time_ms": 1778580429740, "event_type": "INTERVAL_START", "key": "eval_start", "value": null, "metadata": {"file": "/opt/venv/lib/python3.12/site-packages/primus_mllog/mlperf_sft.py", "lineno": 247, "samples_count": 1536}}
:::MLLOG {"namespace": "", "time_ms": 1778580439585, "event_type": "POINT_IN_TIME", "key": "eval_accuracy", "value": 0.9678102135658264, "metadata": {"file": "/opt/venv/lib/python3.12/site-packages/primus_mllog/mlperf_sft.py", "lineno": 264, "samples_count": 1536}}
:::MLLOG {"namespace": "", "time_ms": 1778580439586, "event_type": "INTERVAL_END", "key": "eval_stop", "value": null, "metadata": {"file": "/opt/venv/lib/python3.12/site-packages/primus_mllog/mlperf_sft.py", "lineno": 277, "samples_count": 1536}}
:::MLLOG {"namespace": "", "time_ms": 1778580439586, "event_type": "INTERVAL_START", "key": "block_start", "value": null, "metadata": {"file": "/opt/venv/lib/python3.12/site-packages/primus_mllog/mlperf_sft.py", "lineno": 283, "samples_count": 1536}}
:::MLLOG {"namespace": "", "time_ms": 1778580490840, "event_type": "INTERVAL_END", "key": "block_stop", "value": null, "metadata": {"file": "/opt/venv/lib/python3.12/site-packages/primus_mllog/mlperf_sft.py", "lineno": 243, "samples_count": 1920}}
:::MLLOG {"namespace": "", "time_ms": 1778580490840, "event_type": "INTERVAL_START", "key": "eval_start", "value": null, "metadata": {"file": "/opt/venv/lib/python3.12/site-packages/primus_mllog/mlperf_sft.py", "lineno": 247, "samples_count": 1920}}
:::MLLOG {"namespace": "", "time_ms": 1778580500585, "event_type": "POINT_IN_TIME", "key": "eval_accuracy", "value": 0.9629691243171692, "metadata": {"file": "/opt/venv/lib/python3.12/site-packages/primus_mllog/mlperf_sft.py", "lineno": 264, "samples_count": 1920}}
:::MLLOG {"namespace": "", "time_ms": 1778580500586, "event_type": "INTERVAL_END", "key": "eval_stop", "value": null, "metadata": {"file": "/opt/venv/lib/python3.12/site-packages/primus_mllog/mlperf_sft.py", "lineno": 277, "samples_count": 1920}}
:::MLLOG {"namespace": "", "time_ms": 1778580500586, "event_type": "INTERVAL_START", "key": "block_start", "value": null, "metadata": {"file": "/opt/venv/lib/python3.12/site-packages/primus_mllog/mlperf_sft.py", "lineno": 283, "samples_count": 1920}}
:::MLLOG {"namespace": "", "time_ms": 1778580552497, "event_type": "INTERVAL_END", "key": "block_stop", "value": null, "metadata": {"file": "/opt/venv/lib/python3.12/site-packages/primus_mllog/mlperf_sft.py", "lineno": 243, "samples_count": 2304}}
:::MLLOG {"namespace": "", "time_ms": 1778580552497, "event_type": "INTERVAL_START", "key": "eval_start", "value": null, "metadata": {"file": "/opt/venv/lib/python3.12/site-packages/primus_mllog/mlperf_sft.py", "lineno": 247, "samples_count": 2304}}
:::MLLOG {"namespace": "", "time_ms": 1778580562240, "event_type": "POINT_IN_TIME", "key": "eval_accuracy", "value": 0.9558094143867493, "metadata": {"file": "/opt/venv/lib/python3.12/site-packages/primus_mllog/mlperf_sft.py", "lineno": 264, "samples_count": 2304}}
:::MLLOG {"namespace": "", "time_ms": 1778580562240, "event_type": "INTERVAL_END", "key": "eval_stop", "value": null, "metadata": {"file": "/opt/venv/lib/python3.12/site-packages/primus_mllog/mlperf_sft.py", "lineno": 277, "samples_count": 2304}}
:::MLLOG {"namespace": "", "time_ms": 1778580562240, "event_type": "INTERVAL_START", "key": "block_start", "value": null, "metadata": {"file": "/opt/venv/lib/python3.12/site-packages/primus_mllog/mlperf_sft.py", "lineno": 283, "samples_count": 2304}}
:::MLLOG {"namespace": "", "time_ms": 1778580613526, "event_type": "INTERVAL_END", "key": "block_stop", "value": null, "metadata": {"file": "/opt/venv/lib/python3.12/site-packages/primus_mllog/mlperf_sft.py", "lineno": 243, "samples_count": 2688}}
:::MLLOG {"namespace": "", "time_ms": 1778580613527, "event_type": "INTERVAL_START", "key": "eval_start", "value": null, "metadata": {"file": "/opt/venv/lib/python3.12/site-packages/primus_mllog/mlperf_sft.py", "lineno": 247, "samples_count": 2688}}
:::MLLOG {"namespace": "", "time_ms": 1778580623298, "event_type": "POINT_IN_TIME", "key": "eval_accuracy", "value": 0.9504770636558533, "metadata": {"file": "/opt/venv/lib/python3.12/site-packages/primus_mllog/mlperf_sft.py", "lineno": 264, "samples_count": 2688}}
:::MLLOG {"namespace": "", "time_ms": 1778580623298, "event_type": "INTERVAL_END", "key": "eval_stop", "value": null, "metadata": {"file": "/opt/venv/lib/python3.12/site-packages/primus_mllog/mlperf_sft.py", "lineno": 277, "samples_count": 2688}}
:::MLLOG {"namespace": "", "time_ms": 1778580623298, "event_type": "INTERVAL_START", "key": "block_start", "value": null, "metadata": {"file": "/opt/venv/lib/python3.12/site-packages/primus_mllog/mlperf_sft.py", "lineno": 283, "samples_count": 2688}}
:::MLLOG {"namespace": "", "time_ms": 1778580693534, "event_type": "INTERVAL_END", "key": "block_stop", "value": null, "metadata": {"file": "/opt/venv/lib/python3.12/site-packages/primus_mllog/mlperf_sft.py", "lineno": 243, "samples_count": 3072}}
:::MLLOG {"namespace": "", "time_ms": 1778580693534, "event_type": "INTERVAL_START", "key": "eval_start", "value": null, "metadata": {"file": "/opt/venv/lib/python3.12/site-packages/primus_mllog/mlperf_sft.py", "lineno": 247, "samples_count": 3072}}
:::MLLOG {"namespace": "", "time_ms": 1778580706319, "event_type": "POINT_IN_TIME", "key": "eval_accuracy", "value": 0.9266983866691589, "metadata": {"file": "/opt/venv/lib/python3.12/site-packages/primus_mllog/mlperf_sft.py", "lineno": 264, "samples_count": 3072}}
:::MLLOG {"namespace": "", "time_ms": 1778580706319, "event_type": "INTERVAL_END", "key": "eval_stop", "value": null, "metadata": {"file": "/opt/venv/lib/python3.12/site-packages/primus_mllog/mlperf_sft.py", "lineno": 277, "samples_count": 3072}}
:::MLLOG {"namespace": "", "time_ms": 1778580706319, "event_type": "INTERVAL_START", "key": "block_start", "value": null, "metadata": {"file": "/opt/venv/lib/python3.12/site-packages/primus_mllog/mlperf_sft.py", "lineno": 283, "samples_count": 3072}}
:::MLLOG {"namespace": "", "time_ms": 1778580772992, "event_type": "INTERVAL_END", "key": "block_stop", "value": null, "metadata": {"file": "/opt/venv/lib/python3.12/site-packages/primus_mllog/mlperf_sft.py", "lineno": 243, "samples_count": 3456}}
:::MLLOG {"namespace": "", "time_ms": 1778580772993, "event_type": "INTERVAL_START", "key": "eval_start", "value": null, "metadata": {"file": "/opt/venv/lib/python3.12/site-packages/primus_mllog/mlperf_sft.py", "lineno": 247, "samples_count": 3456}}
:::MLLOG {"namespace": "", "time_ms": 1778580785767, "event_type": "POINT_IN_TIME", "key": "eval_accuracy", "value": 0.9231910109519958, "metadata": {"file": "/opt/venv/lib/python3.12/site-packages/primus_mllog/mlperf_sft.py", "lineno": 264, "samples_count": 3456}}
:::MLLOG {"namespace": "", "time_ms": 1778580785768, "event_type": "INTERVAL_END", "key": "eval_stop", "value": null, "metadata": {"file": "/opt/venv/lib/python3.12/site-packages/primus_mllog/mlperf_sft.py", "lineno": 277, "samples_count": 3456}}
:::MLLOG {"namespace": "", "time_ms": 1778580785776, "event_type": "INTERVAL_END", "key": "epoch_stop", "value": null, "metadata": {"file": "/opt/venv/lib/python3.12/site-packages/primus_mllog/mlperf_sft.py", "lineno": 305, "samples_count": 3456}}
:::MLLOG {"namespace": "", "time_ms": 1778580785776, "event_type": "INTERVAL_END", "key": "run_stop", "value": null, "metadata": {"file": "/opt/venv/lib/python3.12/site-packages/primus_mllog/mlperf_sft.py", "lineno": 319, "samples_count": 3456, "status": "success"}}
:::MLLOG {"namespace": "", "time_ms": 1778580785776, "event_type": "POINT_IN_TIME", "key": "run_duration", "value": "563.16s -> 9.39 minutes", "metadata": {"file": "/opt/venv/lib/python3.12/site-packages/primus_mllog/mlperf_sft.py", "lineno": 331, "samples": 3456}}
:::MLLOG {"namespace": "", "time_ms": 1778580785776, "event_type": "POINT_IN_TIME", "key": "throughput", "value": 6.14, "metadata": {"file": "/opt/venv/lib/python3.12/site-packages/primus_mllog/mlperf_sft.py", "lineno": 336, "samples": 3456}}
RESULT,LLAMA2_70B_LORA_SFT,,816,AMD,2026-05-12 09:59:55 AM
Beginning trial 6 of 10
Clearing cache on mi355mlperf
vm.drop_caches = 3
launching experiment using: --env=AITER_CONFIG_GEMM_A4W4 --env=AITER_LOG_LEVEL --env=AITER_LOG_MORE --env=AITER_LOG_TUNED_CONFIG --env=CP --env=CUBLAS_FORCE_XMMA_KERNEL_INIT --env=CUDA_DEVICE_MAX_CONNECTIONS --env=CUDNN_FRONTEND_ATTN_DP_WORKSPACE_LIMIT --env=DATA_PATH --env=DGXSYSTEM --env=ENABLE_MLLOG --env=ENABLE_TRANSPOSE_CACHE --env=EXP --env=FP4 --env=FP4_RECIPE --env=FP8 --env=FP8_ACT --env=FP8_ACTIVATION --env=FP8_AMAX_ALGO --env=FP8_AMAX_HISTORY --env=FP8_DPA --env=FP8_REDUCE_AMAX --env=FUSED_SOFTMAX --env=GPUS_PER_NODE --env=GPU_MAX_HW_QUEUES --env=HEALING_ITER --env=HEALING_PRECISION --env=HSA_ENABLE_INTERRUPT --env=HSA_ENABLE_SDMA --env=HSA_NO_SCRATCH_RECLAIM --env=HYDRA_FULL_ERROR --env=LOAD_CKPT --env=LOGGING_INTERVAL --env=LORA_A2A --env=LR --env=MASTER_ADDR --env=MASTER_PORT --env=MAX_STEPS --env=MBS --env=MCORE_CUDA_GRAPH --env=MC_TP_OVERLAP_AG --env=MC_TP_OVERLAP_RS --env=MC_TP_OVERLAP_RS_DGRAD --env=MEGATRON_BRIDGE_LOGGING_LEVEL --env=MINIBS --env=MLLOG_CONFIG_FILENAME --env=MLLOG_CONTEXT_PARALLELISM --env=MLLOG_EXPERT_PARALLELISM --env=MLLOG_LOWEST_NUMERICAL_PRECISION_LINEAR --env=MLLOG_MICRO_BATCH_SIZE --env=MLLOG_OUTPUT_FILE --env=MLLOG_PIPELINE_PARALLELISM --env=MLLOG_SUBMISSION_BENCHMARK --env=MLLOG_SUBMISSION_DIVISION --env=MLLOG_SUBMISSION_ORG --env=MLLOG_SUBMISSION_PLATFORM --env=MLLOG_TARGET_EVAL_LOSS --env=MLLOG_TENSOR_PARALLELISM --env=MLLOG_TRAIN_LOSS_LOG_FREQ --env=NCCL_CHECKS_DISABLE --env=NCCL_MIN_CTAS --env=NCCL_MIN_P2P_NCHANNELS --env=NCCL_NCHANNELS_PER_NET_PEER --env=NCCL_NVLS_ENABLE --env=NEXP --env=NNODES --env=NODE_RANK --env=NVTE_CK_IS_V3_ATOMIC_FP32 --env=NVTE_CK_USES_BWD_V3 --env=NVTE_CK_USES_FWD_V3 --env=NVTE_DEBUG --env=NVTE_DEBUG_LEVEL --env=NVTE_FP4_LOG_GEMM_SHAPES --env=NVTE_FP8_DPA_BWD --env=NVTE_FUSED_ATTN --env=NVTE_FUSED_ATTN_AOTRITON --env=NVTE_FUSED_ATTN_CK --env=NVTE_MXFP4_USE_HADAMARD --env=NVTE_RS_STRIDED_ATOMIC --env=NVTE_USE_AITER_ROPE --env=NVTE_USE_CAST_TRANSPOSE_TRITON --env=NVTE_USE_HIPBLASLT --env=NVTE_USE_OPTIMIZED_HIPIFIED_CAST_TRANSPOSE --env=NVTE_USE_RMSNORM_TRITON --env=OMP_NUM_THREADS --env=PACKED_METADATA_PATH --env=PACKED_TRAIN_DATA_PATH --env=PACKED_VAL_DATA_PATH --env=POSSIBLE_USER_WARNINGS --env=PP --env=PRETRAINED_CHECKPOINT --env=PRE_QUANTIZED_MODEL --env=PRIMUS_LOG_LEVEL --env=PRIMUS_PATH --env=PROFILE_RPD --env=PT_TENSOR_VALIDATION --env=PYTHONPATH --env=PYTHONWARNINGS --env=RECOMPUTE_GRANULARITY --env=RECOMPUTE_METHOD --env=RECOMPUTE_NUM_LAYERS --env=RESET_CG_AFTER_HEALING --env=RMSNORM_CAST --env=SKIP_EVALS --env=SP --env=SYNTH_WARMUP_STEPS --env=SYNTH_WARMUP_VALID_STEPS --env=TORCH_BLAS_PREFER_HIPBLASLT --env=TORCH_NCCL_HIGH_PRIORITY --env=TP --env=TP_COMM_OVERLAP --env=USE_HIPBLASLT --env=USE_TE_SWIGLU --env=VAL_CHECK_INTERVAL --env=VBOOST_VALUE --env=DATADIR --env=DGXSYSTEM --env=PROFILER --env=LOGDIR --env=HF_TOKEN --env=SEED=27778 mlperf_llama2_sft_primus /workspace/code/run_and_time.sh
:::MLLOG {"namespace": "", "time_ms": 1778580851847, "event_type": "POINT_IN_TIME", "key": "cache_clear", "value": true, "metadata": {"file": "/opt/venv/lib/python3.12/site-packages/primus_mllog/mlperf_logger.py", "lineno": 41}}
:::MLLOG {"namespace": "", "time_ms": 1778580851847, "event_type": "POINT_IN_TIME", "key": "init_start", "value": null, "metadata": {"file": "/opt/venv/lib/python3.12/site-packages/primus_mllog/mlperf_logger.py", "lineno": 41}}
:::MLLOG {"namespace": "", "time_ms": 1778580852142, "event_type": "POINT_IN_TIME", "key": "submission_benchmark", "value": "llama2_70b_lora", "metadata": {"file": "/opt/venv/lib/python3.12/site-packages/primus_mllog/mlperf_sft.py", "lineno": 120}}
:::MLLOG {"namespace": "", "time_ms": 1778580852152, "event_type": "POINT_IN_TIME", "key": "submission_org", "value": "AMD", "metadata": {"file": "/opt/venv/lib/python3.12/site-packages/primus_mllog/mlperf_sft.py", "lineno": 124}}
:::MLLOG {"namespace": "", "time_ms": 1778580852152, "event_type": "POINT_IN_TIME", "key": "submission_division", "value": "closed", "metadata": {"file": "/opt/venv/lib/python3.12/site-packages/primus_mllog/mlperf_sft.py", "lineno": 128}}
:::MLLOG {"namespace": "", "time_ms": 1778580852152, "event_type": "POINT_IN_TIME", "key": "submission_platform", "value": "MI355X", "metadata": {"file": "/opt/venv/lib/python3.12/site-packages/primus_mllog/mlperf_sft.py", "lineno": 132}}
:::MLLOG {"namespace": "", "time_ms": 1778580852152, "event_type": "POINT_IN_TIME", "key": "submission_status", "value": "onprem", "metadata": {"file": "/opt/venv/lib/python3.12/site-packages/primus_mllog/mlperf_sft.py", "lineno": 136}}
:::MLLOG {"namespace": "", "time_ms": 1778580852152, "event_type": "POINT_IN_TIME", "key": "target_accuracy", "value": 0.925, "metadata": {"file": "/opt/venv/lib/python3.12/site-packages/primus_mllog/mlperf_sft.py", "lineno": 139}}
:::MLLOG {"namespace": "", "time_ms": 1778580852152, "event_type": "POINT_IN_TIME", "key": "global_batch_size", "value": 8, "metadata": {"file": "/opt/venv/lib/python3.12/site-packages/primus_mllog/mlperf_sft.py", "lineno": 172}}
:::MLLOG {"namespace": "", "time_ms": 1778580852152, "event_type": "POINT_IN_TIME", "key": "train_samples", "value": 3901, "metadata": {"file": "/opt/venv/lib/python3.12/site-packages/primus_mllog/mlperf_sft.py", "lineno": 172}}
:::MLLOG {"namespace": "", "time_ms": 1778580852152, "event_type": "POINT_IN_TIME", "key": "eval_samples", "value": 173, "metadata": {"file": "/opt/venv/lib/python3.12/site-packages/primus_mllog/mlperf_sft.py", "lineno": 172}}
:::MLLOG {"namespace": "", "time_ms": 1778580852152, "event_type": "POINT_IN_TIME", "key": "gradient_accumulation_steps", "value": 1, "metadata": {"file": "/opt/venv/lib/python3.12/site-packages/primus_mllog/mlperf_sft.py", "lineno": 172}}
:::MLLOG {"namespace": "", "time_ms": 1778580852152, "event_type": "POINT_IN_TIME", "key": "seed", "value": 27778, "metadata": {"file": "/opt/venv/lib/python3.12/site-packages/primus_mllog/mlperf_sft.py", "lineno": 172}}
:::MLLOG {"namespace": "", "time_ms": 1778580852152, "event_type": "POINT_IN_TIME", "key": "opt_name", "value": "adamw", "metadata": {"file": "/opt/venv/lib/python3.12/site-packages/primus_mllog/mlperf_sft.py", "lineno": 172}}
:::MLLOG {"namespace": "", "time_ms": 1778580852152, "event_type": "POINT_IN_TIME", "key": "opt_base_learning_rate", "value": 0.0006, "metadata": {"file": "/opt/venv/lib/python3.12/site-packages/primus_mllog/mlperf_sft.py", "lineno": 172}}
:::MLLOG {"namespace": "", "time_ms": 1778580852152, "event_type": "POINT_IN_TIME", "key": "opt_adamw_beta_1", "value": 0.9, "metadata": {"file": "/opt/venv/lib/python3.12/site-packages/primus_mllog/mlperf_sft.py", "lineno": 172}}
:::MLLOG {"namespace": "", "time_ms": 1778580852152, "event_type": "POINT_IN_TIME", "key": "opt_adamw_beta_2", "value": 0.999, "metadata": {"file": "/opt/venv/lib/python3.12/site-packages/primus_mllog/mlperf_sft.py", "lineno": 172}}
:::MLLOG {"namespace": "", "time_ms": 1778580852152, "event_type": "POINT_IN_TIME", "key": "opt_adamw_epsilon", "value": 1e-08, "metadata": {"file": "/opt/venv/lib/python3.12/site-packages/primus_mllog/mlperf_sft.py", "lineno": 172}}
:::MLLOG {"namespace": "", "time_ms": 1778580852153, "event_type": "POINT_IN_TIME", "key": "opt_adamw_weight_decay", "value": 0.0001, "metadata": {"file": "/opt/venv/lib/python3.12/site-packages/primus_mllog/mlperf_sft.py", "lineno": 172}}
:::MLLOG {"namespace": "", "time_ms": 1778580852153, "event_type": "POINT_IN_TIME", "key": "opt_gradient_clip_norm", "value": 0.3, "metadata": {"file": "/opt/venv/lib/python3.12/site-packages/primus_mllog/mlperf_sft.py", "lineno": 172}}
:::MLLOG {"namespace": "", "time_ms": 1778580852153, "event_type": "POINT_IN_TIME", "key": "opt_learning_rate_warmup_factor", "value": 0.0, "metadata": {"file": "/opt/venv/lib/python3.12/site-packages/primus_mllog/mlperf_sft.py", "lineno": 172}}
:::MLLOG {"namespace": "", "time_ms": 1778580852153, "event_type": "POINT_IN_TIME", "key": "opt_learning_rate_training_steps", "value": 550, "metadata": {"file": "/opt/venv/lib/python3.12/site-packages/primus_mllog/mlperf_sft.py", "lineno": 172}}
:::MLLOG {"namespace": "", "time_ms": 1778580852153, "event_type": "POINT_IN_TIME", "key": "max_sequence_length", "value": 8192, "metadata": {"file": "/opt/venv/lib/python3.12/site-packages/primus_mllog/mlperf_sft.py", "lineno": 172}}
:::MLLOG {"namespace": "", "time_ms": 1778580852153, "event_type": "POINT_IN_TIME", "key": "max_steps", "value": 550, "metadata": {"file": "/opt/venv/lib/python3.12/site-packages/primus_mllog/mlperf_sft.py", "lineno": 172}}
:::MLLOG {"namespace": "", "time_ms": 1778580852153, "event_type": "POINT_IN_TIME", "key": "lora_rank", "value": 16, "metadata": {"file": "/opt/venv/lib/python3.12/site-packages/primus_mllog/mlperf_sft.py", "lineno": 172}}
:::MLLOG {"namespace": "", "time_ms": 1778580852153, "event_type": "POINT_IN_TIME", "key": "lora_alpha", "value": 32, "metadata": {"file": "/opt/venv/lib/python3.12/site-packages/primus_mllog/mlperf_sft.py", "lineno": 172}}
:::MLLOG {"namespace": "", "time_ms": 1778580852153, "event_type": "POINT_IN_TIME", "key": "tensor_parallelism", "value": 1, "metadata": {"file": "/opt/venv/lib/python3.12/site-packages/primus_mllog/mlperf_sft.py", "lineno": 172}}
:::MLLOG {"namespace": "", "time_ms": 1778580852153, "event_type": "POINT_IN_TIME", "key": "pipeline_parallelism", "value": 1, "metadata": {"file": "/opt/venv/lib/python3.12/site-packages/primus_mllog/mlperf_sft.py", "lineno": 172}}
:::MLLOG {"namespace": "", "time_ms": 1778580852153, "event_type": "POINT_IN_TIME", "key": "context_parallelism", "value": 1, "metadata": {"file": "/opt/venv/lib/python3.12/site-packages/primus_mllog/mlperf_sft.py", "lineno": 172}}
:::MLLOG {"namespace": "", "time_ms": 1778580852153, "event_type": "POINT_IN_TIME", "key": "expert_parallelism", "value": 1, "metadata": {"file": "/opt/venv/lib/python3.12/site-packages/primus_mllog/mlperf_sft.py", "lineno": 172}}
:::MLLOG {"namespace": "", "time_ms": 1778580852153, "event_type": "POINT_IN_TIME", "key": "micro_batch_size", "value": 1, "metadata": {"file": "/opt/venv/lib/python3.12/site-packages/primus_mllog/mlperf_sft.py", "lineno": 172}}
:::MLLOG {"namespace": "", "time_ms": 1778580852153, "event_type": "POINT_IN_TIME", "key": "config_filename", "value": "config_MI355X_1x8x1.sh", "metadata": {"file": "/opt/venv/lib/python3.12/site-packages/primus_mllog/mlperf_sft.py", "lineno": 172}}
:::MLLOG {"namespace": "", "time_ms": 1778580852153, "event_type": "POINT_IN_TIME", "key": "lowest_numerical_precision_linear", "value": "mxfp4", "metadata": {"file": "/opt/venv/lib/python3.12/site-packages/primus_mllog/mlperf_sft.py", "lineno": 172}}
:::MLLOG {"namespace": "", "time_ms": 1778581042486, "event_type": "INTERVAL_END", "key": "init_stop", "value": null, "metadata": {"file": "/opt/venv/lib/python3.12/site-packages/primus_mllog/mlperf_sft.py", "lineno": 186}}
:::MLLOG {"namespace": "", "time_ms": 1778581042487, "event_type": "INTERVAL_START", "key": "run_start", "value": null, "metadata": {"file": "/opt/venv/lib/python3.12/site-packages/primus_mllog/mlperf_sft.py", "lineno": 187}}
:::MLLOG {"namespace": "", "time_ms": 1778581042487, "event_type": "INTERVAL_START", "key": "epoch_start", "value": null, "metadata": {"file": "/opt/venv/lib/python3.12/site-packages/primus_mllog/mlperf_sft.py", "lineno": 189, "samples_count": 0}}
:::MLLOG {"namespace": "", "time_ms": 1778581042487, "event_type": "INTERVAL_START", "key": "block_start", "value": null, "metadata": {"file": "/opt/venv/lib/python3.12/site-packages/primus_mllog/mlperf_sft.py", "lineno": 192, "samples_count": 0}}
:::MLLOG {"namespace": "", "time_ms": 1778581249974, "event_type": "INTERVAL_END", "key": "block_stop", "value": null, "metadata": {"file": "/opt/venv/lib/python3.12/site-packages/primus_mllog/mlperf_sft.py", "lineno": 243, "samples_count": 1536}}
:::MLLOG {"namespace": "", "time_ms": 1778581249975, "event_type": "INTERVAL_START", "key": "eval_start", "value": null, "metadata": {"file": "/opt/venv/lib/python3.12/site-packages/primus_mllog/mlperf_sft.py", "lineno": 247, "samples_count": 1536}}
:::MLLOG {"namespace": "", "time_ms": 1778581259854, "event_type": "POINT_IN_TIME", "key": "eval_accuracy", "value": 0.9766615033149719, "metadata": {"file": "/opt/venv/lib/python3.12/site-packages/primus_mllog/mlperf_sft.py", "lineno": 264, "samples_count": 1536}}
:::MLLOG {"namespace": "", "time_ms": 1778581259854, "event_type": "INTERVAL_END", "key": "eval_stop", "value": null, "metadata": {"file": "/opt/venv/lib/python3.12/site-packages/primus_mllog/mlperf_sft.py", "lineno": 277, "samples_count": 1536}}
:::MLLOG {"namespace": "", "time_ms": 1778581259855, "event_type": "INTERVAL_START", "key": "block_start", "value": null, "metadata": {"file": "/opt/venv/lib/python3.12/site-packages/primus_mllog/mlperf_sft.py", "lineno": 283, "samples_count": 1536}}
:::MLLOG {"namespace": "", "time_ms": 1778581311240, "event_type": "INTERVAL_END", "key": "block_stop", "value": null, "metadata": {"file": "/opt/venv/lib/python3.12/site-packages/primus_mllog/mlperf_sft.py", "lineno": 243, "samples_count": 1920}}
:::MLLOG {"namespace": "", "time_ms": 1778581311240, "event_type": "INTERVAL_START", "key": "eval_start", "value": null, "metadata": {"file": "/opt/venv/lib/python3.12/site-packages/primus_mllog/mlperf_sft.py", "lineno": 247, "samples_count": 1920}}
:::MLLOG {"namespace": "", "time_ms": 1778581321002, "event_type": "POINT_IN_TIME", "key": "eval_accuracy", "value": 0.9572189450263977, "metadata": {"file": "/opt/venv/lib/python3.12/site-packages/primus_mllog/mlperf_sft.py", "lineno": 264, "samples_count": 1920}}
:::MLLOG {"namespace": "", "time_ms": 1778581321003, "event_type": "INTERVAL_END", "key": "eval_stop", "value": null, "metadata": {"file": "/opt/venv/lib/python3.12/site-packages/primus_mllog/mlperf_sft.py", "lineno": 277, "samples_count": 1920}}
:::MLLOG {"namespace": "", "time_ms": 1778581321003, "event_type": "INTERVAL_START", "key": "block_start", "value": null, "metadata": {"file": "/opt/venv/lib/python3.12/site-packages/primus_mllog/mlperf_sft.py", "lineno": 283, "samples_count": 1920}}
:::MLLOG {"namespace": "", "time_ms": 1778581373023, "event_type": "INTERVAL_END", "key": "block_stop", "value": null, "metadata": {"file": "/opt/venv/lib/python3.12/site-packages/primus_mllog/mlperf_sft.py", "lineno": 243, "samples_count": 2304}}
:::MLLOG {"namespace": "", "time_ms": 1778581373023, "event_type": "INTERVAL_START", "key": "eval_start", "value": null, "metadata": {"file": "/opt/venv/lib/python3.12/site-packages/primus_mllog/mlperf_sft.py", "lineno": 247, "samples_count": 2304}}
:::MLLOG {"namespace": "", "time_ms": 1778581382785, "event_type": "POINT_IN_TIME", "key": "eval_accuracy", "value": 0.9508445858955383, "metadata": {"file": "/opt/venv/lib/python3.12/site-packages/primus_mllog/mlperf_sft.py", "lineno": 264, "samples_count": 2304}}
:::MLLOG {"namespace": "", "time_ms": 1778581382785, "event_type": "INTERVAL_END", "key": "eval_stop", "value": null, "metadata": {"file": "/opt/venv/lib/python3.12/site-packages/primus_mllog/mlperf_sft.py", "lineno": 277, "samples_count": 2304}}
:::MLLOG {"namespace": "", "time_ms": 1778581382785, "event_type": "INTERVAL_START", "key": "block_start", "value": null, "metadata": {"file": "/opt/venv/lib/python3.12/site-packages/primus_mllog/mlperf_sft.py", "lineno": 283, "samples_count": 2304}}
:::MLLOG {"namespace": "", "time_ms": 1778581434162, "event_type": "INTERVAL_END", "key": "block_stop", "value": null, "metadata": {"file": "/opt/venv/lib/python3.12/site-packages/primus_mllog/mlperf_sft.py", "lineno": 243, "samples_count": 2688}}
:::MLLOG {"namespace": "", "time_ms": 1778581434162, "event_type": "INTERVAL_START", "key": "eval_start", "value": null, "metadata": {"file": "/opt/venv/lib/python3.12/site-packages/primus_mllog/mlperf_sft.py", "lineno": 247, "samples_count": 2688}}
:::MLLOG {"namespace": "", "time_ms": 1778581443909, "event_type": "POINT_IN_TIME", "key": "eval_accuracy", "value": 0.9482918381690979, "metadata": {"file": "/opt/venv/lib/python3.12/site-packages/primus_mllog/mlperf_sft.py", "lineno": 264, "samples_count": 2688}}
:::MLLOG {"namespace": "", "time_ms": 1778581443910, "event_type": "INTERVAL_END", "key": "eval_stop", "value": null, "metadata": {"file": "/opt/venv/lib/python3.12/site-packages/primus_mllog/mlperf_sft.py", "lineno": 277, "samples_count": 2688}}
:::MLLOG {"namespace": "", "time_ms": 1778581443910, "event_type": "INTERVAL_START", "key": "block_start", "value": null, "metadata": {"file": "/opt/venv/lib/python3.12/site-packages/primus_mllog/mlperf_sft.py", "lineno": 283, "samples_count": 2688}}
:::MLLOG {"namespace": "", "time_ms": 1778581514207, "event_type": "INTERVAL_END", "key": "block_stop", "value": null, "metadata": {"file": "/opt/venv/lib/python3.12/site-packages/primus_mllog/mlperf_sft.py", "lineno": 243, "samples_count": 3072}}
:::MLLOG {"namespace": "", "time_ms": 1778581514207, "event_type": "INTERVAL_START", "key": "eval_start", "value": null, "metadata": {"file": "/opt/venv/lib/python3.12/site-packages/primus_mllog/mlperf_sft.py", "lineno": 247, "samples_count": 3072}}
:::MLLOG {"namespace": "", "time_ms": 1778581526987, "event_type": "POINT_IN_TIME", "key": "eval_accuracy", "value": 0.9242331385612488, "metadata": {"file": "/opt/venv/lib/python3.12/site-packages/primus_mllog/mlperf_sft.py", "lineno": 264, "samples_count": 3072}}
:::MLLOG {"namespace": "", "time_ms": 1778581526988, "event_type": "INTERVAL_END", "key": "eval_stop", "value": null, "metadata": {"file": "/opt/venv/lib/python3.12/site-packages/primus_mllog/mlperf_sft.py", "lineno": 277, "samples_count": 3072}}
:::MLLOG {"namespace": "", "time_ms": 1778581526996, "event_type": "INTERVAL_END", "key": "epoch_stop", "value": null, "metadata": {"file": "/opt/venv/lib/python3.12/site-packages/primus_mllog/mlperf_sft.py", "lineno": 305, "samples_count": 3072}}
:::MLLOG {"namespace": "", "time_ms": 1778581526996, "event_type": "INTERVAL_END", "key": "run_stop", "value": null, "metadata": {"file": "/opt/venv/lib/python3.12/site-packages/primus_mllog/mlperf_sft.py", "lineno": 319, "samples_count": 3072, "status": "success"}}
:::MLLOG {"namespace": "", "time_ms": 1778581526996, "event_type": "POINT_IN_TIME", "key": "run_duration", "value": "484.51s -> 8.08 minutes", "metadata": {"file": "/opt/venv/lib/python3.12/site-packages/primus_mllog/mlperf_sft.py", "lineno": 331, "samples": 3072}}
:::MLLOG {"namespace": "", "time_ms": 1778581526996, "event_type": "POINT_IN_TIME", "key": "throughput", "value": 6.34, "metadata": {"file": "/opt/venv/lib/python3.12/site-packages/primus_mllog/mlperf_sft.py", "lineno": 336, "samples": 3072}}
RESULT,LLAMA2_70B_LORA_SFT,,737,AMD,2026-05-12 10:13:36 AM
Beginning trial 7 of 10
Clearing cache on mi355mlperf
vm.drop_caches = 3
launching experiment using: --env=AITER_CONFIG_GEMM_A4W4 --env=AITER_LOG_LEVEL --env=AITER_LOG_MORE --env=AITER_LOG_TUNED_CONFIG --env=CP --env=CUBLAS_FORCE_XMMA_KERNEL_INIT --env=CUDA_DEVICE_MAX_CONNECTIONS --env=CUDNN_FRONTEND_ATTN_DP_WORKSPACE_LIMIT --env=DATA_PATH --env=DGXSYSTEM --env=ENABLE_MLLOG --env=ENABLE_TRANSPOSE_CACHE --env=EXP --env=FP4 --env=FP4_RECIPE --env=FP8 --env=FP8_ACT --env=FP8_ACTIVATION --env=FP8_AMAX_ALGO --env=FP8_AMAX_HISTORY --env=FP8_DPA --env=FP8_REDUCE_AMAX --env=FUSED_SOFTMAX --env=GPUS_PER_NODE --env=GPU_MAX_HW_QUEUES --env=HEALING_ITER --env=HEALING_PRECISION --env=HSA_ENABLE_INTERRUPT --env=HSA_ENABLE_SDMA --env=HSA_NO_SCRATCH_RECLAIM --env=HYDRA_FULL_ERROR --env=LOAD_CKPT --env=LOGGING_INTERVAL --env=LORA_A2A --env=LR --env=MASTER_ADDR --env=MASTER_PORT --env=MAX_STEPS --env=MBS --env=MCORE_CUDA_GRAPH --env=MC_TP_OVERLAP_AG --env=MC_TP_OVERLAP_RS --env=MC_TP_OVERLAP_RS_DGRAD --env=MEGATRON_BRIDGE_LOGGING_LEVEL --env=MINIBS --env=MLLOG_CONFIG_FILENAME --env=MLLOG_CONTEXT_PARALLELISM --env=MLLOG_EXPERT_PARALLELISM --env=MLLOG_LOWEST_NUMERICAL_PRECISION_LINEAR --env=MLLOG_MICRO_BATCH_SIZE --env=MLLOG_OUTPUT_FILE --env=MLLOG_PIPELINE_PARALLELISM --env=MLLOG_SUBMISSION_BENCHMARK --env=MLLOG_SUBMISSION_DIVISION --env=MLLOG_SUBMISSION_ORG --env=MLLOG_SUBMISSION_PLATFORM --env=MLLOG_TARGET_EVAL_LOSS --env=MLLOG_TENSOR_PARALLELISM --env=MLLOG_TRAIN_LOSS_LOG_FREQ --env=NCCL_CHECKS_DISABLE --env=NCCL_MIN_CTAS --env=NCCL_MIN_P2P_NCHANNELS --env=NCCL_NCHANNELS_PER_NET_PEER --env=NCCL_NVLS_ENABLE --env=NEXP --env=NNODES --env=NODE_RANK --env=NVTE_CK_IS_V3_ATOMIC_FP32 --env=NVTE_CK_USES_BWD_V3 --env=NVTE_CK_USES_FWD_V3 --env=NVTE_DEBUG --env=NVTE_DEBUG_LEVEL --env=NVTE_FP4_LOG_GEMM_SHAPES --env=NVTE_FP8_DPA_BWD --env=NVTE_FUSED_ATTN --env=NVTE_FUSED_ATTN_AOTRITON --env=NVTE_FUSED_ATTN_CK --env=NVTE_MXFP4_USE_HADAMARD --env=NVTE_RS_STRIDED_ATOMIC --env=NVTE_USE_AITER_ROPE --env=NVTE_USE_CAST_TRANSPOSE_TRITON --env=NVTE_USE_HIPBLASLT --env=NVTE_USE_OPTIMIZED_HIPIFIED_CAST_TRANSPOSE --env=NVTE_USE_RMSNORM_TRITON --env=OMP_NUM_THREADS --env=PACKED_METADATA_PATH --env=PACKED_TRAIN_DATA_PATH --env=PACKED_VAL_DATA_PATH --env=POSSIBLE_USER_WARNINGS --env=PP --env=PRETRAINED_CHECKPOINT --env=PRE_QUANTIZED_MODEL --env=PRIMUS_LOG_LEVEL --env=PRIMUS_PATH --env=PROFILE_RPD --env=PT_TENSOR_VALIDATION --env=PYTHONPATH --env=PYTHONWARNINGS --env=RECOMPUTE_GRANULARITY --env=RECOMPUTE_METHOD --env=RECOMPUTE_NUM_LAYERS --env=RESET_CG_AFTER_HEALING --env=RMSNORM_CAST --env=SKIP_EVALS --env=SP --env=SYNTH_WARMUP_STEPS --env=SYNTH_WARMUP_VALID_STEPS --env=TORCH_BLAS_PREFER_HIPBLASLT --env=TORCH_NCCL_HIGH_PRIORITY --env=TP --env=TP_COMM_OVERLAP --env=USE_HIPBLASLT --env=USE_TE_SWIGLU --env=VAL_CHECK_INTERVAL --env=VBOOST_VALUE --env=DATADIR --env=DGXSYSTEM --env=PROFILER --env=LOGDIR --env=HF_TOKEN --env=SEED=24068 mlperf_llama2_sft_primus /workspace/code/run_and_time.sh
:::MLLOG {"namespace": "", "time_ms": 1778581587966, "event_type": "POINT_IN_TIME", "key": "cache_clear", "value": true, "metadata": {"file": "/opt/venv/lib/python3.12/site-packages/primus_mllog/mlperf_logger.py", "lineno": 41}}
:::MLLOG {"namespace": "", "time_ms": 1778581587966, "event_type": "POINT_IN_TIME", "key": "init_start", "value": null, "metadata": {"file": "/opt/venv/lib/python3.12/site-packages/primus_mllog/mlperf_logger.py", "lineno": 41}}
:::MLLOG {"namespace": "", "time_ms": 1778581588536, "event_type": "POINT_IN_TIME", "key": "submission_benchmark", "value": "llama2_70b_lora", "metadata": {"file": "/opt/venv/lib/python3.12/site-packages/primus_mllog/mlperf_sft.py", "lineno": 120}}
:::MLLOG {"namespace": "", "time_ms": 1778581588543, "event_type": "POINT_IN_TIME", "key": "submission_org", "value": "AMD", "metadata": {"file": "/opt/venv/lib/python3.12/site-packages/primus_mllog/mlperf_sft.py", "lineno": 124}}
:::MLLOG {"namespace": "", "time_ms": 1778581588543, "event_type": "POINT_IN_TIME", "key": "submission_division", "value": "closed", "metadata": {"file": "/opt/venv/lib/python3.12/site-packages/primus_mllog/mlperf_sft.py", "lineno": 128}}
:::MLLOG {"namespace": "", "time_ms": 1778581588543, "event_type": "POINT_IN_TIME", "key": "submission_platform", "value": "MI355X", "metadata": {"file": "/opt/venv/lib/python3.12/site-packages/primus_mllog/mlperf_sft.py", "lineno": 132}}
:::MLLOG {"namespace": "", "time_ms": 1778581588543, "event_type": "POINT_IN_TIME", "key": "submission_status", "value": "onprem", "metadata": {"file": "/opt/venv/lib/python3.12/site-packages/primus_mllog/mlperf_sft.py", "lineno": 136}}
:::MLLOG {"namespace": "", "time_ms": 1778581588543, "event_type": "POINT_IN_TIME", "key": "target_accuracy", "value": 0.925, "metadata": {"file": "/opt/venv/lib/python3.12/site-packages/primus_mllog/mlperf_sft.py", "lineno": 139}}
:::MLLOG {"namespace": "", "time_ms": 1778581588543, "event_type": "POINT_IN_TIME", "key": "global_batch_size", "value": 8, "metadata": {"file": "/opt/venv/lib/python3.12/site-packages/primus_mllog/mlperf_sft.py", "lineno": 172}}
:::MLLOG {"namespace": "", "time_ms": 1778581588543, "event_type": "POINT_IN_TIME", "key": "train_samples", "value": 3901, "metadata": {"file": "/opt/venv/lib/python3.12/site-packages/primus_mllog/mlperf_sft.py", "lineno": 172}}
:::MLLOG {"namespace": "", "time_ms": 1778581588544, "event_type": "POINT_IN_TIME", "key": "eval_samples", "value": 173, "metadata": {"file": "/opt/venv/lib/python3.12/site-packages/primus_mllog/mlperf_sft.py", "lineno": 172}}
:::MLLOG {"namespace": "", "time_ms": 1778581588544, "event_type": "POINT_IN_TIME", "key": "gradient_accumulation_steps", "value": 1, "metadata": {"file": "/opt/venv/lib/python3.12/site-packages/primus_mllog/mlperf_sft.py", "lineno": 172}}
:::MLLOG {"namespace": "", "time_ms": 1778581588544, "event_type": "POINT_IN_TIME", "key": "seed", "value": 24068, "metadata": {"file": "/opt/venv/lib/python3.12/site-packages/primus_mllog/mlperf_sft.py", "lineno": 172}}
:::MLLOG {"namespace": "", "time_ms": 1778581588544, "event_type": "POINT_IN_TIME", "key": "opt_name", "value": "adamw", "metadata": {"file": "/opt/venv/lib/python3.12/site-packages/primus_mllog/mlperf_sft.py", "lineno": 172}}
:::MLLOG {"namespace": "", "time_ms": 1778581588544, "event_type": "POINT_IN_TIME", "key": "opt_base_learning_rate", "value": 0.0006, "metadata": {"file": "/opt/venv/lib/python3.12/site-packages/primus_mllog/mlperf_sft.py", "lineno": 172}}
:::MLLOG {"namespace": "", "time_ms": 1778581588544, "event_type": "POINT_IN_TIME", "key": "opt_adamw_beta_1", "value": 0.9, "metadata": {"file": "/opt/venv/lib/python3.12/site-packages/primus_mllog/mlperf_sft.py", "lineno": 172}}
:::MLLOG {"namespace": "", "time_ms": 1778581588544, "event_type": "POINT_IN_TIME", "key": "opt_adamw_beta_2", "value": 0.999, "metadata": {"file": "/opt/venv/lib/python3.12/site-packages/primus_mllog/mlperf_sft.py", "lineno": 172}}
:::MLLOG {"namespace": "", "time_ms": 1778581588544, "event_type": "POINT_IN_TIME", "key": "opt_adamw_epsilon", "value": 1e-08, "metadata": {"file": "/opt/venv/lib/python3.12/site-packages/primus_mllog/mlperf_sft.py", "lineno": 172}}
:::MLLOG {"namespace": "", "time_ms": 1778581588544, "event_type": "POINT_IN_TIME", "key": "opt_adamw_weight_decay", "value": 0.0001, "metadata": {"file": "/opt/venv/lib/python3.12/site-packages/primus_mllog/mlperf_sft.py", "lineno": 172}}
:::MLLOG {"namespace": "", "time_ms": 1778581588544, "event_type": "POINT_IN_TIME", "key": "opt_gradient_clip_norm", "value": 0.3, "metadata": {"file": "/opt/venv/lib/python3.12/site-packages/primus_mllog/mlperf_sft.py", "lineno": 172}}
:::MLLOG {"namespace": "", "time_ms": 1778581588544, "event_type": "POINT_IN_TIME", "key": "opt_learning_rate_warmup_factor", "value": 0.0, "metadata": {"file": "/opt/venv/lib/python3.12/site-packages/primus_mllog/mlperf_sft.py", "lineno": 172}}
:::MLLOG {"namespace": "", "time_ms": 1778581588544, "event_type": "POINT_IN_TIME", "key": "opt_learning_rate_training_steps", "value": 550, "metadata": {"file": "/opt/venv/lib/python3.12/site-packages/primus_mllog/mlperf_sft.py", "lineno": 172}}
:::MLLOG {"namespace": "", "time_ms": 1778581588544, "event_type": "POINT_IN_TIME", "key": "max_sequence_length", "value": 8192, "metadata": {"file": "/opt/venv/lib/python3.12/site-packages/primus_mllog/mlperf_sft.py", "lineno": 172}}
:::MLLOG {"namespace": "", "time_ms": 1778581588544, "event_type": "POINT_IN_TIME", "key": "max_steps", "value": 550, "metadata": {"file": "/opt/venv/lib/python3.12/site-packages/primus_mllog/mlperf_sft.py", "lineno": 172}}
:::MLLOG {"namespace": "", "time_ms": 1778581588544, "event_type": "POINT_IN_TIME", "key": "lora_rank", "value": 16, "metadata": {"file": "/opt/venv/lib/python3.12/site-packages/primus_mllog/mlperf_sft.py", "lineno": 172}}
:::MLLOG {"namespace": "", "time_ms": 1778581588544, "event_type": "POINT_IN_TIME", "key": "lora_alpha", "value": 32, "metadata": {"file": "/opt/venv/lib/python3.12/site-packages/primus_mllog/mlperf_sft.py", "lineno": 172}}
:::MLLOG {"namespace": "", "time_ms": 1778581588544, "event_type": "POINT_IN_TIME", "key": "tensor_parallelism", "value": 1, "metadata": {"file": "/opt/venv/lib/python3.12/site-packages/primus_mllog/mlperf_sft.py", "lineno": 172}}
:::MLLOG {"namespace": "", "time_ms": 1778581588544, "event_type": "POINT_IN_TIME", "key": "pipeline_parallelism", "value": 1, "metadata": {"file": "/opt/venv/lib/python3.12/site-packages/primus_mllog/mlperf_sft.py", "lineno": 172}}
:::MLLOG {"namespace": "", "time_ms": 1778581588545, "event_type": "POINT_IN_TIME", "key": "context_parallelism", "value": 1, "metadata": {"file": "/opt/venv/lib/python3.12/site-packages/primus_mllog/mlperf_sft.py", "lineno": 172}}
:::MLLOG {"namespace": "", "time_ms": 1778581588545, "event_type": "POINT_IN_TIME", "key": "expert_parallelism", "value": 1, "metadata": {"file": "/opt/venv/lib/python3.12/site-packages/primus_mllog/mlperf_sft.py", "lineno": 172}}
:::MLLOG {"namespace": "", "time_ms": 1778581588545, "event_type": "POINT_IN_TIME", "key": "micro_batch_size", "value": 1, "metadata": {"file": "/opt/venv/lib/python3.12/site-packages/primus_mllog/mlperf_sft.py", "lineno": 172}}
:::MLLOG {"namespace": "", "time_ms": 1778581588545, "event_type": "POINT_IN_TIME", "key": "config_filename", "value": "config_MI355X_1x8x1.sh", "metadata": {"file": "/opt/venv/lib/python3.12/site-packages/primus_mllog/mlperf_sft.py", "lineno": 172}}
:::MLLOG {"namespace": "", "time_ms": 1778581588545, "event_type": "POINT_IN_TIME", "key": "lowest_numerical_precision_linear", "value": "mxfp4", "metadata": {"file": "/opt/venv/lib/python3.12/site-packages/primus_mllog/mlperf_sft.py", "lineno": 172}}
:::MLLOG {"namespace": "", "time_ms": 1778581782872, "event_type": "INTERVAL_END", "key": "init_stop", "value": null, "metadata": {"file": "/opt/venv/lib/python3.12/site-packages/primus_mllog/mlperf_sft.py", "lineno": 186}}
:::MLLOG {"namespace": "", "time_ms": 1778581782872, "event_type": "INTERVAL_START", "key": "run_start", "value": null, "metadata": {"file": "/opt/venv/lib/python3.12/site-packages/primus_mllog/mlperf_sft.py", "lineno": 187}}
:::MLLOG {"namespace": "", "time_ms": 1778581782872, "event_type": "INTERVAL_START", "key": "epoch_start", "value": null, "metadata": {"file": "/opt/venv/lib/python3.12/site-packages/primus_mllog/mlperf_sft.py", "lineno": 189, "samples_count": 0}}
:::MLLOG {"namespace": "", "time_ms": 1778581782872, "event_type": "INTERVAL_START", "key": "block_start", "value": null, "metadata": {"file": "/opt/venv/lib/python3.12/site-packages/primus_mllog/mlperf_sft.py", "lineno": 192, "samples_count": 0}}
:::MLLOG {"namespace": "", "time_ms": 1778581990520, "event_type": "INTERVAL_END", "key": "block_stop", "value": null, "metadata": {"file": "/opt/venv/lib/python3.12/site-packages/primus_mllog/mlperf_sft.py", "lineno": 243, "samples_count": 1536}}
:::MLLOG {"namespace": "", "time_ms": 1778581990520, "event_type": "INTERVAL_START", "key": "eval_start", "value": null, "metadata": {"file": "/opt/venv/lib/python3.12/site-packages/primus_mllog/mlperf_sft.py", "lineno": 247, "samples_count": 1536}}
:::MLLOG {"namespace": "", "time_ms": 1778582000377, "event_type": "POINT_IN_TIME", "key": "eval_accuracy", "value": 0.9681501388549805, "metadata": {"file": "/opt/venv/lib/python3.12/site-packages/primus_mllog/mlperf_sft.py", "lineno": 264, "samples_count": 1536}}
:::MLLOG {"namespace": "", "time_ms": 1778582000377, "event_type": "INTERVAL_END", "key": "eval_stop", "value": null, "metadata": {"file": "/opt/venv/lib/python3.12/site-packages/primus_mllog/mlperf_sft.py", "lineno": 277, "samples_count": 1536}}
:::MLLOG {"namespace": "", "time_ms": 1778582000377, "event_type": "INTERVAL_START", "key": "block_start", "value": null, "metadata": {"file": "/opt/venv/lib/python3.12/site-packages/primus_mllog/mlperf_sft.py", "lineno": 283, "samples_count": 1536}}
:::MLLOG {"namespace": "", "time_ms": 1778582051795, "event_type": "INTERVAL_END", "key": "block_stop", "value": null, "metadata": {"file": "/opt/venv/lib/python3.12/site-packages/primus_mllog/mlperf_sft.py", "lineno": 243, "samples_count": 1920}}
:::MLLOG {"namespace": "", "time_ms": 1778582051795, "event_type": "INTERVAL_START", "key": "eval_start", "value": null, "metadata": {"file": "/opt/venv/lib/python3.12/site-packages/primus_mllog/mlperf_sft.py", "lineno": 247, "samples_count": 1920}}
:::MLLOG {"namespace": "", "time_ms": 1778582061569, "event_type": "POINT_IN_TIME", "key": "eval_accuracy", "value": 0.9603444933891296, "metadata": {"file": "/opt/venv/lib/python3.12/site-packages/primus_mllog/mlperf_sft.py", "lineno": 264, "samples_count": 1920}}
:::MLLOG {"namespace": "", "time_ms": 1778582061569, "event_type": "INTERVAL_END", "key": "eval_stop", "value": null, "metadata": {"file": "/opt/venv/lib/python3.12/site-packages/primus_mllog/mlperf_sft.py", "lineno": 277, "samples_count": 1920}}
:::MLLOG {"namespace": "", "time_ms": 1778582061569, "event_type": "INTERVAL_START", "key": "block_start", "value": null, "metadata": {"file": "/opt/venv/lib/python3.12/site-packages/primus_mllog/mlperf_sft.py", "lineno": 283, "samples_count": 1920}}
:::MLLOG {"namespace": "", "time_ms": 1778582113679, "event_type": "INTERVAL_END", "key": "block_stop", "value": null, "metadata": {"file": "/opt/venv/lib/python3.12/site-packages/primus_mllog/mlperf_sft.py", "lineno": 243, "samples_count": 2304}}
:::MLLOG {"namespace": "", "time_ms": 1778582113679, "event_type": "INTERVAL_START", "key": "eval_start", "value": null, "metadata": {"file": "/opt/venv/lib/python3.12/site-packages/primus_mllog/mlperf_sft.py", "lineno": 247, "samples_count": 2304}}
:::MLLOG {"namespace": "", "time_ms": 1778582123435, "event_type": "POINT_IN_TIME", "key": "eval_accuracy", "value": 0.9545242786407471, "metadata": {"file": "/opt/venv/lib/python3.12/site-packages/primus_mllog/mlperf_sft.py", "lineno": 264, "samples_count": 2304}}
:::MLLOG {"namespace": "", "time_ms": 1778582123436, "event_type": "INTERVAL_END", "key": "eval_stop", "value": null, "metadata": {"file": "/opt/venv/lib/python3.12/site-packages/primus_mllog/mlperf_sft.py", "lineno": 277, "samples_count": 2304}}
:::MLLOG {"namespace": "", "time_ms": 1778582123436, "event_type": "INTERVAL_START", "key": "block_start", "value": null, "metadata": {"file": "/opt/venv/lib/python3.12/site-packages/primus_mllog/mlperf_sft.py", "lineno": 283, "samples_count": 2304}}
:::MLLOG {"namespace": "", "time_ms": 1778582174856, "event_type": "INTERVAL_END", "key": "block_stop", "value": null, "metadata": {"file": "/opt/venv/lib/python3.12/site-packages/primus_mllog/mlperf_sft.py", "lineno": 243, "samples_count": 2688}}
:::MLLOG {"namespace": "", "time_ms": 1778582174857, "event_type": "INTERVAL_START", "key": "eval_start", "value": null, "metadata": {"file": "/opt/venv/lib/python3.12/site-packages/primus_mllog/mlperf_sft.py", "lineno": 247, "samples_count": 2688}}
:::MLLOG {"namespace": "", "time_ms": 1778582184632, "event_type": "POINT_IN_TIME", "key": "eval_accuracy", "value": 0.9491052627563477, "metadata": {"file": "/opt/venv/lib/python3.12/site-packages/primus_mllog/mlperf_sft.py", "lineno": 264, "samples_count": 2688}}
:::MLLOG {"namespace": "", "time_ms": 1778582184632, "event_type": "INTERVAL_END", "key": "eval_stop", "value": null, "metadata": {"file": "/opt/venv/lib/python3.12/site-packages/primus_mllog/mlperf_sft.py", "lineno": 277, "samples_count": 2688}}
:::MLLOG {"namespace": "", "time_ms": 1778582184632, "event_type": "INTERVAL_START", "key": "block_start", "value": null, "metadata": {"file": "/opt/venv/lib/python3.12/site-packages/primus_mllog/mlperf_sft.py", "lineno": 283, "samples_count": 2688}}
:::MLLOG {"namespace": "", "time_ms": 1778582254966, "event_type": "INTERVAL_END", "key": "block_stop", "value": null, "metadata": {"file": "/opt/venv/lib/python3.12/site-packages/primus_mllog/mlperf_sft.py", "lineno": 243, "samples_count": 3072}}
:::MLLOG {"namespace": "", "time_ms": 1778582254966, "event_type": "INTERVAL_START", "key": "eval_start", "value": null, "metadata": {"file": "/opt/venv/lib/python3.12/site-packages/primus_mllog/mlperf_sft.py", "lineno": 247, "samples_count": 3072}}
:::MLLOG {"namespace": "", "time_ms": 1778582267742, "event_type": "POINT_IN_TIME", "key": "eval_accuracy", "value": 0.9245523810386658, "metadata": {"file": "/opt/venv/lib/python3.12/site-packages/primus_mllog/mlperf_sft.py", "lineno": 264, "samples_count": 3072}}
:::MLLOG {"namespace": "", "time_ms": 1778582267743, "event_type": "INTERVAL_END", "key": "eval_stop", "value": null, "metadata": {"file": "/opt/venv/lib/python3.12/site-packages/primus_mllog/mlperf_sft.py", "lineno": 277, "samples_count": 3072}}
:::MLLOG {"namespace": "", "time_ms": 1778582267751, "event_type": "INTERVAL_END", "key": "epoch_stop", "value": null, "metadata": {"file": "/opt/venv/lib/python3.12/site-packages/primus_mllog/mlperf_sft.py", "lineno": 305, "samples_count": 3072}}
:::MLLOG {"namespace": "", "time_ms": 1778582267751, "event_type": "INTERVAL_END", "key": "run_stop", "value": null, "metadata": {"file": "/opt/venv/lib/python3.12/site-packages/primus_mllog/mlperf_sft.py", "lineno": 319, "samples_count": 3072, "status": "success"}}
:::MLLOG {"namespace": "", "time_ms": 1778582267751, "event_type": "POINT_IN_TIME", "key": "run_duration", "value": "484.88s -> 8.08 minutes", "metadata": {"file": "/opt/venv/lib/python3.12/site-packages/primus_mllog/mlperf_sft.py", "lineno": 331, "samples": 3072}}
:::MLLOG {"namespace": "", "time_ms": 1778582267751, "event_type": "POINT_IN_TIME", "key": "throughput", "value": 6.34, "metadata": {"file": "/opt/venv/lib/python3.12/site-packages/primus_mllog/mlperf_sft.py", "lineno": 336, "samples": 3072}}
RESULT,LLAMA2_70B_LORA_SFT,,735,AMD,2026-05-12 10:25:58 AM
Beginning trial 8 of 10
Clearing cache on mi355mlperf
vm.drop_caches = 3
launching experiment using: --env=AITER_CONFIG_GEMM_A4W4 --env=AITER_LOG_LEVEL --env=AITER_LOG_MORE --env=AITER_LOG_TUNED_CONFIG --env=CP --env=CUBLAS_FORCE_XMMA_KERNEL_INIT --env=CUDA_DEVICE_MAX_CONNECTIONS --env=CUDNN_FRONTEND_ATTN_DP_WORKSPACE_LIMIT --env=DATA_PATH --env=DGXSYSTEM --env=ENABLE_MLLOG --env=ENABLE_TRANSPOSE_CACHE --env=EXP --env=FP4 --env=FP4_RECIPE --env=FP8 --env=FP8_ACT --env=FP8_ACTIVATION --env=FP8_AMAX_ALGO --env=FP8_AMAX_HISTORY --env=FP8_DPA --env=FP8_REDUCE_AMAX --env=FUSED_SOFTMAX --env=GPUS_PER_NODE --env=GPU_MAX_HW_QUEUES --env=HEALING_ITER --env=HEALING_PRECISION --env=HSA_ENABLE_INTERRUPT --env=HSA_ENABLE_SDMA --env=HSA_NO_SCRATCH_RECLAIM --env=HYDRA_FULL_ERROR --env=LOAD_CKPT --env=LOGGING_INTERVAL --env=LORA_A2A --env=LR --env=MASTER_ADDR --env=MASTER_PORT --env=MAX_STEPS --env=MBS --env=MCORE_CUDA_GRAPH --env=MC_TP_OVERLAP_AG --env=MC_TP_OVERLAP_RS --env=MC_TP_OVERLAP_RS_DGRAD --env=MEGATRON_BRIDGE_LOGGING_LEVEL --env=MINIBS --env=MLLOG_CONFIG_FILENAME --env=MLLOG_CONTEXT_PARALLELISM --env=MLLOG_EXPERT_PARALLELISM --env=MLLOG_LOWEST_NUMERICAL_PRECISION_LINEAR --env=MLLOG_MICRO_BATCH_SIZE --env=MLLOG_OUTPUT_FILE --env=MLLOG_PIPELINE_PARALLELISM --env=MLLOG_SUBMISSION_BENCHMARK --env=MLLOG_SUBMISSION_DIVISION --env=MLLOG_SUBMISSION_ORG --env=MLLOG_SUBMISSION_PLATFORM --env=MLLOG_TARGET_EVAL_LOSS --env=MLLOG_TENSOR_PARALLELISM --env=MLLOG_TRAIN_LOSS_LOG_FREQ --env=NCCL_CHECKS_DISABLE --env=NCCL_MIN_CTAS --env=NCCL_MIN_P2P_NCHANNELS --env=NCCL_NCHANNELS_PER_NET_PEER --env=NCCL_NVLS_ENABLE --env=NEXP --env=NNODES --env=NODE_RANK --env=NVTE_CK_IS_V3_ATOMIC_FP32 --env=NVTE_CK_USES_BWD_V3 --env=NVTE_CK_USES_FWD_V3 --env=NVTE_DEBUG --env=NVTE_DEBUG_LEVEL --env=NVTE_FP4_LOG_GEMM_SHAPES --env=NVTE_FP8_DPA_BWD --env=NVTE_FUSED_ATTN --env=NVTE_FUSED_ATTN_AOTRITON --env=NVTE_FUSED_ATTN_CK --env=NVTE_MXFP4_USE_HADAMARD --env=NVTE_RS_STRIDED_ATOMIC --env=NVTE_USE_AITER_ROPE --env=NVTE_USE_CAST_TRANSPOSE_TRITON --env=NVTE_USE_HIPBLASLT --env=NVTE_USE_OPTIMIZED_HIPIFIED_CAST_TRANSPOSE --env=NVTE_USE_RMSNORM_TRITON --env=OMP_NUM_THREADS --env=PACKED_METADATA_PATH --env=PACKED_TRAIN_DATA_PATH --env=PACKED_VAL_DATA_PATH --env=POSSIBLE_USER_WARNINGS --env=PP --env=PRETRAINED_CHECKPOINT --env=PRE_QUANTIZED_MODEL --env=PRIMUS_LOG_LEVEL --env=PRIMUS_PATH --env=PROFILE_RPD --env=PT_TENSOR_VALIDATION --env=PYTHONPATH --env=PYTHONWARNINGS --env=RECOMPUTE_GRANULARITY --env=RECOMPUTE_METHOD --env=RECOMPUTE_NUM_LAYERS --env=RESET_CG_AFTER_HEALING --env=RMSNORM_CAST --env=SKIP_EVALS --env=SP --env=SYNTH_WARMUP_STEPS --env=SYNTH_WARMUP_VALID_STEPS --env=TORCH_BLAS_PREFER_HIPBLASLT --env=TORCH_NCCL_HIGH_PRIORITY --env=TP --env=TP_COMM_OVERLAP --env=USE_HIPBLASLT --env=USE_TE_SWIGLU --env=VAL_CHECK_INTERVAL --env=VBOOST_VALUE --env=DATADIR --env=DGXSYSTEM --env=PROFILER --env=LOGDIR --env=HF_TOKEN --env=SEED=22908 mlperf_llama2_sft_primus /workspace/code/run_and_time.sh
:::MLLOG {"namespace": "", "time_ms": 1778582333765, "event_type": "POINT_IN_TIME", "key": "cache_clear", "value": true, "metadata": {"file": "/opt/venv/lib/python3.12/site-packages/primus_mllog/mlperf_logger.py", "lineno": 41}}
:::MLLOG {"namespace": "", "time_ms": 1778582333765, "event_type": "POINT_IN_TIME", "key": "init_start", "value": null, "metadata": {"file": "/opt/venv/lib/python3.12/site-packages/primus_mllog/mlperf_logger.py", "lineno": 41}}
:::MLLOG {"namespace": "", "time_ms": 1778582334068, "event_type": "POINT_IN_TIME", "key": "submission_benchmark", "value": "llama2_70b_lora", "metadata": {"file": "/opt/venv/lib/python3.12/site-packages/primus_mllog/mlperf_sft.py", "lineno": 120}}
:::MLLOG {"namespace": "", "time_ms": 1778582334080, "event_type": "POINT_IN_TIME", "key": "submission_org", "value": "AMD", "metadata": {"file": "/opt/venv/lib/python3.12/site-packages/primus_mllog/mlperf_sft.py", "lineno": 124}}
:::MLLOG {"namespace": "", "time_ms": 1778582334080, "event_type": "POINT_IN_TIME", "key": "submission_division", "value": "closed", "metadata": {"file": "/opt/venv/lib/python3.12/site-packages/primus_mllog/mlperf_sft.py", "lineno": 128}}
:::MLLOG {"namespace": "", "time_ms": 1778582334081, "event_type": "POINT_IN_TIME", "key": "submission_platform", "value": "MI355X", "metadata": {"file": "/opt/venv/lib/python3.12/site-packages/primus_mllog/mlperf_sft.py", "lineno": 132}}
:::MLLOG {"namespace": "", "time_ms": 1778582334081, "event_type": "POINT_IN_TIME", "key": "submission_status", "value": "onprem", "metadata": {"file": "/opt/venv/lib/python3.12/site-packages/primus_mllog/mlperf_sft.py", "lineno": 136}}
:::MLLOG {"namespace": "", "time_ms": 1778582334081, "event_type": "POINT_IN_TIME", "key": "target_accuracy", "value": 0.925, "metadata": {"file": "/opt/venv/lib/python3.12/site-packages/primus_mllog/mlperf_sft.py", "lineno": 139}}
:::MLLOG {"namespace": "", "time_ms": 1778582334081, "event_type": "POINT_IN_TIME", "key": "global_batch_size", "value": 8, "metadata": {"file": "/opt/venv/lib/python3.12/site-packages/primus_mllog/mlperf_sft.py", "lineno": 172}}
:::MLLOG {"namespace": "", "time_ms": 1778582334081, "event_type": "POINT_IN_TIME", "key": "train_samples", "value": 3901, "metadata": {"file": "/opt/venv/lib/python3.12/site-packages/primus_mllog/mlperf_sft.py", "lineno": 172}}
:::MLLOG {"namespace": "", "time_ms": 1778582334081, "event_type": "POINT_IN_TIME", "key": "eval_samples", "value": 173, "metadata": {"file": "/opt/venv/lib/python3.12/site-packages/primus_mllog/mlperf_sft.py", "lineno": 172}}
:::MLLOG {"namespace": "", "time_ms": 1778582334081, "event_type": "POINT_IN_TIME", "key": "gradient_accumulation_steps", "value": 1, "metadata": {"file": "/opt/venv/lib/python3.12/site-packages/primus_mllog/mlperf_sft.py", "lineno": 172}}
:::MLLOG {"namespace": "", "time_ms": 1778582334081, "event_type": "POINT_IN_TIME", "key": "seed", "value": 22908, "metadata": {"file": "/opt/venv/lib/python3.12/site-packages/primus_mllog/mlperf_sft.py", "lineno": 172}}
:::MLLOG {"namespace": "", "time_ms": 1778582334081, "event_type": "POINT_IN_TIME", "key": "opt_name", "value": "adamw", "metadata": {"file": "/opt/venv/lib/python3.12/site-packages/primus_mllog/mlperf_sft.py", "lineno": 172}}
:::MLLOG {"namespace": "", "time_ms": 1778582334081, "event_type": "POINT_IN_TIME", "key": "opt_base_learning_rate", "value": 0.0006, "metadata": {"file": "/opt/venv/lib/python3.12/site-packages/primus_mllog/mlperf_sft.py", "lineno": 172}}
:::MLLOG {"namespace": "", "time_ms": 1778582334081, "event_type": "POINT_IN_TIME", "key": "opt_adamw_beta_1", "value": 0.9, "metadata": {"file": "/opt/venv/lib/python3.12/site-packages/primus_mllog/mlperf_sft.py", "lineno": 172}}
:::MLLOG {"namespace": "", "time_ms": 1778582334081, "event_type": "POINT_IN_TIME", "key": "opt_adamw_beta_2", "value": 0.999, "metadata": {"file": "/opt/venv/lib/python3.12/site-packages/primus_mllog/mlperf_sft.py", "lineno": 172}}
:::MLLOG {"namespace": "", "time_ms": 1778582334081, "event_type": "POINT_IN_TIME", "key": "opt_adamw_epsilon", "value": 1e-08, "metadata": {"file": "/opt/venv/lib/python3.12/site-packages/primus_mllog/mlperf_sft.py", "lineno": 172}}
:::MLLOG {"namespace": "", "time_ms": 1778582334081, "event_type": "POINT_IN_TIME", "key": "opt_adamw_weight_decay", "value": 0.0001, "metadata": {"file": "/opt/venv/lib/python3.12/site-packages/primus_mllog/mlperf_sft.py", "lineno": 172}}
:::MLLOG {"namespace": "", "time_ms": 1778582334081, "event_type": "POINT_IN_TIME", "key": "opt_gradient_clip_norm", "value": 0.3, "metadata": {"file": "/opt/venv/lib/python3.12/site-packages/primus_mllog/mlperf_sft.py", "lineno": 172}}
:::MLLOG {"namespace": "", "time_ms": 1778582334081, "event_type": "POINT_IN_TIME", "key": "opt_learning_rate_warmup_factor", "value": 0.0, "metadata": {"file": "/opt/venv/lib/python3.12/site-packages/primus_mllog/mlperf_sft.py", "lineno": 172}}
:::MLLOG {"namespace": "", "time_ms": 1778582334081, "event_type": "POINT_IN_TIME", "key": "opt_learning_rate_training_steps", "value": 550, "metadata": {"file": "/opt/venv/lib/python3.12/site-packages/primus_mllog/mlperf_sft.py", "lineno": 172}}
:::MLLOG {"namespace": "", "time_ms": 1778582334081, "event_type": "POINT_IN_TIME", "key": "max_sequence_length", "value": 8192, "metadata": {"file": "/opt/venv/lib/python3.12/site-packages/primus_mllog/mlperf_sft.py", "lineno": 172}}
:::MLLOG {"namespace": "", "time_ms": 1778582334081, "event_type": "POINT_IN_TIME", "key": "max_steps", "value": 550, "metadata": {"file": "/opt/venv/lib/python3.12/site-packages/primus_mllog/mlperf_sft.py", "lineno": 172}}
:::MLLOG {"namespace": "", "time_ms": 1778582334082, "event_type": "POINT_IN_TIME", "key": "lora_rank", "value": 16, "metadata": {"file": "/opt/venv/lib/python3.12/site-packages/primus_mllog/mlperf_sft.py", "lineno": 172}}
:::MLLOG {"namespace": "", "time_ms": 1778582334082, "event_type": "POINT_IN_TIME", "key": "lora_alpha", "value": 32, "metadata": {"file": "/opt/venv/lib/python3.12/site-packages/primus_mllog/mlperf_sft.py", "lineno": 172}}
:::MLLOG {"namespace": "", "time_ms": 1778582334082, "event_type": "POINT_IN_TIME", "key": "tensor_parallelism", "value": 1, "metadata": {"file": "/opt/venv/lib/python3.12/site-packages/primus_mllog/mlperf_sft.py", "lineno": 172}}
:::MLLOG {"namespace": "", "time_ms": 1778582334082, "event_type": "POINT_IN_TIME", "key": "pipeline_parallelism", "value": 1, "metadata": {"file": "/opt/venv/lib/python3.12/site-packages/primus_mllog/mlperf_sft.py", "lineno": 172}}
:::MLLOG {"namespace": "", "time_ms": 1778582334082, "event_type": "POINT_IN_TIME", "key": "context_parallelism", "value": 1, "metadata": {"file": "/opt/venv/lib/python3.12/site-packages/primus_mllog/mlperf_sft.py", "lineno": 172}}
:::MLLOG {"namespace": "", "time_ms": 1778582334082, "event_type": "POINT_IN_TIME", "key": "expert_parallelism", "value": 1, "metadata": {"file": "/opt/venv/lib/python3.12/site-packages/primus_mllog/mlperf_sft.py", "lineno": 172}}
:::MLLOG {"namespace": "", "time_ms": 1778582334082, "event_type": "POINT_IN_TIME", "key": "micro_batch_size", "value": 1, "metadata": {"file": "/opt/venv/lib/python3.12/site-packages/primus_mllog/mlperf_sft.py", "lineno": 172}}
:::MLLOG {"namespace": "", "time_ms": 1778582334082, "event_type": "POINT_IN_TIME", "key": "config_filename", "value": "config_MI355X_1x8x1.sh", "metadata": {"file": "/opt/venv/lib/python3.12/site-packages/primus_mllog/mlperf_sft.py", "lineno": 172}}
:::MLLOG {"namespace": "", "time_ms": 1778582334082, "event_type": "POINT_IN_TIME", "key": "lowest_numerical_precision_linear", "value": "mxfp4", "metadata": {"file": "/opt/venv/lib/python3.12/site-packages/primus_mllog/mlperf_sft.py", "lineno": 172}}
:::MLLOG {"namespace": "", "time_ms": 1778582525543, "event_type": "INTERVAL_END", "key": "init_stop", "value": null, "metadata": {"file": "/opt/venv/lib/python3.12/site-packages/primus_mllog/mlperf_sft.py", "lineno": 186}}
:::MLLOG {"namespace": "", "time_ms": 1778582525544, "event_type": "INTERVAL_START", "key": "run_start", "value": null, "metadata": {"file": "/opt/venv/lib/python3.12/site-packages/primus_mllog/mlperf_sft.py", "lineno": 187}}
:::MLLOG {"namespace": "", "time_ms": 1778582525544, "event_type": "INTERVAL_START", "key": "epoch_start", "value": null, "metadata": {"file": "/opt/venv/lib/python3.12/site-packages/primus_mllog/mlperf_sft.py", "lineno": 189, "samples_count": 0}}
:::MLLOG {"namespace": "", "time_ms": 1778582525544, "event_type": "INTERVAL_START", "key": "block_start", "value": null, "metadata": {"file": "/opt/venv/lib/python3.12/site-packages/primus_mllog/mlperf_sft.py", "lineno": 192, "samples_count": 0}}
:::MLLOG {"namespace": "", "time_ms": 1778582732665, "event_type": "INTERVAL_END", "key": "block_stop", "value": null, "metadata": {"file": "/opt/venv/lib/python3.12/site-packages/primus_mllog/mlperf_sft.py", "lineno": 243, "samples_count": 1536}}
:::MLLOG {"namespace": "", "time_ms": 1778582732666, "event_type": "INTERVAL_START", "key": "eval_start", "value": null, "metadata": {"file": "/opt/venv/lib/python3.12/site-packages/primus_mllog/mlperf_sft.py", "lineno": 247, "samples_count": 1536}}
:::MLLOG {"namespace": "", "time_ms": 1778582742513, "event_type": "POINT_IN_TIME", "key": "eval_accuracy", "value": 0.9784367680549622, "metadata": {"file": "/opt/venv/lib/python3.12/site-packages/primus_mllog/mlperf_sft.py", "lineno": 264, "samples_count": 1536}}
:::MLLOG {"namespace": "", "time_ms": 1778582742513, "event_type": "INTERVAL_END", "key": "eval_stop", "value": null, "metadata": {"file": "/opt/venv/lib/python3.12/site-packages/primus_mllog/mlperf_sft.py", "lineno": 277, "samples_count": 1536}}
:::MLLOG {"namespace": "", "time_ms": 1778582742513, "event_type": "INTERVAL_START", "key": "block_start", "value": null, "metadata": {"file": "/opt/venv/lib/python3.12/site-packages/primus_mllog/mlperf_sft.py", "lineno": 283, "samples_count": 1536}}
:::MLLOG {"namespace": "", "time_ms": 1778582793789, "event_type": "INTERVAL_END", "key": "block_stop", "value": null, "metadata": {"file": "/opt/venv/lib/python3.12/site-packages/primus_mllog/mlperf_sft.py", "lineno": 243, "samples_count": 1920}}
:::MLLOG {"namespace": "", "time_ms": 1778582793789, "event_type": "INTERVAL_START", "key": "eval_start", "value": null, "metadata": {"file": "/opt/venv/lib/python3.12/site-packages/primus_mllog/mlperf_sft.py", "lineno": 247, "samples_count": 1920}}
:::MLLOG {"namespace": "", "time_ms": 1778582803527, "event_type": "POINT_IN_TIME", "key": "eval_accuracy", "value": 0.9625661373138428, "metadata": {"file": "/opt/venv/lib/python3.12/site-packages/primus_mllog/mlperf_sft.py", "lineno": 264, "samples_count": 1920}}
:::MLLOG {"namespace": "", "time_ms": 1778582803527, "event_type": "INTERVAL_END", "key": "eval_stop", "value": null, "metadata": {"file": "/opt/venv/lib/python3.12/site-packages/primus_mllog/mlperf_sft.py", "lineno": 277, "samples_count": 1920}}
:::MLLOG {"namespace": "", "time_ms": 1778582803527, "event_type": "INTERVAL_START", "key": "block_start", "value": null, "metadata": {"file": "/opt/venv/lib/python3.12/site-packages/primus_mllog/mlperf_sft.py", "lineno": 283, "samples_count": 1920}}
:::MLLOG {"namespace": "", "time_ms": 1778582855461, "event_type": "INTERVAL_END", "key": "block_stop", "value": null, "metadata": {"file": "/opt/venv/lib/python3.12/site-packages/primus_mllog/mlperf_sft.py", "lineno": 243, "samples_count": 2304}}
:::MLLOG {"namespace": "", "time_ms": 1778582855462, "event_type": "INTERVAL_START", "key": "eval_start", "value": null, "metadata": {"file": "/opt/venv/lib/python3.12/site-packages/primus_mllog/mlperf_sft.py", "lineno": 247, "samples_count": 2304}}
:::MLLOG {"namespace": "", "time_ms": 1778582865195, "event_type": "POINT_IN_TIME", "key": "eval_accuracy", "value": 0.9616672396659851, "metadata": {"file": "/opt/venv/lib/python3.12/site-packages/primus_mllog/mlperf_sft.py", "lineno": 264, "samples_count": 2304}}
:::MLLOG {"namespace": "", "time_ms": 1778582865196, "event_type": "INTERVAL_END", "key": "eval_stop", "value": null, "metadata": {"file": "/opt/venv/lib/python3.12/site-packages/primus_mllog/mlperf_sft.py", "lineno": 277, "samples_count": 2304}}
:::MLLOG {"namespace": "", "time_ms": 1778582865196, "event_type": "INTERVAL_START", "key": "block_start", "value": null, "metadata": {"file": "/opt/venv/lib/python3.12/site-packages/primus_mllog/mlperf_sft.py", "lineno": 283, "samples_count": 2304}}
:::MLLOG {"namespace": "", "time_ms": 1778582916505, "event_type": "INTERVAL_END", "key": "block_stop", "value": null, "metadata": {"file": "/opt/venv/lib/python3.12/site-packages/primus_mllog/mlperf_sft.py", "lineno": 243, "samples_count": 2688}}
:::MLLOG {"namespace": "", "time_ms": 1778582916505, "event_type": "INTERVAL_START", "key": "eval_start", "value": null, "metadata": {"file": "/opt/venv/lib/python3.12/site-packages/primus_mllog/mlperf_sft.py", "lineno": 247, "samples_count": 2688}}
:::MLLOG {"namespace": "", "time_ms": 1778582926294, "event_type": "POINT_IN_TIME", "key": "eval_accuracy", "value": 0.9541539549827576, "metadata": {"file": "/opt/venv/lib/python3.12/site-packages/primus_mllog/mlperf_sft.py", "lineno": 264, "samples_count": 2688}}
:::MLLOG {"namespace": "", "time_ms": 1778582926294, "event_type": "INTERVAL_END", "key": "eval_stop", "value": null, "metadata": {"file": "/opt/venv/lib/python3.12/site-packages/primus_mllog/mlperf_sft.py", "lineno": 277, "samples_count": 2688}}
:::MLLOG {"namespace": "", "time_ms": 1778582926294, "event_type": "INTERVAL_START", "key": "block_start", "value": null, "metadata": {"file": "/opt/venv/lib/python3.12/site-packages/primus_mllog/mlperf_sft.py", "lineno": 283, "samples_count": 2688}}
:::MLLOG {"namespace": "", "time_ms": 1778582996494, "event_type": "INTERVAL_END", "key": "block_stop", "value": null, "metadata": {"file": "/opt/venv/lib/python3.12/site-packages/primus_mllog/mlperf_sft.py", "lineno": 243, "samples_count": 3072}}
:::MLLOG {"namespace": "", "time_ms": 1778582996494, "event_type": "INTERVAL_START", "key": "eval_start", "value": null, "metadata": {"file": "/opt/venv/lib/python3.12/site-packages/primus_mllog/mlperf_sft.py", "lineno": 247, "samples_count": 3072}}
:::MLLOG {"namespace": "", "time_ms": 1778583009262, "event_type": "POINT_IN_TIME", "key": "eval_accuracy", "value": 0.9279448390007019, "metadata": {"file": "/opt/venv/lib/python3.12/site-packages/primus_mllog/mlperf_sft.py", "lineno": 264, "samples_count": 3072}}
:::MLLOG {"namespace": "", "time_ms": 1778583009263, "event_type": "INTERVAL_END", "key": "eval_stop", "value": null, "metadata": {"file": "/opt/venv/lib/python3.12/site-packages/primus_mllog/mlperf_sft.py", "lineno": 277, "samples_count": 3072}}
:::MLLOG {"namespace": "", "time_ms": 1778583009263, "event_type": "INTERVAL_START", "key": "block_start", "value": null, "metadata": {"file": "/opt/venv/lib/python3.12/site-packages/primus_mllog/mlperf_sft.py", "lineno": 283, "samples_count": 3072}}
:::MLLOG {"namespace": "", "time_ms": 1778583075891, "event_type": "INTERVAL_END", "key": "block_stop", "value": null, "metadata": {"file": "/opt/venv/lib/python3.12/site-packages/primus_mllog/mlperf_sft.py", "lineno": 243, "samples_count": 3456}}
:::MLLOG {"namespace": "", "time_ms": 1778583075891, "event_type": "INTERVAL_START", "key": "eval_start", "value": null, "metadata": {"file": "/opt/venv/lib/python3.12/site-packages/primus_mllog/mlperf_sft.py", "lineno": 247, "samples_count": 3456}}
:::MLLOG {"namespace": "", "time_ms": 1778583088653, "event_type": "POINT_IN_TIME", "key": "eval_accuracy", "value": 0.9247055053710938, "metadata": {"file": "/opt/venv/lib/python3.12/site-packages/primus_mllog/mlperf_sft.py", "lineno": 264, "samples_count": 3456}}
:::MLLOG {"namespace": "", "time_ms": 1778583088653, "event_type": "INTERVAL_END", "key": "eval_stop", "value": null, "metadata": {"file": "/opt/venv/lib/python3.12/site-packages/primus_mllog/mlperf_sft.py", "lineno": 277, "samples_count": 3456}}
:::MLLOG {"namespace": "", "time_ms": 1778583088659, "event_type": "INTERVAL_END", "key": "epoch_stop", "value": null, "metadata": {"file": "/opt/venv/lib/python3.12/site-packages/primus_mllog/mlperf_sft.py", "lineno": 305, "samples_count": 3456}}
:::MLLOG {"namespace": "", "time_ms": 1778583088659, "event_type": "INTERVAL_END", "key": "run_stop", "value": null, "metadata": {"file": "/opt/venv/lib/python3.12/site-packages/primus_mllog/mlperf_sft.py", "lineno": 319, "samples_count": 3456, "status": "success"}}
:::MLLOG {"namespace": "", "time_ms": 1778583088659, "event_type": "POINT_IN_TIME", "key": "run_duration", "value": "563.12s -> 9.39 minutes", "metadata": {"file": "/opt/venv/lib/python3.12/site-packages/primus_mllog/mlperf_sft.py", "lineno": 331, "samples": 3456}}
:::MLLOG {"namespace": "", "time_ms": 1778583088659, "event_type": "POINT_IN_TIME", "key": "throughput", "value": 6.14, "metadata": {"file": "/opt/venv/lib/python3.12/site-packages/primus_mllog/mlperf_sft.py", "lineno": 336, "samples": 3456}}
RESULT,LLAMA2_70B_LORA_SFT,,815,AMD,2026-05-12 10:38:18 AM
Beginning trial 9 of 10
Clearing cache on mi355mlperf
vm.drop_caches = 3
launching experiment using: --env=AITER_CONFIG_GEMM_A4W4 --env=AITER_LOG_LEVEL --env=AITER_LOG_MORE --env=AITER_LOG_TUNED_CONFIG --env=CP --env=CUBLAS_FORCE_XMMA_KERNEL_INIT --env=CUDA_DEVICE_MAX_CONNECTIONS --env=CUDNN_FRONTEND_ATTN_DP_WORKSPACE_LIMIT --env=DATA_PATH --env=DGXSYSTEM --env=ENABLE_MLLOG --env=ENABLE_TRANSPOSE_CACHE --env=EXP --env=FP4 --env=FP4_RECIPE --env=FP8 --env=FP8_ACT --env=FP8_ACTIVATION --env=FP8_AMAX_ALGO --env=FP8_AMAX_HISTORY --env=FP8_DPA --env=FP8_REDUCE_AMAX --env=FUSED_SOFTMAX --env=GPUS_PER_NODE --env=GPU_MAX_HW_QUEUES --env=HEALING_ITER --env=HEALING_PRECISION --env=HSA_ENABLE_INTERRUPT --env=HSA_ENABLE_SDMA --env=HSA_NO_SCRATCH_RECLAIM --env=HYDRA_FULL_ERROR --env=LOAD_CKPT --env=LOGGING_INTERVAL --env=LORA_A2A --env=LR --env=MASTER_ADDR --env=MASTER_PORT --env=MAX_STEPS --env=MBS --env=MCORE_CUDA_GRAPH --env=MC_TP_OVERLAP_AG --env=MC_TP_OVERLAP_RS --env=MC_TP_OVERLAP_RS_DGRAD --env=MEGATRON_BRIDGE_LOGGING_LEVEL --env=MINIBS --env=MLLOG_CONFIG_FILENAME --env=MLLOG_CONTEXT_PARALLELISM --env=MLLOG_EXPERT_PARALLELISM --env=MLLOG_LOWEST_NUMERICAL_PRECISION_LINEAR --env=MLLOG_MICRO_BATCH_SIZE --env=MLLOG_OUTPUT_FILE --env=MLLOG_PIPELINE_PARALLELISM --env=MLLOG_SUBMISSION_BENCHMARK --env=MLLOG_SUBMISSION_DIVISION --env=MLLOG_SUBMISSION_ORG --env=MLLOG_SUBMISSION_PLATFORM --env=MLLOG_TARGET_EVAL_LOSS --env=MLLOG_TENSOR_PARALLELISM --env=MLLOG_TRAIN_LOSS_LOG_FREQ --env=NCCL_CHECKS_DISABLE --env=NCCL_MIN_CTAS --env=NCCL_MIN_P2P_NCHANNELS --env=NCCL_NCHANNELS_PER_NET_PEER --env=NCCL_NVLS_ENABLE --env=NEXP --env=NNODES --env=NODE_RANK --env=NVTE_CK_IS_V3_ATOMIC_FP32 --env=NVTE_CK_USES_BWD_V3 --env=NVTE_CK_USES_FWD_V3 --env=NVTE_DEBUG --env=NVTE_DEBUG_LEVEL --env=NVTE_FP4_LOG_GEMM_SHAPES --env=NVTE_FP8_DPA_BWD --env=NVTE_FUSED_ATTN --env=NVTE_FUSED_ATTN_AOTRITON --env=NVTE_FUSED_ATTN_CK --env=NVTE_MXFP4_USE_HADAMARD --env=NVTE_RS_STRIDED_ATOMIC --env=NVTE_USE_AITER_ROPE --env=NVTE_USE_CAST_TRANSPOSE_TRITON --env=NVTE_USE_HIPBLASLT --env=NVTE_USE_OPTIMIZED_HIPIFIED_CAST_TRANSPOSE --env=NVTE_USE_RMSNORM_TRITON --env=OMP_NUM_THREADS --env=PACKED_METADATA_PATH --env=PACKED_TRAIN_DATA_PATH --env=PACKED_VAL_DATA_PATH --env=POSSIBLE_USER_WARNINGS --env=PP --env=PRETRAINED_CHECKPOINT --env=PRE_QUANTIZED_MODEL --env=PRIMUS_LOG_LEVEL --env=PRIMUS_PATH --env=PROFILE_RPD --env=PT_TENSOR_VALIDATION --env=PYTHONPATH --env=PYTHONWARNINGS --env=RECOMPUTE_GRANULARITY --env=RECOMPUTE_METHOD --env=RECOMPUTE_NUM_LAYERS --env=RESET_CG_AFTER_HEALING --env=RMSNORM_CAST --env=SKIP_EVALS --env=SP --env=SYNTH_WARMUP_STEPS --env=SYNTH_WARMUP_VALID_STEPS --env=TORCH_BLAS_PREFER_HIPBLASLT --env=TORCH_NCCL_HIGH_PRIORITY --env=TP --env=TP_COMM_OVERLAP --env=USE_HIPBLASLT --env=USE_TE_SWIGLU --env=VAL_CHECK_INTERVAL --env=VBOOST_VALUE --env=DATADIR --env=DGXSYSTEM --env=PROFILER --env=LOGDIR --env=HF_TOKEN --env=SEED=24862 mlperf_llama2_sft_primus /workspace/code/run_and_time.sh
:::MLLOG {"namespace": "", "time_ms": 1778583153159, "event_type": "POINT_IN_TIME", "key": "cache_clear", "value": true, "metadata": {"file": "/opt/venv/lib/python3.12/site-packages/primus_mllog/mlperf_logger.py", "lineno": 41}}
:::MLLOG {"namespace": "", "time_ms": 1778583153160, "event_type": "POINT_IN_TIME", "key": "init_start", "value": null, "metadata": {"file": "/opt/venv/lib/python3.12/site-packages/primus_mllog/mlperf_logger.py", "lineno": 41}}
:::MLLOG {"namespace": "", "time_ms": 1778583153457, "event_type": "POINT_IN_TIME", "key": "submission_benchmark", "value": "llama2_70b_lora", "metadata": {"file": "/opt/venv/lib/python3.12/site-packages/primus_mllog/mlperf_sft.py", "lineno": 120}}
:::MLLOG {"namespace": "", "time_ms": 1778583153467, "event_type": "POINT_IN_TIME", "key": "submission_org", "value": "AMD", "metadata": {"file": "/opt/venv/lib/python3.12/site-packages/primus_mllog/mlperf_sft.py", "lineno": 124}}
:::MLLOG {"namespace": "", "time_ms": 1778583153467, "event_type": "POINT_IN_TIME", "key": "submission_division", "value": "closed", "metadata": {"file": "/opt/venv/lib/python3.12/site-packages/primus_mllog/mlperf_sft.py", "lineno": 128}}
:::MLLOG {"namespace": "", "time_ms": 1778583153467, "event_type": "POINT_IN_TIME", "key": "submission_platform", "value": "MI355X", "metadata": {"file": "/opt/venv/lib/python3.12/site-packages/primus_mllog/mlperf_sft.py", "lineno": 132}}
:::MLLOG {"namespace": "", "time_ms": 1778583153467, "event_type": "POINT_IN_TIME", "key": "submission_status", "value": "onprem", "metadata": {"file": "/opt/venv/lib/python3.12/site-packages/primus_mllog/mlperf_sft.py", "lineno": 136}}
:::MLLOG {"namespace": "", "time_ms": 1778583153467, "event_type": "POINT_IN_TIME", "key": "target_accuracy", "value": 0.925, "metadata": {"file": "/opt/venv/lib/python3.12/site-packages/primus_mllog/mlperf_sft.py", "lineno": 139}}
:::MLLOG {"namespace": "", "time_ms": 1778583153467, "event_type": "POINT_IN_TIME", "key": "global_batch_size", "value": 8, "metadata": {"file": "/opt/venv/lib/python3.12/site-packages/primus_mllog/mlperf_sft.py", "lineno": 172}}
:::MLLOG {"namespace": "", "time_ms": 1778583153467, "event_type": "POINT_IN_TIME", "key": "train_samples", "value": 3901, "metadata": {"file": "/opt/venv/lib/python3.12/site-packages/primus_mllog/mlperf_sft.py", "lineno": 172}}
:::MLLOG {"namespace": "", "time_ms": 1778583153467, "event_type": "POINT_IN_TIME", "key": "eval_samples", "value": 173, "metadata": {"file": "/opt/venv/lib/python3.12/site-packages/primus_mllog/mlperf_sft.py", "lineno": 172}}
:::MLLOG {"namespace": "", "time_ms": 1778583153467, "event_type": "POINT_IN_TIME", "key": "gradient_accumulation_steps", "value": 1, "metadata": {"file": "/opt/venv/lib/python3.12/site-packages/primus_mllog/mlperf_sft.py", "lineno": 172}}
:::MLLOG {"namespace": "", "time_ms": 1778583153468, "event_type": "POINT_IN_TIME", "key": "seed", "value": 24862, "metadata": {"file": "/opt/venv/lib/python3.12/site-packages/primus_mllog/mlperf_sft.py", "lineno": 172}}
:::MLLOG {"namespace": "", "time_ms": 1778583153468, "event_type": "POINT_IN_TIME", "key": "opt_name", "value": "adamw", "metadata": {"file": "/opt/venv/lib/python3.12/site-packages/primus_mllog/mlperf_sft.py", "lineno": 172}}
:::MLLOG {"namespace": "", "time_ms": 1778583153468, "event_type": "POINT_IN_TIME", "key": "opt_base_learning_rate", "value": 0.0006, "metadata": {"file": "/opt/venv/lib/python3.12/site-packages/primus_mllog/mlperf_sft.py", "lineno": 172}}
:::MLLOG {"namespace": "", "time_ms": 1778583153468, "event_type": "POINT_IN_TIME", "key": "opt_adamw_beta_1", "value": 0.9, "metadata": {"file": "/opt/venv/lib/python3.12/site-packages/primus_mllog/mlperf_sft.py", "lineno": 172}}
:::MLLOG {"namespace": "", "time_ms": 1778583153468, "event_type": "POINT_IN_TIME", "key": "opt_adamw_beta_2", "value": 0.999, "metadata": {"file": "/opt/venv/lib/python3.12/site-packages/primus_mllog/mlperf_sft.py", "lineno": 172}}
:::MLLOG {"namespace": "", "time_ms": 1778583153468, "event_type": "POINT_IN_TIME", "key": "opt_adamw_epsilon", "value": 1e-08, "metadata": {"file": "/opt/venv/lib/python3.12/site-packages/primus_mllog/mlperf_sft.py", "lineno": 172}}
:::MLLOG {"namespace": "", "time_ms": 1778583153468, "event_type": "POINT_IN_TIME", "key": "opt_adamw_weight_decay", "value": 0.0001, "metadata": {"file": "/opt/venv/lib/python3.12/site-packages/primus_mllog/mlperf_sft.py", "lineno": 172}}
:::MLLOG {"namespace": "", "time_ms": 1778583153468, "event_type": "POINT_IN_TIME", "key": "opt_gradient_clip_norm", "value": 0.3, "metadata": {"file": "/opt/venv/lib/python3.12/site-packages/primus_mllog/mlperf_sft.py", "lineno": 172}}
:::MLLOG {"namespace": "", "time_ms": 1778583153468, "event_type": "POINT_IN_TIME", "key": "opt_learning_rate_warmup_factor", "value": 0.0, "metadata": {"file": "/opt/venv/lib/python3.12/site-packages/primus_mllog/mlperf_sft.py", "lineno": 172}}
:::MLLOG {"namespace": "", "time_ms": 1778583153468, "event_type": "POINT_IN_TIME", "key": "opt_learning_rate_training_steps", "value": 550, "metadata": {"file": "/opt/venv/lib/python3.12/site-packages/primus_mllog/mlperf_sft.py", "lineno": 172}}
:::MLLOG {"namespace": "", "time_ms": 1778583153468, "event_type": "POINT_IN_TIME", "key": "max_sequence_length", "value": 8192, "metadata": {"file": "/opt/venv/lib/python3.12/site-packages/primus_mllog/mlperf_sft.py", "lineno": 172}}
:::MLLOG {"namespace": "", "time_ms": 1778583153468, "event_type": "POINT_IN_TIME", "key": "max_steps", "value": 550, "metadata": {"file": "/opt/venv/lib/python3.12/site-packages/primus_mllog/mlperf_sft.py", "lineno": 172}}
:::MLLOG {"namespace": "", "time_ms": 1778583153468, "event_type": "POINT_IN_TIME", "key": "lora_rank", "value": 16, "metadata": {"file": "/opt/venv/lib/python3.12/site-packages/primus_mllog/mlperf_sft.py", "lineno": 172}}
:::MLLOG {"namespace": "", "time_ms": 1778583153468, "event_type": "POINT_IN_TIME", "key": "lora_alpha", "value": 32, "metadata": {"file": "/opt/venv/lib/python3.12/site-packages/primus_mllog/mlperf_sft.py", "lineno": 172}}
:::MLLOG {"namespace": "", "time_ms": 1778583153468, "event_type": "POINT_IN_TIME", "key": "tensor_parallelism", "value": 1, "metadata": {"file": "/opt/venv/lib/python3.12/site-packages/primus_mllog/mlperf_sft.py", "lineno": 172}}
:::MLLOG {"namespace": "", "time_ms": 1778583153468, "event_type": "POINT_IN_TIME", "key": "pipeline_parallelism", "value": 1, "metadata": {"file": "/opt/venv/lib/python3.12/site-packages/primus_mllog/mlperf_sft.py", "lineno": 172}}
:::MLLOG {"namespace": "", "time_ms": 1778583153468, "event_type": "POINT_IN_TIME", "key": "context_parallelism", "value": 1, "metadata": {"file": "/opt/venv/lib/python3.12/site-packages/primus_mllog/mlperf_sft.py", "lineno": 172}}
:::MLLOG {"namespace": "", "time_ms": 1778583153468, "event_type": "POINT_IN_TIME", "key": "expert_parallelism", "value": 1, "metadata": {"file": "/opt/venv/lib/python3.12/site-packages/primus_mllog/mlperf_sft.py", "lineno": 172}}
:::MLLOG {"namespace": "", "time_ms": 1778583153468, "event_type": "POINT_IN_TIME", "key": "micro_batch_size", "value": 1, "metadata": {"file": "/opt/venv/lib/python3.12/site-packages/primus_mllog/mlperf_sft.py", "lineno": 172}}
:::MLLOG {"namespace": "", "time_ms": 1778583153469, "event_type": "POINT_IN_TIME", "key": "config_filename", "value": "config_MI355X_1x8x1.sh", "metadata": {"file": "/opt/venv/lib/python3.12/site-packages/primus_mllog/mlperf_sft.py", "lineno": 172}}
:::MLLOG {"namespace": "", "time_ms": 1778583153469, "event_type": "POINT_IN_TIME", "key": "lowest_numerical_precision_linear", "value": "mxfp4", "metadata": {"file": "/opt/venv/lib/python3.12/site-packages/primus_mllog/mlperf_sft.py", "lineno": 172}}
:::MLLOG {"namespace": "", "time_ms": 1778583345136, "event_type": "INTERVAL_END", "key": "init_stop", "value": null, "metadata": {"file": "/opt/venv/lib/python3.12/site-packages/primus_mllog/mlperf_sft.py", "lineno": 186}}
:::MLLOG {"namespace": "", "time_ms": 1778583345137, "event_type": "INTERVAL_START", "key": "run_start", "value": null, "metadata": {"file": "/opt/venv/lib/python3.12/site-packages/primus_mllog/mlperf_sft.py", "lineno": 187}}
:::MLLOG {"namespace": "", "time_ms": 1778583345137, "event_type": "INTERVAL_START", "key": "epoch_start", "value": null, "metadata": {"file": "/opt/venv/lib/python3.12/site-packages/primus_mllog/mlperf_sft.py", "lineno": 189, "samples_count": 0}}
:::MLLOG {"namespace": "", "time_ms": 1778583345137, "event_type": "INTERVAL_START", "key": "block_start", "value": null, "metadata": {"file": "/opt/venv/lib/python3.12/site-packages/primus_mllog/mlperf_sft.py", "lineno": 192, "samples_count": 0}}
:::MLLOG {"namespace": "", "time_ms": 1778583552665, "event_type": "INTERVAL_END", "key": "block_stop", "value": null, "metadata": {"file": "/opt/venv/lib/python3.12/site-packages/primus_mllog/mlperf_sft.py", "lineno": 243, "samples_count": 1536}}
:::MLLOG {"namespace": "", "time_ms": 1778583552665, "event_type": "INTERVAL_START", "key": "eval_start", "value": null, "metadata": {"file": "/opt/venv/lib/python3.12/site-packages/primus_mllog/mlperf_sft.py", "lineno": 247, "samples_count": 1536}}
:::MLLOG {"namespace": "", "time_ms": 1778583562528, "event_type": "POINT_IN_TIME", "key": "eval_accuracy", "value": 0.9676873087882996, "metadata": {"file": "/opt/venv/lib/python3.12/site-packages/primus_mllog/mlperf_sft.py", "lineno": 264, "samples_count": 1536}}
:::MLLOG {"namespace": "", "time_ms": 1778583562528, "event_type": "INTERVAL_END", "key": "eval_stop", "value": null, "metadata": {"file": "/opt/venv/lib/python3.12/site-packages/primus_mllog/mlperf_sft.py", "lineno": 277, "samples_count": 1536}}
:::MLLOG {"namespace": "", "time_ms": 1778583562528, "event_type": "INTERVAL_START", "key": "block_start", "value": null, "metadata": {"file": "/opt/venv/lib/python3.12/site-packages/primus_mllog/mlperf_sft.py", "lineno": 283, "samples_count": 1536}}
:::MLLOG {"namespace": "", "time_ms": 1778583613911, "event_type": "INTERVAL_END", "key": "block_stop", "value": null, "metadata": {"file": "/opt/venv/lib/python3.12/site-packages/primus_mllog/mlperf_sft.py", "lineno": 243, "samples_count": 1920}}
:::MLLOG {"namespace": "", "time_ms": 1778583613911, "event_type": "INTERVAL_START", "key": "eval_start", "value": null, "metadata": {"file": "/opt/venv/lib/python3.12/site-packages/primus_mllog/mlperf_sft.py", "lineno": 247, "samples_count": 1920}}
:::MLLOG {"namespace": "", "time_ms": 1778583623682, "event_type": "POINT_IN_TIME", "key": "eval_accuracy", "value": 0.9588906168937683, "metadata": {"file": "/opt/venv/lib/python3.12/site-packages/primus_mllog/mlperf_sft.py", "lineno": 264, "samples_count": 1920}}
:::MLLOG {"namespace": "", "time_ms": 1778583623683, "event_type": "INTERVAL_END", "key": "eval_stop", "value": null, "metadata": {"file": "/opt/venv/lib/python3.12/site-packages/primus_mllog/mlperf_sft.py", "lineno": 277, "samples_count": 1920}}
:::MLLOG {"namespace": "", "time_ms": 1778583623683, "event_type": "INTERVAL_START", "key": "block_start", "value": null, "metadata": {"file": "/opt/venv/lib/python3.12/site-packages/primus_mllog/mlperf_sft.py", "lineno": 283, "samples_count": 1920}}
:::MLLOG {"namespace": "", "time_ms": 1778583675712, "event_type": "INTERVAL_END", "key": "block_stop", "value": null, "metadata": {"file": "/opt/venv/lib/python3.12/site-packages/primus_mllog/mlperf_sft.py", "lineno": 243, "samples_count": 2304}}
:::MLLOG {"namespace": "", "time_ms": 1778583675712, "event_type": "INTERVAL_START", "key": "eval_start", "value": null, "metadata": {"file": "/opt/venv/lib/python3.12/site-packages/primus_mllog/mlperf_sft.py", "lineno": 247, "samples_count": 2304}}
:::MLLOG {"namespace": "", "time_ms": 1778583685479, "event_type": "POINT_IN_TIME", "key": "eval_accuracy", "value": 0.9507265090942383, "metadata": {"file": "/opt/venv/lib/python3.12/site-packages/primus_mllog/mlperf_sft.py", "lineno": 264, "samples_count": 2304}}
:::MLLOG {"namespace": "", "time_ms": 1778583685480, "event_type": "INTERVAL_END", "key": "eval_stop", "value": null, "metadata": {"file": "/opt/venv/lib/python3.12/site-packages/primus_mllog/mlperf_sft.py", "lineno": 277, "samples_count": 2304}}
:::MLLOG {"namespace": "", "time_ms": 1778583685480, "event_type": "INTERVAL_START", "key": "block_start", "value": null, "metadata": {"file": "/opt/venv/lib/python3.12/site-packages/primus_mllog/mlperf_sft.py", "lineno": 283, "samples_count": 2304}}
:::MLLOG {"namespace": "", "time_ms": 1778583736769, "event_type": "INTERVAL_END", "key": "block_stop", "value": null, "metadata": {"file": "/opt/venv/lib/python3.12/site-packages/primus_mllog/mlperf_sft.py", "lineno": 243, "samples_count": 2688}}
:::MLLOG {"namespace": "", "time_ms": 1778583736769, "event_type": "INTERVAL_START", "key": "eval_start", "value": null, "metadata": {"file": "/opt/venv/lib/python3.12/site-packages/primus_mllog/mlperf_sft.py", "lineno": 247, "samples_count": 2688}}
:::MLLOG {"namespace": "", "time_ms": 1778583746511, "event_type": "POINT_IN_TIME", "key": "eval_accuracy", "value": 0.947431743144989, "metadata": {"file": "/opt/venv/lib/python3.12/site-packages/primus_mllog/mlperf_sft.py", "lineno": 264, "samples_count": 2688}}
:::MLLOG {"namespace": "", "time_ms": 1778583746511, "event_type": "INTERVAL_END", "key": "eval_stop", "value": null, "metadata": {"file": "/opt/venv/lib/python3.12/site-packages/primus_mllog/mlperf_sft.py", "lineno": 277, "samples_count": 2688}}
:::MLLOG {"namespace": "", "time_ms": 1778583746511, "event_type": "INTERVAL_START", "key": "block_start", "value": null, "metadata": {"file": "/opt/venv/lib/python3.12/site-packages/primus_mllog/mlperf_sft.py", "lineno": 283, "samples_count": 2688}}
:::MLLOG {"namespace": "", "time_ms": 1778583816737, "event_type": "INTERVAL_END", "key": "block_stop", "value": null, "metadata": {"file": "/opt/venv/lib/python3.12/site-packages/primus_mllog/mlperf_sft.py", "lineno": 243, "samples_count": 3072}}
:::MLLOG {"namespace": "", "time_ms": 1778583816738, "event_type": "INTERVAL_START", "key": "eval_start", "value": null, "metadata": {"file": "/opt/venv/lib/python3.12/site-packages/primus_mllog/mlperf_sft.py", "lineno": 247, "samples_count": 3072}}
:::MLLOG {"namespace": "", "time_ms": 1778583829480, "event_type": "POINT_IN_TIME", "key": "eval_accuracy", "value": 0.9244544506072998, "metadata": {"file": "/opt/venv/lib/python3.12/site-packages/primus_mllog/mlperf_sft.py", "lineno": 264, "samples_count": 3072}}
:::MLLOG {"namespace": "", "time_ms": 1778583829481, "event_type": "INTERVAL_END", "key": "eval_stop", "value": null, "metadata": {"file": "/opt/venv/lib/python3.12/site-packages/primus_mllog/mlperf_sft.py", "lineno": 277, "samples_count": 3072}}
:::MLLOG {"namespace": "", "time_ms": 1778583829489, "event_type": "INTERVAL_END", "key": "epoch_stop", "value": null, "metadata": {"file": "/opt/venv/lib/python3.12/site-packages/primus_mllog/mlperf_sft.py", "lineno": 305, "samples_count": 3072}}
:::MLLOG {"namespace": "", "time_ms": 1778583829489, "event_type": "INTERVAL_END", "key": "run_stop", "value": null, "metadata": {"file": "/opt/venv/lib/python3.12/site-packages/primus_mllog/mlperf_sft.py", "lineno": 319, "samples_count": 3072, "status": "success"}}
:::MLLOG {"namespace": "", "time_ms": 1778583829489, "event_type": "POINT_IN_TIME", "key": "run_duration", "value": "484.35s -> 8.07 minutes", "metadata": {"file": "/opt/venv/lib/python3.12/site-packages/primus_mllog/mlperf_sft.py", "lineno": 331, "samples": 3072}}
:::MLLOG {"namespace": "", "time_ms": 1778583829489, "event_type": "POINT_IN_TIME", "key": "throughput", "value": 6.34, "metadata": {"file": "/opt/venv/lib/python3.12/site-packages/primus_mllog/mlperf_sft.py", "lineno": 336, "samples": 3072}}
RESULT,LLAMA2_70B_LORA_SFT,,737,AMD,2026-05-12 10:51:58 AM
Beginning trial 10 of 10
Clearing cache on mi355mlperf
vm.drop_caches = 3
launching experiment using: --env=AITER_CONFIG_GEMM_A4W4 --env=AITER_LOG_LEVEL --env=AITER_LOG_MORE --env=AITER_LOG_TUNED_CONFIG --env=CP --env=CUBLAS_FORCE_XMMA_KERNEL_INIT --env=CUDA_DEVICE_MAX_CONNECTIONS --env=CUDNN_FRONTEND_ATTN_DP_WORKSPACE_LIMIT --env=DATA_PATH --env=DGXSYSTEM --env=ENABLE_MLLOG --env=ENABLE_TRANSPOSE_CACHE --env=EXP --env=FP4 --env=FP4_RECIPE --env=FP8 --env=FP8_ACT --env=FP8_ACTIVATION --env=FP8_AMAX_ALGO --env=FP8_AMAX_HISTORY --env=FP8_DPA --env=FP8_REDUCE_AMAX --env=FUSED_SOFTMAX --env=GPUS_PER_NODE --env=GPU_MAX_HW_QUEUES --env=HEALING_ITER --env=HEALING_PRECISION --env=HSA_ENABLE_INTERRUPT --env=HSA_ENABLE_SDMA --env=HSA_NO_SCRATCH_RECLAIM --env=HYDRA_FULL_ERROR --env=LOAD_CKPT --env=LOGGING_INTERVAL --env=LORA_A2A --env=LR --env=MASTER_ADDR --env=MASTER_PORT --env=MAX_STEPS --env=MBS --env=MCORE_CUDA_GRAPH --env=MC_TP_OVERLAP_AG --env=MC_TP_OVERLAP_RS --env=MC_TP_OVERLAP_RS_DGRAD --env=MEGATRON_BRIDGE_LOGGING_LEVEL --env=MINIBS --env=MLLOG_CONFIG_FILENAME --env=MLLOG_CONTEXT_PARALLELISM --env=MLLOG_EXPERT_PARALLELISM --env=MLLOG_LOWEST_NUMERICAL_PRECISION_LINEAR --env=MLLOG_MICRO_BATCH_SIZE --env=MLLOG_OUTPUT_FILE --env=MLLOG_PIPELINE_PARALLELISM --env=MLLOG_SUBMISSION_BENCHMARK --env=MLLOG_SUBMISSION_DIVISION --env=MLLOG_SUBMISSION_ORG --env=MLLOG_SUBMISSION_PLATFORM --env=MLLOG_TARGET_EVAL_LOSS --env=MLLOG_TENSOR_PARALLELISM --env=MLLOG_TRAIN_LOSS_LOG_FREQ --env=NCCL_CHECKS_DISABLE --env=NCCL_MIN_CTAS --env=NCCL_MIN_P2P_NCHANNELS --env=NCCL_NCHANNELS_PER_NET_PEER --env=NCCL_NVLS_ENABLE --env=NEXP --env=NNODES --env=NODE_RANK --env=NVTE_CK_IS_V3_ATOMIC_FP32 --env=NVTE_CK_USES_BWD_V3 --env=NVTE_CK_USES_FWD_V3 --env=NVTE_DEBUG --env=NVTE_DEBUG_LEVEL --env=NVTE_FP4_LOG_GEMM_SHAPES --env=NVTE_FP8_DPA_BWD --env=NVTE_FUSED_ATTN --env=NVTE_FUSED_ATTN_AOTRITON --env=NVTE_FUSED_ATTN_CK --env=NVTE_MXFP4_USE_HADAMARD --env=NVTE_RS_STRIDED_ATOMIC --env=NVTE_USE_AITER_ROPE --env=NVTE_USE_CAST_TRANSPOSE_TRITON --env=NVTE_USE_HIPBLASLT --env=NVTE_USE_OPTIMIZED_HIPIFIED_CAST_TRANSPOSE --env=NVTE_USE_RMSNORM_TRITON --env=OMP_NUM_THREADS --env=PACKED_METADATA_PATH --env=PACKED_TRAIN_DATA_PATH --env=PACKED_VAL_DATA_PATH --env=POSSIBLE_USER_WARNINGS --env=PP --env=PRETRAINED_CHECKPOINT --env=PRE_QUANTIZED_MODEL --env=PRIMUS_LOG_LEVEL --env=PRIMUS_PATH --env=PROFILE_RPD --env=PT_TENSOR_VALIDATION --env=PYTHONPATH --env=PYTHONWARNINGS --env=RECOMPUTE_GRANULARITY --env=RECOMPUTE_METHOD --env=RECOMPUTE_NUM_LAYERS --env=RESET_CG_AFTER_HEALING --env=RMSNORM_CAST --env=SKIP_EVALS --env=SP --env=SYNTH_WARMUP_STEPS --env=SYNTH_WARMUP_VALID_STEPS --env=TORCH_BLAS_PREFER_HIPBLASLT --env=TORCH_NCCL_HIGH_PRIORITY --env=TP --env=TP_COMM_OVERLAP --env=USE_HIPBLASLT --env=USE_TE_SWIGLU --env=VAL_CHECK_INTERVAL --env=VBOOST_VALUE --env=DATADIR --env=DGXSYSTEM --env=PROFILER --env=LOGDIR --env=HF_TOKEN --env=SEED=25272 mlperf_llama2_sft_primus /workspace/code/run_and_time.sh
:::MLLOG {"namespace": "", "time_ms": 1778583892796, "event_type": "POINT_IN_TIME", "key": "cache_clear", "value": true, "metadata": {"file": "/opt/venv/lib/python3.12/site-packages/primus_mllog/mlperf_logger.py", "lineno": 41}}
:::MLLOG {"namespace": "", "time_ms": 1778583892796, "event_type": "POINT_IN_TIME", "key": "init_start", "value": null, "metadata": {"file": "/opt/venv/lib/python3.12/site-packages/primus_mllog/mlperf_logger.py", "lineno": 41}}
:::MLLOG {"namespace": "", "time_ms": 1778583893098, "event_type": "POINT_IN_TIME", "key": "submission_benchmark", "value": "llama2_70b_lora", "metadata": {"file": "/opt/venv/lib/python3.12/site-packages/primus_mllog/mlperf_sft.py", "lineno": 120}}
:::MLLOG {"namespace": "", "time_ms": 1778583893105, "event_type": "POINT_IN_TIME", "key": "submission_org", "value": "AMD", "metadata": {"file": "/opt/venv/lib/python3.12/site-packages/primus_mllog/mlperf_sft.py", "lineno": 124}}
:::MLLOG {"namespace": "", "time_ms": 1778583893106, "event_type": "POINT_IN_TIME", "key": "submission_division", "value": "closed", "metadata": {"file": "/opt/venv/lib/python3.12/site-packages/primus_mllog/mlperf_sft.py", "lineno": 128}}
:::MLLOG {"namespace": "", "time_ms": 1778583893106, "event_type": "POINT_IN_TIME", "key": "submission_platform", "value": "MI355X", "metadata": {"file": "/opt/venv/lib/python3.12/site-packages/primus_mllog/mlperf_sft.py", "lineno": 132}}
:::MLLOG {"namespace": "", "time_ms": 1778583893106, "event_type": "POINT_IN_TIME", "key": "submission_status", "value": "onprem", "metadata": {"file": "/opt/venv/lib/python3.12/site-packages/primus_mllog/mlperf_sft.py", "lineno": 136}}
:::MLLOG {"namespace": "", "time_ms": 1778583893106, "event_type": "POINT_IN_TIME", "key": "target_accuracy", "value": 0.925, "metadata": {"file": "/opt/venv/lib/python3.12/site-packages/primus_mllog/mlperf_sft.py", "lineno": 139}}
:::MLLOG {"namespace": "", "time_ms": 1778583893106, "event_type": "POINT_IN_TIME", "key": "global_batch_size", "value": 8, "metadata": {"file": "/opt/venv/lib/python3.12/site-packages/primus_mllog/mlperf_sft.py", "lineno": 172}}
:::MLLOG {"namespace": "", "time_ms": 1778583893106, "event_type": "POINT_IN_TIME", "key": "train_samples", "value": 3901, "metadata": {"file": "/opt/venv/lib/python3.12/site-packages/primus_mllog/mlperf_sft.py", "lineno": 172}}
:::MLLOG {"namespace": "", "time_ms": 1778583893106, "event_type": "POINT_IN_TIME", "key": "eval_samples", "value": 173, "metadata": {"file": "/opt/venv/lib/python3.12/site-packages/primus_mllog/mlperf_sft.py", "lineno": 172}}
:::MLLOG {"namespace": "", "time_ms": 1778583893106, "event_type": "POINT_IN_TIME", "key": "gradient_accumulation_steps", "value": 1, "metadata": {"file": "/opt/venv/lib/python3.12/site-packages/primus_mllog/mlperf_sft.py", "lineno": 172}}
:::MLLOG {"namespace": "", "time_ms": 1778583893106, "event_type": "POINT_IN_TIME", "key": "seed", "value": 25272, "metadata": {"file": "/opt/venv/lib/python3.12/site-packages/primus_mllog/mlperf_sft.py", "lineno": 172}}
:::MLLOG {"namespace": "", "time_ms": 1778583893106, "event_type": "POINT_IN_TIME", "key": "opt_name", "value": "adamw", "metadata": {"file": "/opt/venv/lib/python3.12/site-packages/primus_mllog/mlperf_sft.py", "lineno": 172}}
:::MLLOG {"namespace": "", "time_ms": 1778583893106, "event_type": "POINT_IN_TIME", "key": "opt_base_learning_rate", "value": 0.0006, "metadata": {"file": "/opt/venv/lib/python3.12/site-packages/primus_mllog/mlperf_sft.py", "lineno": 172}}
:::MLLOG {"namespace": "", "time_ms": 1778583893106, "event_type": "POINT_IN_TIME", "key": "opt_adamw_beta_1", "value": 0.9, "metadata": {"file": "/opt/venv/lib/python3.12/site-packages/primus_mllog/mlperf_sft.py", "lineno": 172}}
:::MLLOG {"namespace": "", "time_ms": 1778583893106, "event_type": "POINT_IN_TIME", "key": "opt_adamw_beta_2", "value": 0.999, "metadata": {"file": "/opt/venv/lib/python3.12/site-packages/primus_mllog/mlperf_sft.py", "lineno": 172}}
:::MLLOG {"namespace": "", "time_ms": 1778583893106, "event_type": "POINT_IN_TIME", "key": "opt_adamw_epsilon", "value": 1e-08, "metadata": {"file": "/opt/venv/lib/python3.12/site-packages/primus_mllog/mlperf_sft.py", "lineno": 172}}
:::MLLOG {"namespace": "", "time_ms": 1778583893106, "event_type": "POINT_IN_TIME", "key": "opt_adamw_weight_decay", "value": 0.0001, "metadata": {"file": "/opt/venv/lib/python3.12/site-packages/primus_mllog/mlperf_sft.py", "lineno": 172}}
:::MLLOG {"namespace": "", "time_ms": 1778583893106, "event_type": "POINT_IN_TIME", "key": "opt_gradient_clip_norm", "value": 0.3, "metadata": {"file": "/opt/venv/lib/python3.12/site-packages/primus_mllog/mlperf_sft.py", "lineno": 172}}
:::MLLOG {"namespace": "", "time_ms": 1778583893106, "event_type": "POINT_IN_TIME", "key": "opt_learning_rate_warmup_factor", "value": 0.0, "metadata": {"file": "/opt/venv/lib/python3.12/site-packages/primus_mllog/mlperf_sft.py", "lineno": 172}}
:::MLLOG {"namespace": "", "time_ms": 1778583893106, "event_type": "POINT_IN_TIME", "key": "opt_learning_rate_training_steps", "value": 550, "metadata": {"file": "/opt/venv/lib/python3.12/site-packages/primus_mllog/mlperf_sft.py", "lineno": 172}}
:::MLLOG {"namespace": "", "time_ms": 1778583893106, "event_type": "POINT_IN_TIME", "key": "max_sequence_length", "value": 8192, "metadata": {"file": "/opt/venv/lib/python3.12/site-packages/primus_mllog/mlperf_sft.py", "lineno": 172}}
:::MLLOG {"namespace": "", "time_ms": 1778583893106, "event_type": "POINT_IN_TIME", "key": "max_steps", "value": 550, "metadata": {"file": "/opt/venv/lib/python3.12/site-packages/primus_mllog/mlperf_sft.py", "lineno": 172}}
:::MLLOG {"namespace": "", "time_ms": 1778583893107, "event_type": "POINT_IN_TIME", "key": "lora_rank", "value": 16, "metadata": {"file": "/opt/venv/lib/python3.12/site-packages/primus_mllog/mlperf_sft.py", "lineno": 172}}
:::MLLOG {"namespace": "", "time_ms": 1778583893107, "event_type": "POINT_IN_TIME", "key": "lora_alpha", "value": 32, "metadata": {"file": "/opt/venv/lib/python3.12/site-packages/primus_mllog/mlperf_sft.py", "lineno": 172}}
:::MLLOG {"namespace": "", "time_ms": 1778583893107, "event_type": "POINT_IN_TIME", "key": "tensor_parallelism", "value": 1, "metadata": {"file": "/opt/venv/lib/python3.12/site-packages/primus_mllog/mlperf_sft.py", "lineno": 172}}
:::MLLOG {"namespace": "", "time_ms": 1778583893107, "event_type": "POINT_IN_TIME", "key": "pipeline_parallelism", "value": 1, "metadata": {"file": "/opt/venv/lib/python3.12/site-packages/primus_mllog/mlperf_sft.py", "lineno": 172}}
:::MLLOG {"namespace": "", "time_ms": 1778583893107, "event_type": "POINT_IN_TIME", "key": "context_parallelism", "value": 1, "metadata": {"file": "/opt/venv/lib/python3.12/site-packages/primus_mllog/mlperf_sft.py", "lineno": 172}}
:::MLLOG {"namespace": "", "time_ms": 1778583893107, "event_type": "POINT_IN_TIME", "key": "expert_parallelism", "value": 1, "metadata": {"file": "/opt/venv/lib/python3.12/site-packages/primus_mllog/mlperf_sft.py", "lineno": 172}}
:::MLLOG {"namespace": "", "time_ms": 1778583893107, "event_type": "POINT_IN_TIME", "key": "micro_batch_size", "value": 1, "metadata": {"file": "/opt/venv/lib/python3.12/site-packages/primus_mllog/mlperf_sft.py", "lineno": 172}}
:::MLLOG {"namespace": "", "time_ms": 1778583893107, "event_type": "POINT_IN_TIME", "key": "config_filename", "value": "config_MI355X_1x8x1.sh", "metadata": {"file": "/opt/venv/lib/python3.12/site-packages/primus_mllog/mlperf_sft.py", "lineno": 172}}
:::MLLOG {"namespace": "", "time_ms": 1778583893107, "event_type": "POINT_IN_TIME", "key": "lowest_numerical_precision_linear", "value": "mxfp4", "metadata": {"file": "/opt/venv/lib/python3.12/site-packages/primus_mllog/mlperf_sft.py", "lineno": 172}}
:::MLLOG {"namespace": "", "time_ms": 1778584083143, "event_type": "INTERVAL_END", "key": "init_stop", "value": null, "metadata": {"file": "/opt/venv/lib/python3.12/site-packages/primus_mllog/mlperf_sft.py", "lineno": 186}}
:::MLLOG {"namespace": "", "time_ms": 1778584083143, "event_type": "INTERVAL_START", "key": "run_start", "value": null, "metadata": {"file": "/opt/venv/lib/python3.12/site-packages/primus_mllog/mlperf_sft.py", "lineno": 187}}
:::MLLOG {"namespace": "", "time_ms": 1778584083143, "event_type": "INTERVAL_START", "key": "epoch_start", "value": null, "metadata": {"file": "/opt/venv/lib/python3.12/site-packages/primus_mllog/mlperf_sft.py", "lineno": 189, "samples_count": 0}}
:::MLLOG {"namespace": "", "time_ms": 1778584083143, "event_type": "INTERVAL_START", "key": "block_start", "value": null, "metadata": {"file": "/opt/venv/lib/python3.12/site-packages/primus_mllog/mlperf_sft.py", "lineno": 192, "samples_count": 0}}
:::MLLOG {"namespace": "", "time_ms": 1778584290112, "event_type": "INTERVAL_END", "key": "block_stop", "value": null, "metadata": {"file": "/opt/venv/lib/python3.12/site-packages/primus_mllog/mlperf_sft.py", "lineno": 243, "samples_count": 1536}}
:::MLLOG {"namespace": "", "time_ms": 1778584290112, "event_type": "INTERVAL_START", "key": "eval_start", "value": null, "metadata": {"file": "/opt/venv/lib/python3.12/site-packages/primus_mllog/mlperf_sft.py", "lineno": 247, "samples_count": 1536}}
:::MLLOG {"namespace": "", "time_ms": 1778584299963, "event_type": "POINT_IN_TIME", "key": "eval_accuracy", "value": 0.971513569355011, "metadata": {"file": "/opt/venv/lib/python3.12/site-packages/primus_mllog/mlperf_sft.py", "lineno": 264, "samples_count": 1536}}
:::MLLOG {"namespace": "", "time_ms": 1778584299963, "event_type": "INTERVAL_END", "key": "eval_stop", "value": null, "metadata": {"file": "/opt/venv/lib/python3.12/site-packages/primus_mllog/mlperf_sft.py", "lineno": 277, "samples_count": 1536}}
:::MLLOG {"namespace": "", "time_ms": 1778584299963, "event_type": "INTERVAL_START", "key": "block_start", "value": null, "metadata": {"file": "/opt/venv/lib/python3.12/site-packages/primus_mllog/mlperf_sft.py", "lineno": 283, "samples_count": 1536}}
:::MLLOG {"namespace": "", "time_ms": 1778584351215, "event_type": "INTERVAL_END", "key": "block_stop", "value": null, "metadata": {"file": "/opt/venv/lib/python3.12/site-packages/primus_mllog/mlperf_sft.py", "lineno": 243, "samples_count": 1920}}
:::MLLOG {"namespace": "", "time_ms": 1778584351215, "event_type": "INTERVAL_START", "key": "eval_start", "value": null, "metadata": {"file": "/opt/venv/lib/python3.12/site-packages/primus_mllog/mlperf_sft.py", "lineno": 247, "samples_count": 1920}}
:::MLLOG {"namespace": "", "time_ms": 1778584360964, "event_type": "POINT_IN_TIME", "key": "eval_accuracy", "value": 0.9530764222145081, "metadata": {"file": "/opt/venv/lib/python3.12/site-packages/primus_mllog/mlperf_sft.py", "lineno": 264, "samples_count": 1920}}
:::MLLOG {"namespace": "", "time_ms": 1778584360965, "event_type": "INTERVAL_END", "key": "eval_stop", "value": null, "metadata": {"file": "/opt/venv/lib/python3.12/site-packages/primus_mllog/mlperf_sft.py", "lineno": 277, "samples_count": 1920}}
:::MLLOG {"namespace": "", "time_ms": 1778584360965, "event_type": "INTERVAL_START", "key": "block_start", "value": null, "metadata": {"file": "/opt/venv/lib/python3.12/site-packages/primus_mllog/mlperf_sft.py", "lineno": 283, "samples_count": 1920}}
:::MLLOG {"namespace": "", "time_ms": 1778584412764, "event_type": "INTERVAL_END", "key": "block_stop", "value": null, "metadata": {"file": "/opt/venv/lib/python3.12/site-packages/primus_mllog/mlperf_sft.py", "lineno": 243, "samples_count": 2304}}
:::MLLOG {"namespace": "", "time_ms": 1778584412764, "event_type": "INTERVAL_START", "key": "eval_start", "value": null, "metadata": {"file": "/opt/venv/lib/python3.12/site-packages/primus_mllog/mlperf_sft.py", "lineno": 247, "samples_count": 2304}}
:::MLLOG {"namespace": "", "time_ms": 1778584422530, "event_type": "POINT_IN_TIME", "key": "eval_accuracy", "value": 0.9476227760314941, "metadata": {"file": "/opt/venv/lib/python3.12/site-packages/primus_mllog/mlperf_sft.py", "lineno": 264, "samples_count": 2304}}
:::MLLOG {"namespace": "", "time_ms": 1778584422530, "event_type": "INTERVAL_END", "key": "eval_stop", "value": null, "metadata": {"file": "/opt/venv/lib/python3.12/site-packages/primus_mllog/mlperf_sft.py", "lineno": 277, "samples_count": 2304}}
:::MLLOG {"namespace": "", "time_ms": 1778584422530, "event_type": "INTERVAL_START", "key": "block_start", "value": null, "metadata": {"file": "/opt/venv/lib/python3.12/site-packages/primus_mllog/mlperf_sft.py", "lineno": 283, "samples_count": 2304}}
:::MLLOG {"namespace": "", "time_ms": 1778584473776, "event_type": "INTERVAL_END", "key": "block_stop", "value": null, "metadata": {"file": "/opt/venv/lib/python3.12/site-packages/primus_mllog/mlperf_sft.py", "lineno": 243, "samples_count": 2688}}
:::MLLOG {"namespace": "", "time_ms": 1778584473776, "event_type": "INTERVAL_START", "key": "eval_start", "value": null, "metadata": {"file": "/opt/venv/lib/python3.12/site-packages/primus_mllog/mlperf_sft.py", "lineno": 247, "samples_count": 2688}}
:::MLLOG {"namespace": "", "time_ms": 1778584483528, "event_type": "POINT_IN_TIME", "key": "eval_accuracy", "value": 0.945652425289154, "metadata": {"file": "/opt/venv/lib/python3.12/site-packages/primus_mllog/mlperf_sft.py", "lineno": 264, "samples_count": 2688}}
:::MLLOG {"namespace": "", "time_ms": 1778584483529, "event_type": "INTERVAL_END", "key": "eval_stop", "value": null, "metadata": {"file": "/opt/venv/lib/python3.12/site-packages/primus_mllog/mlperf_sft.py", "lineno": 277, "samples_count": 2688}}
:::MLLOG {"namespace": "", "time_ms": 1778584483529, "event_type": "INTERVAL_START", "key": "block_start", "value": null, "metadata": {"file": "/opt/venv/lib/python3.12/site-packages/primus_mllog/mlperf_sft.py", "lineno": 283, "samples_count": 2688}}
:::MLLOG {"namespace": "", "time_ms": 1778584553626, "event_type": "INTERVAL_END", "key": "block_stop", "value": null, "metadata": {"file": "/opt/venv/lib/python3.12/site-packages/primus_mllog/mlperf_sft.py", "lineno": 243, "samples_count": 3072}}
:::MLLOG {"namespace": "", "time_ms": 1778584553627, "event_type": "INTERVAL_START", "key": "eval_start", "value": null, "metadata": {"file": "/opt/venv/lib/python3.12/site-packages/primus_mllog/mlperf_sft.py", "lineno": 247, "samples_count": 3072}}
:::MLLOG {"namespace": "", "time_ms": 1778584566399, "event_type": "POINT_IN_TIME", "key": "eval_accuracy", "value": 0.9226778149604797, "metadata": {"file": "/opt/venv/lib/python3.12/site-packages/primus_mllog/mlperf_sft.py", "lineno": 264, "samples_count": 3072}}
:::MLLOG {"namespace": "", "time_ms": 1778584566400, "event_type": "INTERVAL_END", "key": "eval_stop", "value": null, "metadata": {"file": "/opt/venv/lib/python3.12/site-packages/primus_mllog/mlperf_sft.py", "lineno": 277, "samples_count": 3072}}
:::MLLOG {"namespace": "", "time_ms": 1778584566407, "event_type": "INTERVAL_END", "key": "epoch_stop", "value": null, "metadata": {"file": "/opt/venv/lib/python3.12/site-packages/primus_mllog/mlperf_sft.py", "lineno": 305, "samples_count": 3072}}
:::MLLOG {"namespace": "", "time_ms": 1778584566407, "event_type": "INTERVAL_END", "key": "run_stop", "value": null, "metadata": {"file": "/opt/venv/lib/python3.12/site-packages/primus_mllog/mlperf_sft.py", "lineno": 319, "samples_count": 3072, "status": "success"}}
:::MLLOG {"namespace": "", "time_ms": 1778584566407, "event_type": "POINT_IN_TIME", "key": "run_duration", "value": "483.26s -> 8.05 minutes", "metadata": {"file": "/opt/venv/lib/python3.12/site-packages/primus_mllog/mlperf_sft.py", "lineno": 331, "samples": 3072}}
:::MLLOG {"namespace": "", "time_ms": 1778584566407, "event_type": "POINT_IN_TIME", "key": "throughput", "value": 6.36, "metadata": {"file": "/opt/venv/lib/python3.12/site-packages/primus_mllog/mlperf_sft.py", "lineno": 336, "samples": 3072}}
RESULT,LLAMA2_70B_LORA_SFT,,733,AMD,2026-05-12 11:04:20 AM
mlperf_llama2_sft_primus
f051e07a871b50a8666fcf0b14fc7d20d0f11e466b5d6a117d6e2d1880cd7e91
Beginning trial 1 of 10
Clearing cache on mi355mlperf
vm.drop_caches = 3
launching experiment using: --env=AITER_CONFIG_GEMM_A4W4 --env=AITER_LOG_LEVEL --env=AITER_LOG_MORE --env=AITER_LOG_TUNED_CONFIG --env=CP --env=CUBLAS_FORCE_XMMA_KERNEL_INIT --env=CUDA_DEVICE_MAX_CONNECTIONS --env=CUDNN_FRONTEND_ATTN_DP_WORKSPACE_LIMIT --env=DATA_PATH --env=DGXSYSTEM --env=ENABLE_MLLOG --env=ENABLE_TRANSPOSE_CACHE --env=EXP --env=FP4 --env=FP4_RECIPE --env=FP8 --env=FP8_ACT --env=FP8_ACTIVATION --env=FP8_AMAX_ALGO --env=FP8_AMAX_HISTORY --env=FP8_DPA --env=FP8_REDUCE_AMAX --env=FUSED_SOFTMAX --env=GPUS_PER_NODE --env=GPU_MAX_HW_QUEUES --env=HEALING_ITER --env=HEALING_PRECISION --env=HSA_ENABLE_INTERRUPT --env=HSA_ENABLE_SDMA --env=HSA_NO_SCRATCH_RECLAIM --env=HYDRA_FULL_ERROR --env=LOAD_CKPT --env=LOGGING_INTERVAL --env=LORA_A2A --env=LR --env=MASTER_ADDR --env=MASTER_PORT --env=MAX_STEPS --env=MBS --env=MCORE_CUDA_GRAPH --env=MC_TP_OVERLAP_AG --env=MC_TP_OVERLAP_RS --env=MC_TP_OVERLAP_RS_DGRAD --env=MEGATRON_BRIDGE_LOGGING_LEVEL --env=MINIBS --env=MLLOG_CONFIG_FILENAME --env=MLLOG_CONTEXT_PARALLELISM --env=MLLOG_EXPERT_PARALLELISM --env=MLLOG_LOWEST_NUMERICAL_PRECISION_LINEAR --env=MLLOG_MICRO_BATCH_SIZE --env=MLLOG_OUTPUT_FILE --env=MLLOG_PIPELINE_PARALLELISM --env=MLLOG_SUBMISSION_BENCHMARK --env=MLLOG_SUBMISSION_DIVISION --env=MLLOG_SUBMISSION_ORG --env=MLLOG_SUBMISSION_PLATFORM --env=MLLOG_TARGET_EVAL_LOSS --env=MLLOG_TENSOR_PARALLELISM --env=MLLOG_TRAIN_LOSS_LOG_FREQ --env=NCCL_CHECKS_DISABLE --env=NCCL_MIN_CTAS --env=NCCL_MIN_P2P_NCHANNELS --env=NCCL_NCHANNELS_PER_NET_PEER --env=NCCL_NVLS_ENABLE --env=NEXP --env=NNODES --env=NODE_RANK --env=NVTE_CK_IS_V3_ATOMIC_FP32 --env=NVTE_CK_USES_BWD_V3 --env=NVTE_CK_USES_FWD_V3 --env=NVTE_DEBUG --env=NVTE_DEBUG_LEVEL --env=NVTE_FP4_LOG_GEMM_SHAPES --env=NVTE_FP8_DPA_BWD --env=NVTE_FUSED_ATTN --env=NVTE_FUSED_ATTN_AOTRITON --env=NVTE_FUSED_ATTN_CK --env=NVTE_MXFP4_USE_HADAMARD --env=NVTE_RS_STRIDED_ATOMIC --env=NVTE_USE_AITER_ROPE --env=NVTE_USE_CAST_TRANSPOSE_TRITON --env=NVTE_USE_HIPBLASLT --env=NVTE_USE_OPTIMIZED_HIPIFIED_CAST_TRANSPOSE --env=NVTE_USE_RMSNORM_TRITON --env=OMP_NUM_THREADS --env=PACKED_METADATA_PATH --env=PACKED_TRAIN_DATA_PATH --env=PACKED_VAL_DATA_PATH --env=POSSIBLE_USER_WARNINGS --env=PP --env=PRETRAINED_CHECKPOINT --env=PRE_QUANTIZED_MODEL --env=PRIMUS_LOG_LEVEL --env=PRIMUS_PATH --env=PROFILE_RPD --env=PT_TENSOR_VALIDATION --env=PYTHONPATH --env=PYTHONWARNINGS --env=RECOMPUTE_GRANULARITY --env=RECOMPUTE_METHOD --env=RECOMPUTE_NUM_LAYERS --env=RESET_CG_AFTER_HEALING --env=RMSNORM_CAST --env=SKIP_EVALS --env=SP --env=SYNTH_WARMUP_STEPS --env=SYNTH_WARMUP_VALID_STEPS --env=TORCH_BLAS_PREFER_HIPBLASLT --env=TORCH_NCCL_HIGH_PRIORITY --env=TP --env=TP_COMM_OVERLAP --env=USE_HIPBLASLT --env=USE_TE_SWIGLU --env=VAL_CHECK_INTERVAL --env=VBOOST_VALUE --env=DATADIR --env=DGXSYSTEM --env=PROFILER --env=LOGDIR --env=HF_TOKEN --env=SEED=24339 mlperf_llama2_sft_primus /workspace/code/run_and_time.sh
:::MLLOG {"namespace": "", "time_ms": 1778603350729, "event_type": "POINT_IN_TIME", "key": "cache_clear", "value": true, "metadata": {"file": "/opt/venv/lib/python3.12/site-packages/primus_mllog/mlperf_logger.py", "lineno": 41}}
:::MLLOG {"namespace": "", "time_ms": 1778603350730, "event_type": "POINT_IN_TIME", "key": "init_start", "value": null, "metadata": {"file": "/opt/venv/lib/python3.12/site-packages/primus_mllog/mlperf_logger.py", "lineno": 41}}
:::MLLOG {"namespace": "", "time_ms": 1778603351028, "event_type": "POINT_IN_TIME", "key": "submission_benchmark", "value": "llama2_70b_lora", "metadata": {"file": "/opt/venv/lib/python3.12/site-packages/primus_mllog/mlperf_sft.py", "lineno": 120}}
:::MLLOG {"namespace": "", "time_ms": 1778603351035, "event_type": "POINT_IN_TIME", "key": "submission_org", "value": "AMD", "metadata": {"file": "/opt/venv/lib/python3.12/site-packages/primus_mllog/mlperf_sft.py", "lineno": 124}}
:::MLLOG {"namespace": "", "time_ms": 1778603351035, "event_type": "POINT_IN_TIME", "key": "submission_division", "value": "closed", "metadata": {"file": "/opt/venv/lib/python3.12/site-packages/primus_mllog/mlperf_sft.py", "lineno": 128}}
:::MLLOG {"namespace": "", "time_ms": 1778603351035, "event_type": "POINT_IN_TIME", "key": "submission_platform", "value": "MI355X", "metadata": {"file": "/opt/venv/lib/python3.12/site-packages/primus_mllog/mlperf_sft.py", "lineno": 132}}
:::MLLOG {"namespace": "", "time_ms": 1778603351035, "event_type": "POINT_IN_TIME", "key": "submission_status", "value": "onprem", "metadata": {"file": "/opt/venv/lib/python3.12/site-packages/primus_mllog/mlperf_sft.py", "lineno": 136}}
:::MLLOG {"namespace": "", "time_ms": 1778603351035, "event_type": "POINT_IN_TIME", "key": "target_accuracy", "value": 0.925, "metadata": {"file": "/opt/venv/lib/python3.12/site-packages/primus_mllog/mlperf_sft.py", "lineno": 139}}
:::MLLOG {"namespace": "", "time_ms": 1778603351035, "event_type": "POINT_IN_TIME", "key": "global_batch_size", "value": 8, "metadata": {"file": "/opt/venv/lib/python3.12/site-packages/primus_mllog/mlperf_sft.py", "lineno": 172}}
:::MLLOG {"namespace": "", "time_ms": 1778603351035, "event_type": "POINT_IN_TIME", "key": "train_samples", "value": 3901, "metadata": {"file": "/opt/venv/lib/python3.12/site-packages/primus_mllog/mlperf_sft.py", "lineno": 172}}
:::MLLOG {"namespace": "", "time_ms": 1778603351035, "event_type": "POINT_IN_TIME", "key": "eval_samples", "value": 173, "metadata": {"file": "/opt/venv/lib/python3.12/site-packages/primus_mllog/mlperf_sft.py", "lineno": 172}}
:::MLLOG {"namespace": "", "time_ms": 1778603351035, "event_type": "POINT_IN_TIME", "key": "gradient_accumulation_steps", "value": 1, "metadata": {"file": "/opt/venv/lib/python3.12/site-packages/primus_mllog/mlperf_sft.py", "lineno": 172}}
:::MLLOG {"namespace": "", "time_ms": 1778603351035, "event_type": "POINT_IN_TIME", "key": "seed", "value": 24339, "metadata": {"file": "/opt/venv/lib/python3.12/site-packages/primus_mllog/mlperf_sft.py", "lineno": 172}}
:::MLLOG {"namespace": "", "time_ms": 1778603351035, "event_type": "POINT_IN_TIME", "key": "opt_name", "value": "adamw", "metadata": {"file": "/opt/venv/lib/python3.12/site-packages/primus_mllog/mlperf_sft.py", "lineno": 172}}
:::MLLOG {"namespace": "", "time_ms": 1778603351035, "event_type": "POINT_IN_TIME", "key": "opt_base_learning_rate", "value": 0.0006, "metadata": {"file": "/opt/venv/lib/python3.12/site-packages/primus_mllog/mlperf_sft.py", "lineno": 172}}
:::MLLOG {"namespace": "", "time_ms": 1778603351035, "event_type": "POINT_IN_TIME", "key": "opt_adamw_beta_1", "value": 0.9, "metadata": {"file": "/opt/venv/lib/python3.12/site-packages/primus_mllog/mlperf_sft.py", "lineno": 172}}
:::MLLOG {"namespace": "", "time_ms": 1778603351036, "event_type": "POINT_IN_TIME", "key": "opt_adamw_beta_2", "value": 0.999, "metadata": {"file": "/opt/venv/lib/python3.12/site-packages/primus_mllog/mlperf_sft.py", "lineno": 172}}
:::MLLOG {"namespace": "", "time_ms": 1778603351036, "event_type": "POINT_IN_TIME", "key": "opt_adamw_epsilon", "value": 1e-08, "metadata": {"file": "/opt/venv/lib/python3.12/site-packages/primus_mllog/mlperf_sft.py", "lineno": 172}}
:::MLLOG {"namespace": "", "time_ms": 1778603351036, "event_type": "POINT_IN_TIME", "key": "opt_adamw_weight_decay", "value": 0.0001, "metadata": {"file": "/opt/venv/lib/python3.12/site-packages/primus_mllog/mlperf_sft.py", "lineno": 172}}
:::MLLOG {"namespace": "", "time_ms": 1778603351036, "event_type": "POINT_IN_TIME", "key": "opt_gradient_clip_norm", "value": 0.3, "metadata": {"file": "/opt/venv/lib/python3.12/site-packages/primus_mllog/mlperf_sft.py", "lineno": 172}}
:::MLLOG {"namespace": "", "time_ms": 1778603351036, "event_type": "POINT_IN_TIME", "key": "opt_learning_rate_warmup_factor", "value": 0.0, "metadata": {"file": "/opt/venv/lib/python3.12/site-packages/primus_mllog/mlperf_sft.py", "lineno": 172}}
:::MLLOG {"namespace": "", "time_ms": 1778603351036, "event_type": "POINT_IN_TIME", "key": "opt_learning_rate_training_steps", "value": 550, "metadata": {"file": "/opt/venv/lib/python3.12/site-packages/primus_mllog/mlperf_sft.py", "lineno": 172}}
:::MLLOG {"namespace": "", "time_ms": 1778603351036, "event_type": "POINT_IN_TIME", "key": "max_sequence_length", "value": 8192, "metadata": {"file": "/opt/venv/lib/python3.12/site-packages/primus_mllog/mlperf_sft.py", "lineno": 172}}
:::MLLOG {"namespace": "", "time_ms": 1778603351036, "event_type": "POINT_IN_TIME", "key": "max_steps", "value": 550, "metadata": {"file": "/opt/venv/lib/python3.12/site-packages/primus_mllog/mlperf_sft.py", "lineno": 172}}
:::MLLOG {"namespace": "", "time_ms": 1778603351036, "event_type": "POINT_IN_TIME", "key": "lora_rank", "value": 16, "metadata": {"file": "/opt/venv/lib/python3.12/site-packages/primus_mllog/mlperf_sft.py", "lineno": 172}}
:::MLLOG {"namespace": "", "time_ms": 1778603351036, "event_type": "POINT_IN_TIME", "key": "lora_alpha", "value": 32, "metadata": {"file": "/opt/venv/lib/python3.12/site-packages/primus_mllog/mlperf_sft.py", "lineno": 172}}
:::MLLOG {"namespace": "", "time_ms": 1778603351036, "event_type": "POINT_IN_TIME", "key": "tensor_parallelism", "value": 1, "metadata": {"file": "/opt/venv/lib/python3.12/site-packages/primus_mllog/mlperf_sft.py", "lineno": 172}}
:::MLLOG {"namespace": "", "time_ms": 1778603351036, "event_type": "POINT_IN_TIME", "key": "pipeline_parallelism", "value": 1, "metadata": {"file": "/opt/venv/lib/python3.12/site-packages/primus_mllog/mlperf_sft.py", "lineno": 172}}
:::MLLOG {"namespace": "", "time_ms": 1778603351036, "event_type": "POINT_IN_TIME", "key": "context_parallelism", "value": 1, "metadata": {"file": "/opt/venv/lib/python3.12/site-packages/primus_mllog/mlperf_sft.py", "lineno": 172}}
:::MLLOG {"namespace": "", "time_ms": 1778603351036, "event_type": "POINT_IN_TIME", "key": "expert_parallelism", "value": 1, "metadata": {"file": "/opt/venv/lib/python3.12/site-packages/primus_mllog/mlperf_sft.py", "lineno": 172}}
:::MLLOG {"namespace": "", "time_ms": 1778603351036, "event_type": "POINT_IN_TIME", "key": "micro_batch_size", "value": 1, "metadata": {"file": "/opt/venv/lib/python3.12/site-packages/primus_mllog/mlperf_sft.py", "lineno": 172}}
:::MLLOG {"namespace": "", "time_ms": 1778603351036, "event_type": "POINT_IN_TIME", "key": "config_filename", "value": "config_MI355X_1x8x1.sh", "metadata": {"file": "/opt/venv/lib/python3.12/site-packages/primus_mllog/mlperf_sft.py", "lineno": 172}}
:::MLLOG {"namespace": "", "time_ms": 1778603351036, "event_type": "POINT_IN_TIME", "key": "lowest_numerical_precision_linear", "value": "mxfp4", "metadata": {"file": "/opt/venv/lib/python3.12/site-packages/primus_mllog/mlperf_sft.py", "lineno": 172}}
:::MLLOG {"namespace": "", "time_ms": 1778603756050, "event_type": "INTERVAL_END", "key": "init_stop", "value": null, "metadata": {"file": "/opt/venv/lib/python3.12/site-packages/primus_mllog/mlperf_sft.py", "lineno": 186}}
:::MLLOG {"namespace": "", "time_ms": 1778603756050, "event_type": "INTERVAL_START", "key": "run_start", "value": null, "metadata": {"file": "/opt/venv/lib/python3.12/site-packages/primus_mllog/mlperf_sft.py", "lineno": 187}}
:::MLLOG {"namespace": "", "time_ms": 1778603756050, "event_type": "INTERVAL_START", "key": "epoch_start", "value": null, "metadata": {"file": "/opt/venv/lib/python3.12/site-packages/primus_mllog/mlperf_sft.py", "lineno": 189, "samples_count": 0}}
:::MLLOG {"namespace": "", "time_ms": 1778603756050, "event_type": "INTERVAL_START", "key": "block_start", "value": null, "metadata": {"file": "/opt/venv/lib/python3.12/site-packages/primus_mllog/mlperf_sft.py", "lineno": 192, "samples_count": 0}}
:::MLLOG {"namespace": "", "time_ms": 1778603963271, "event_type": "INTERVAL_END", "key": "block_stop", "value": null, "metadata": {"file": "/opt/venv/lib/python3.12/site-packages/primus_mllog/mlperf_sft.py", "lineno": 243, "samples_count": 1536}}
:::MLLOG {"namespace": "", "time_ms": 1778603963271, "event_type": "INTERVAL_START", "key": "eval_start", "value": null, "metadata": {"file": "/opt/venv/lib/python3.12/site-packages/primus_mllog/mlperf_sft.py", "lineno": 247, "samples_count": 1536}}
:::MLLOG {"namespace": "", "time_ms": 1778603973132, "event_type": "POINT_IN_TIME", "key": "eval_accuracy", "value": 0.9698390364646912, "metadata": {"file": "/opt/venv/lib/python3.12/site-packages/primus_mllog/mlperf_sft.py", "lineno": 264, "samples_count": 1536}}
:::MLLOG {"namespace": "", "time_ms": 1778603973133, "event_type": "INTERVAL_END", "key": "eval_stop", "value": null, "metadata": {"file": "/opt/venv/lib/python3.12/site-packages/primus_mllog/mlperf_sft.py", "lineno": 277, "samples_count": 1536}}
:::MLLOG {"namespace": "", "time_ms": 1778603973133, "event_type": "INTERVAL_START", "key": "block_start", "value": null, "metadata": {"file": "/opt/venv/lib/python3.12/site-packages/primus_mllog/mlperf_sft.py", "lineno": 283, "samples_count": 1536}}
:::MLLOG {"namespace": "", "time_ms": 1778604024488, "event_type": "INTERVAL_END", "key": "block_stop", "value": null, "metadata": {"file": "/opt/venv/lib/python3.12/site-packages/primus_mllog/mlperf_sft.py", "lineno": 243, "samples_count": 1920}}
:::MLLOG {"namespace": "", "time_ms": 1778604024488, "event_type": "INTERVAL_START", "key": "eval_start", "value": null, "metadata": {"file": "/opt/venv/lib/python3.12/site-packages/primus_mllog/mlperf_sft.py", "lineno": 247, "samples_count": 1920}}
:::MLLOG {"namespace": "", "time_ms": 1778604034235, "event_type": "POINT_IN_TIME", "key": "eval_accuracy", "value": 0.9583013653755188, "metadata": {"file": "/opt/venv/lib/python3.12/site-packages/primus_mllog/mlperf_sft.py", "lineno": 264, "samples_count": 1920}}
:::MLLOG {"namespace": "", "time_ms": 1778604034236, "event_type": "INTERVAL_END", "key": "eval_stop", "value": null, "metadata": {"file": "/opt/venv/lib/python3.12/site-packages/primus_mllog/mlperf_sft.py", "lineno": 277, "samples_count": 1920}}
:::MLLOG {"namespace": "", "time_ms": 1778604034236, "event_type": "INTERVAL_START", "key": "block_start", "value": null, "metadata": {"file": "/opt/venv/lib/python3.12/site-packages/primus_mllog/mlperf_sft.py", "lineno": 283, "samples_count": 1920}}
:::MLLOG {"namespace": "", "time_ms": 1778604086205, "event_type": "INTERVAL_END", "key": "block_stop", "value": null, "metadata": {"file": "/opt/venv/lib/python3.12/site-packages/primus_mllog/mlperf_sft.py", "lineno": 243, "samples_count": 2304}}
:::MLLOG {"namespace": "", "time_ms": 1778604086205, "event_type": "INTERVAL_START", "key": "eval_start", "value": null, "metadata": {"file": "/opt/venv/lib/python3.12/site-packages/primus_mllog/mlperf_sft.py", "lineno": 247, "samples_count": 2304}}
:::MLLOG {"namespace": "", "time_ms": 1778604095997, "event_type": "POINT_IN_TIME", "key": "eval_accuracy", "value": 0.9520537257194519, "metadata": {"file": "/opt/venv/lib/python3.12/site-packages/primus_mllog/mlperf_sft.py", "lineno": 264, "samples_count": 2304}}
:::MLLOG {"namespace": "", "time_ms": 1778604095998, "event_type": "INTERVAL_END", "key": "eval_stop", "value": null, "metadata": {"file": "/opt/venv/lib/python3.12/site-packages/primus_mllog/mlperf_sft.py", "lineno": 277, "samples_count": 2304}}
:::MLLOG {"namespace": "", "time_ms": 1778604095998, "event_type": "INTERVAL_START", "key": "block_start", "value": null, "metadata": {"file": "/opt/venv/lib/python3.12/site-packages/primus_mllog/mlperf_sft.py", "lineno": 283, "samples_count": 2304}}
:::MLLOG {"namespace": "", "time_ms": 1778604147383, "event_type": "INTERVAL_END", "key": "block_stop", "value": null, "metadata": {"file": "/opt/venv/lib/python3.12/site-packages/primus_mllog/mlperf_sft.py", "lineno": 243, "samples_count": 2688}}
:::MLLOG {"namespace": "", "time_ms": 1778604147383, "event_type": "INTERVAL_START", "key": "eval_start", "value": null, "metadata": {"file": "/opt/venv/lib/python3.12/site-packages/primus_mllog/mlperf_sft.py", "lineno": 247, "samples_count": 2688}}
:::MLLOG {"namespace": "", "time_ms": 1778604157221, "event_type": "POINT_IN_TIME", "key": "eval_accuracy", "value": 0.9519084095954895, "metadata": {"file": "/opt/venv/lib/python3.12/site-packages/primus_mllog/mlperf_sft.py", "lineno": 264, "samples_count": 2688}}
:::MLLOG {"namespace": "", "time_ms": 1778604157222, "event_type": "INTERVAL_END", "key": "eval_stop", "value": null, "metadata": {"file": "/opt/venv/lib/python3.12/site-packages/primus_mllog/mlperf_sft.py", "lineno": 277, "samples_count": 2688}}
:::MLLOG {"namespace": "", "time_ms": 1778604157222, "event_type": "INTERVAL_START", "key": "block_start", "value": null, "metadata": {"file": "/opt/venv/lib/python3.12/site-packages/primus_mllog/mlperf_sft.py", "lineno": 283, "samples_count": 2688}}
:::MLLOG {"namespace": "", "time_ms": 1778604227855, "event_type": "INTERVAL_END", "key": "block_stop", "value": null, "metadata": {"file": "/opt/venv/lib/python3.12/site-packages/primus_mllog/mlperf_sft.py", "lineno": 243, "samples_count": 3072}}
:::MLLOG {"namespace": "", "time_ms": 1778604227855, "event_type": "INTERVAL_START", "key": "eval_start", "value": null, "metadata": {"file": "/opt/venv/lib/python3.12/site-packages/primus_mllog/mlperf_sft.py", "lineno": 247, "samples_count": 3072}}
:::MLLOG {"namespace": "", "time_ms": 1778604240642, "event_type": "POINT_IN_TIME", "key": "eval_accuracy", "value": 0.9254291653633118, "metadata": {"file": "/opt/venv/lib/python3.12/site-packages/primus_mllog/mlperf_sft.py", "lineno": 264, "samples_count": 3072}}
:::MLLOG {"namespace": "", "time_ms": 1778604240643, "event_type": "INTERVAL_END", "key": "eval_stop", "value": null, "metadata": {"file": "/opt/venv/lib/python3.12/site-packages/primus_mllog/mlperf_sft.py", "lineno": 277, "samples_count": 3072}}
:::MLLOG {"namespace": "", "time_ms": 1778604240643, "event_type": "INTERVAL_START", "key": "block_start", "value": null, "metadata": {"file": "/opt/venv/lib/python3.12/site-packages/primus_mllog/mlperf_sft.py", "lineno": 283, "samples_count": 3072}}
:::MLLOG {"namespace": "", "time_ms": 1778604307349, "event_type": "INTERVAL_END", "key": "block_stop", "value": null, "metadata": {"file": "/opt/venv/lib/python3.12/site-packages/primus_mllog/mlperf_sft.py", "lineno": 243, "samples_count": 3456}}
:::MLLOG {"namespace": "", "time_ms": 1778604307349, "event_type": "INTERVAL_START", "key": "eval_start", "value": null, "metadata": {"file": "/opt/venv/lib/python3.12/site-packages/primus_mllog/mlperf_sft.py", "lineno": 247, "samples_count": 3456}}
:::MLLOG {"namespace": "", "time_ms": 1778604320120, "event_type": "POINT_IN_TIME", "key": "eval_accuracy", "value": 0.9219855666160583, "metadata": {"file": "/opt/venv/lib/python3.12/site-packages/primus_mllog/mlperf_sft.py", "lineno": 264, "samples_count": 3456}}
:::MLLOG {"namespace": "", "time_ms": 1778604320121, "event_type": "INTERVAL_END", "key": "eval_stop", "value": null, "metadata": {"file": "/opt/venv/lib/python3.12/site-packages/primus_mllog/mlperf_sft.py", "lineno": 277, "samples_count": 3456}}
:::MLLOG {"namespace": "", "time_ms": 1778604320127, "event_type": "INTERVAL_END", "key": "epoch_stop", "value": null, "metadata": {"file": "/opt/venv/lib/python3.12/site-packages/primus_mllog/mlperf_sft.py", "lineno": 305, "samples_count": 3456}}
:::MLLOG {"namespace": "", "time_ms": 1778604320127, "event_type": "INTERVAL_END", "key": "run_stop", "value": null, "metadata": {"file": "/opt/venv/lib/python3.12/site-packages/primus_mllog/mlperf_sft.py", "lineno": 319, "samples_count": 3456, "status": "success"}}
:::MLLOG {"namespace": "", "time_ms": 1778604320128, "event_type": "POINT_IN_TIME", "key": "run_duration", "value": "564.08s -> 9.4 minutes", "metadata": {"file": "/opt/venv/lib/python3.12/site-packages/primus_mllog/mlperf_sft.py", "lineno": 331, "samples": 3456}}
:::MLLOG {"namespace": "", "time_ms": 1778604320128, "event_type": "POINT_IN_TIME", "key": "throughput", "value": 6.13, "metadata": {"file": "/opt/venv/lib/python3.12/site-packages/primus_mllog/mlperf_sft.py", "lineno": 336, "samples": 3456}}
RESULT,LLAMA2_70B_LORA_SFT,,1045,AMD,2026-05-12 04:28:21 PM
Beginning trial 2 of 10
Clearing cache on mi355mlperf
vm.drop_caches = 3
launching experiment using: --env=AITER_CONFIG_GEMM_A4W4 --env=AITER_LOG_LEVEL --env=AITER_LOG_MORE --env=AITER_LOG_TUNED_CONFIG --env=CP --env=CUBLAS_FORCE_XMMA_KERNEL_INIT --env=CUDA_DEVICE_MAX_CONNECTIONS --env=CUDNN_FRONTEND_ATTN_DP_WORKSPACE_LIMIT --env=DATA_PATH --env=DGXSYSTEM --env=ENABLE_MLLOG --env=ENABLE_TRANSPOSE_CACHE --env=EXP --env=FP4 --env=FP4_RECIPE --env=FP8 --env=FP8_ACT --env=FP8_ACTIVATION --env=FP8_AMAX_ALGO --env=FP8_AMAX_HISTORY --env=FP8_DPA --env=FP8_REDUCE_AMAX --env=FUSED_SOFTMAX --env=GPUS_PER_NODE --env=GPU_MAX_HW_QUEUES --env=HEALING_ITER --env=HEALING_PRECISION --env=HSA_ENABLE_INTERRUPT --env=HSA_ENABLE_SDMA --env=HSA_NO_SCRATCH_RECLAIM --env=HYDRA_FULL_ERROR --env=LOAD_CKPT --env=LOGGING_INTERVAL --env=LORA_A2A --env=LR --env=MASTER_ADDR --env=MASTER_PORT --env=MAX_STEPS --env=MBS --env=MCORE_CUDA_GRAPH --env=MC_TP_OVERLAP_AG --env=MC_TP_OVERLAP_RS --env=MC_TP_OVERLAP_RS_DGRAD --env=MEGATRON_BRIDGE_LOGGING_LEVEL --env=MINIBS --env=MLLOG_CONFIG_FILENAME --env=MLLOG_CONTEXT_PARALLELISM --env=MLLOG_EXPERT_PARALLELISM --env=MLLOG_LOWEST_NUMERICAL_PRECISION_LINEAR --env=MLLOG_MICRO_BATCH_SIZE --env=MLLOG_OUTPUT_FILE --env=MLLOG_PIPELINE_PARALLELISM --env=MLLOG_SUBMISSION_BENCHMARK --env=MLLOG_SUBMISSION_DIVISION --env=MLLOG_SUBMISSION_ORG --env=MLLOG_SUBMISSION_PLATFORM --env=MLLOG_TARGET_EVAL_LOSS --env=MLLOG_TENSOR_PARALLELISM --env=MLLOG_TRAIN_LOSS_LOG_FREQ --env=NCCL_CHECKS_DISABLE --env=NCCL_MIN_CTAS --env=NCCL_MIN_P2P_NCHANNELS --env=NCCL_NCHANNELS_PER_NET_PEER --env=NCCL_NVLS_ENABLE --env=NEXP --env=NNODES --env=NODE_RANK --env=NVTE_CK_IS_V3_ATOMIC_FP32 --env=NVTE_CK_USES_BWD_V3 --env=NVTE_CK_USES_FWD_V3 --env=NVTE_DEBUG --env=NVTE_DEBUG_LEVEL --env=NVTE_FP4_LOG_GEMM_SHAPES --env=NVTE_FP8_DPA_BWD --env=NVTE_FUSED_ATTN --env=NVTE_FUSED_ATTN_AOTRITON --env=NVTE_FUSED_ATTN_CK --env=NVTE_MXFP4_USE_HADAMARD --env=NVTE_RS_STRIDED_ATOMIC --env=NVTE_USE_AITER_ROPE --env=NVTE_USE_CAST_TRANSPOSE_TRITON --env=NVTE_USE_HIPBLASLT --env=NVTE_USE_OPTIMIZED_HIPIFIED_CAST_TRANSPOSE --env=NVTE_USE_RMSNORM_TRITON --env=OMP_NUM_THREADS --env=PACKED_METADATA_PATH --env=PACKED_TRAIN_DATA_PATH --env=PACKED_VAL_DATA_PATH --env=POSSIBLE_USER_WARNINGS --env=PP --env=PRETRAINED_CHECKPOINT --env=PRE_QUANTIZED_MODEL --env=PRIMUS_LOG_LEVEL --env=PRIMUS_PATH --env=PROFILE_RPD --env=PT_TENSOR_VALIDATION --env=PYTHONPATH --env=PYTHONWARNINGS --env=RECOMPUTE_GRANULARITY --env=RECOMPUTE_METHOD --env=RECOMPUTE_NUM_LAYERS --env=RESET_CG_AFTER_HEALING --env=RMSNORM_CAST --env=SKIP_EVALS --env=SP --env=SYNTH_WARMUP_STEPS --env=SYNTH_WARMUP_VALID_STEPS --env=TORCH_BLAS_PREFER_HIPBLASLT --env=TORCH_NCCL_HIGH_PRIORITY --env=TP --env=TP_COMM_OVERLAP --env=USE_HIPBLASLT --env=USE_TE_SWIGLU --env=VAL_CHECK_INTERVAL --env=VBOOST_VALUE --env=DATADIR --env=DGXSYSTEM --env=PROFILER --env=LOGDIR --env=HF_TOKEN --env=SEED=24553 mlperf_llama2_sft_primus /workspace/code/run_and_time.sh
:::MLLOG {"namespace": "", "time_ms": 1778604386957, "event_type": "POINT_IN_TIME", "key": "cache_clear", "value": true, "metadata": {"file": "/opt/venv/lib/python3.12/site-packages/primus_mllog/mlperf_logger.py", "lineno": 41}}
:::MLLOG {"namespace": "", "time_ms": 1778604386958, "event_type": "POINT_IN_TIME", "key": "init_start", "value": null, "metadata": {"file": "/opt/venv/lib/python3.12/site-packages/primus_mllog/mlperf_logger.py", "lineno": 41}}
:::MLLOG {"namespace": "", "time_ms": 1778604387260, "event_type": "POINT_IN_TIME", "key": "submission_benchmark", "value": "llama2_70b_lora", "metadata": {"file": "/opt/venv/lib/python3.12/site-packages/primus_mllog/mlperf_sft.py", "lineno": 120}}
:::MLLOG {"namespace": "", "time_ms": 1778604387269, "event_type": "POINT_IN_TIME", "key": "submission_org", "value": "AMD", "metadata": {"file": "/opt/venv/lib/python3.12/site-packages/primus_mllog/mlperf_sft.py", "lineno": 124}}
:::MLLOG {"namespace": "", "time_ms": 1778604387269, "event_type": "POINT_IN_TIME", "key": "submission_division", "value": "closed", "metadata": {"file": "/opt/venv/lib/python3.12/site-packages/primus_mllog/mlperf_sft.py", "lineno": 128}}
:::MLLOG {"namespace": "", "time_ms": 1778604387269, "event_type": "POINT_IN_TIME", "key": "submission_platform", "value": "MI355X", "metadata": {"file": "/opt/venv/lib/python3.12/site-packages/primus_mllog/mlperf_sft.py", "lineno": 132}}
:::MLLOG {"namespace": "", "time_ms": 1778604387269, "event_type": "POINT_IN_TIME", "key": "submission_status", "value": "onprem", "metadata": {"file": "/opt/venv/lib/python3.12/site-packages/primus_mllog/mlperf_sft.py", "lineno": 136}}
:::MLLOG {"namespace": "", "time_ms": 1778604387269, "event_type": "POINT_IN_TIME", "key": "target_accuracy", "value": 0.925, "metadata": {"file": "/opt/venv/lib/python3.12/site-packages/primus_mllog/mlperf_sft.py", "lineno": 139}}
:::MLLOG {"namespace": "", "time_ms": 1778604387269, "event_type": "POINT_IN_TIME", "key": "global_batch_size", "value": 8, "metadata": {"file": "/opt/venv/lib/python3.12/site-packages/primus_mllog/mlperf_sft.py", "lineno": 172}}
:::MLLOG {"namespace": "", "time_ms": 1778604387269, "event_type": "POINT_IN_TIME", "key": "train_samples", "value": 3901, "metadata": {"file": "/opt/venv/lib/python3.12/site-packages/primus_mllog/mlperf_sft.py", "lineno": 172}}
:::MLLOG {"namespace": "", "time_ms": 1778604387269, "event_type": "POINT_IN_TIME", "key": "eval_samples", "value": 173, "metadata": {"file": "/opt/venv/lib/python3.12/site-packages/primus_mllog/mlperf_sft.py", "lineno": 172}}
:::MLLOG {"namespace": "", "time_ms": 1778604387269, "event_type": "POINT_IN_TIME", "key": "gradient_accumulation_steps", "value": 1, "metadata": {"file": "/opt/venv/lib/python3.12/site-packages/primus_mllog/mlperf_sft.py", "lineno": 172}}
:::MLLOG {"namespace": "", "time_ms": 1778604387269, "event_type": "POINT_IN_TIME", "key": "seed", "value": 24553, "metadata": {"file": "/opt/venv/lib/python3.12/site-packages/primus_mllog/mlperf_sft.py", "lineno": 172}}
:::MLLOG {"namespace": "", "time_ms": 1778604387269, "event_type": "POINT_IN_TIME", "key": "opt_name", "value": "adamw", "metadata": {"file": "/opt/venv/lib/python3.12/site-packages/primus_mllog/mlperf_sft.py", "lineno": 172}}
:::MLLOG {"namespace": "", "time_ms": 1778604387269, "event_type": "POINT_IN_TIME", "key": "opt_base_learning_rate", "value": 0.0006, "metadata": {"file": "/opt/venv/lib/python3.12/site-packages/primus_mllog/mlperf_sft.py", "lineno": 172}}
:::MLLOG {"namespace": "", "time_ms": 1778604387269, "event_type": "POINT_IN_TIME", "key": "opt_adamw_beta_1", "value": 0.9, "metadata": {"file": "/opt/venv/lib/python3.12/site-packages/primus_mllog/mlperf_sft.py", "lineno": 172}}
:::MLLOG {"namespace": "", "time_ms": 1778604387269, "event_type": "POINT_IN_TIME", "key": "opt_adamw_beta_2", "value": 0.999, "metadata": {"file": "/opt/venv/lib/python3.12/site-packages/primus_mllog/mlperf_sft.py", "lineno": 172}}
:::MLLOG {"namespace": "", "time_ms": 1778604387270, "event_type": "POINT_IN_TIME", "key": "opt_adamw_epsilon", "value": 1e-08, "metadata": {"file": "/opt/venv/lib/python3.12/site-packages/primus_mllog/mlperf_sft.py", "lineno": 172}}
:::MLLOG {"namespace": "", "time_ms": 1778604387270, "event_type": "POINT_IN_TIME", "key": "opt_adamw_weight_decay", "value": 0.0001, "metadata": {"file": "/opt/venv/lib/python3.12/site-packages/primus_mllog/mlperf_sft.py", "lineno": 172}}
:::MLLOG {"namespace": "", "time_ms": 1778604387270, "event_type": "POINT_IN_TIME", "key": "opt_gradient_clip_norm", "value": 0.3, "metadata": {"file": "/opt/venv/lib/python3.12/site-packages/primus_mllog/mlperf_sft.py", "lineno": 172}}
:::MLLOG {"namespace": "", "time_ms": 1778604387270, "event_type": "POINT_IN_TIME", "key": "opt_learning_rate_warmup_factor", "value": 0.0, "metadata": {"file": "/opt/venv/lib/python3.12/site-packages/primus_mllog/mlperf_sft.py", "lineno": 172}}
:::MLLOG {"namespace": "", "time_ms": 1778604387270, "event_type": "POINT_IN_TIME", "key": "opt_learning_rate_training_steps", "value": 550, "metadata": {"file": "/opt/venv/lib/python3.12/site-packages/primus_mllog/mlperf_sft.py", "lineno": 172}}
:::MLLOG {"namespace": "", "time_ms": 1778604387270, "event_type": "POINT_IN_TIME", "key": "max_sequence_length", "value": 8192, "metadata": {"file": "/opt/venv/lib/python3.12/site-packages/primus_mllog/mlperf_sft.py", "lineno": 172}}
:::MLLOG {"namespace": "", "time_ms": 1778604387270, "event_type": "POINT_IN_TIME", "key": "max_steps", "value": 550, "metadata": {"file": "/opt/venv/lib/python3.12/site-packages/primus_mllog/mlperf_sft.py", "lineno": 172}}
:::MLLOG {"namespace": "", "time_ms": 1778604387270, "event_type": "POINT_IN_TIME", "key": "lora_rank", "value": 16, "metadata": {"file": "/opt/venv/lib/python3.12/site-packages/primus_mllog/mlperf_sft.py", "lineno": 172}}
:::MLLOG {"namespace": "", "time_ms": 1778604387270, "event_type": "POINT_IN_TIME", "key": "lora_alpha", "value": 32, "metadata": {"file": "/opt/venv/lib/python3.12/site-packages/primus_mllog/mlperf_sft.py", "lineno": 172}}
:::MLLOG {"namespace": "", "time_ms": 1778604387270, "event_type": "POINT_IN_TIME", "key": "tensor_parallelism", "value": 1, "metadata": {"file": "/opt/venv/lib/python3.12/site-packages/primus_mllog/mlperf_sft.py", "lineno": 172}}
:::MLLOG {"namespace": "", "time_ms": 1778604387270, "event_type": "POINT_IN_TIME", "key": "pipeline_parallelism", "value": 1, "metadata": {"file": "/opt/venv/lib/python3.12/site-packages/primus_mllog/mlperf_sft.py", "lineno": 172}}
:::MLLOG {"namespace": "", "time_ms": 1778604387270, "event_type": "POINT_IN_TIME", "key": "context_parallelism", "value": 1, "metadata": {"file": "/opt/venv/lib/python3.12/site-packages/primus_mllog/mlperf_sft.py", "lineno": 172}}
:::MLLOG {"namespace": "", "time_ms": 1778604387270, "event_type": "POINT_IN_TIME", "key": "expert_parallelism", "value": 1, "metadata": {"file": "/opt/venv/lib/python3.12/site-packages/primus_mllog/mlperf_sft.py", "lineno": 172}}
:::MLLOG {"namespace": "", "time_ms": 1778604387270, "event_type": "POINT_IN_TIME", "key": "micro_batch_size", "value": 1, "metadata": {"file": "/opt/venv/lib/python3.12/site-packages/primus_mllog/mlperf_sft.py", "lineno": 172}}
:::MLLOG {"namespace": "", "time_ms": 1778604387270, "event_type": "POINT_IN_TIME", "key": "config_filename", "value": "config_MI355X_1x8x1.sh", "metadata": {"file": "/opt/venv/lib/python3.12/site-packages/primus_mllog/mlperf_sft.py", "lineno": 172}}
:::MLLOG {"namespace": "", "time_ms": 1778604387270, "event_type": "POINT_IN_TIME", "key": "lowest_numerical_precision_linear", "value": "mxfp4", "metadata": {"file": "/opt/venv/lib/python3.12/site-packages/primus_mllog/mlperf_sft.py", "lineno": 172}}
:::MLLOG {"namespace": "", "time_ms": 1778604581601, "event_type": "INTERVAL_END", "key": "init_stop", "value": null, "metadata": {"file": "/opt/venv/lib/python3.12/site-packages/primus_mllog/mlperf_sft.py", "lineno": 186}}
:::MLLOG {"namespace": "", "time_ms": 1778604581601, "event_type": "INTERVAL_START", "key": "run_start", "value": null, "metadata": {"file": "/opt/venv/lib/python3.12/site-packages/primus_mllog/mlperf_sft.py", "lineno": 187}}
:::MLLOG {"namespace": "", "time_ms": 1778604581601, "event_type": "INTERVAL_START", "key": "epoch_start", "value": null, "metadata": {"file": "/opt/venv/lib/python3.12/site-packages/primus_mllog/mlperf_sft.py", "lineno": 189, "samples_count": 0}}
:::MLLOG {"namespace": "", "time_ms": 1778604581601, "event_type": "INTERVAL_START", "key": "block_start", "value": null, "metadata": {"file": "/opt/venv/lib/python3.12/site-packages/primus_mllog/mlperf_sft.py", "lineno": 192, "samples_count": 0}}
:::MLLOG {"namespace": "", "time_ms": 1778604789084, "event_type": "INTERVAL_END", "key": "block_stop", "value": null, "metadata": {"file": "/opt/venv/lib/python3.12/site-packages/primus_mllog/mlperf_sft.py", "lineno": 243, "samples_count": 1536}}
:::MLLOG {"namespace": "", "time_ms": 1778604789084, "event_type": "INTERVAL_START", "key": "eval_start", "value": null, "metadata": {"file": "/opt/venv/lib/python3.12/site-packages/primus_mllog/mlperf_sft.py", "lineno": 247, "samples_count": 1536}}
:::MLLOG {"namespace": "", "time_ms": 1778604798989, "event_type": "POINT_IN_TIME", "key": "eval_accuracy", "value": 0.992103636264801, "metadata": {"file": "/opt/venv/lib/python3.12/site-packages/primus_mllog/mlperf_sft.py", "lineno": 264, "samples_count": 1536}}
:::MLLOG {"namespace": "", "time_ms": 1778604798990, "event_type": "INTERVAL_END", "key": "eval_stop", "value": null, "metadata": {"file": "/opt/venv/lib/python3.12/site-packages/primus_mllog/mlperf_sft.py", "lineno": 277, "samples_count": 1536}}
:::MLLOG {"namespace": "", "time_ms": 1778604798990, "event_type": "INTERVAL_START", "key": "block_start", "value": null, "metadata": {"file": "/opt/venv/lib/python3.12/site-packages/primus_mllog/mlperf_sft.py", "lineno": 283, "samples_count": 1536}}
:::MLLOG {"namespace": "", "time_ms": 1778604850383, "event_type": "INTERVAL_END", "key": "block_stop", "value": null, "metadata": {"file": "/opt/venv/lib/python3.12/site-packages/primus_mllog/mlperf_sft.py", "lineno": 243, "samples_count": 1920}}
:::MLLOG {"namespace": "", "time_ms": 1778604850383, "event_type": "INTERVAL_START", "key": "eval_start", "value": null, "metadata": {"file": "/opt/venv/lib/python3.12/site-packages/primus_mllog/mlperf_sft.py", "lineno": 247, "samples_count": 1920}}
:::MLLOG {"namespace": "", "time_ms": 1778604860201, "event_type": "POINT_IN_TIME", "key": "eval_accuracy", "value": 0.9706675410270691, "metadata": {"file": "/opt/venv/lib/python3.12/site-packages/primus_mllog/mlperf_sft.py", "lineno": 264, "samples_count": 1920}}
:::MLLOG {"namespace": "", "time_ms": 1778604860201, "event_type": "INTERVAL_END", "key": "eval_stop", "value": null, "metadata": {"file": "/opt/venv/lib/python3.12/site-packages/primus_mllog/mlperf_sft.py", "lineno": 277, "samples_count": 1920}}
:::MLLOG {"namespace": "", "time_ms": 1778604860201, "event_type": "INTERVAL_START", "key": "block_start", "value": null, "metadata": {"file": "/opt/venv/lib/python3.12/site-packages/primus_mllog/mlperf_sft.py", "lineno": 283, "samples_count": 1920}}
:::MLLOG {"namespace": "", "time_ms": 1778604912261, "event_type": "INTERVAL_END", "key": "block_stop", "value": null, "metadata": {"file": "/opt/venv/lib/python3.12/site-packages/primus_mllog/mlperf_sft.py", "lineno": 243, "samples_count": 2304}}
:::MLLOG {"namespace": "", "time_ms": 1778604912262, "event_type": "INTERVAL_START", "key": "eval_start", "value": null, "metadata": {"file": "/opt/venv/lib/python3.12/site-packages/primus_mllog/mlperf_sft.py", "lineno": 247, "samples_count": 2304}}
:::MLLOG {"namespace": "", "time_ms": 1778604922078, "event_type": "POINT_IN_TIME", "key": "eval_accuracy", "value": 0.9551920294761658, "metadata": {"file": "/opt/venv/lib/python3.12/site-packages/primus_mllog/mlperf_sft.py", "lineno": 264, "samples_count": 2304}}
:::MLLOG {"namespace": "", "time_ms": 1778604922079, "event_type": "INTERVAL_END", "key": "eval_stop", "value": null, "metadata": {"file": "/opt/venv/lib/python3.12/site-packages/primus_mllog/mlperf_sft.py", "lineno": 277, "samples_count": 2304}}
:::MLLOG {"namespace": "", "time_ms": 1778604922079, "event_type": "INTERVAL_START", "key": "block_start", "value": null, "metadata": {"file": "/opt/venv/lib/python3.12/site-packages/primus_mllog/mlperf_sft.py", "lineno": 283, "samples_count": 2304}}
:::MLLOG {"namespace": "", "time_ms": 1778604973431, "event_type": "INTERVAL_END", "key": "block_stop", "value": null, "metadata": {"file": "/opt/venv/lib/python3.12/site-packages/primus_mllog/mlperf_sft.py", "lineno": 243, "samples_count": 2688}}
:::MLLOG {"namespace": "", "time_ms": 1778604973431, "event_type": "INTERVAL_START", "key": "eval_start", "value": null, "metadata": {"file": "/opt/venv/lib/python3.12/site-packages/primus_mllog/mlperf_sft.py", "lineno": 247, "samples_count": 2688}}
:::MLLOG {"namespace": "", "time_ms": 1778604983211, "event_type": "POINT_IN_TIME", "key": "eval_accuracy", "value": 0.9517270922660828, "metadata": {"file": "/opt/venv/lib/python3.12/site-packages/primus_mllog/mlperf_sft.py", "lineno": 264, "samples_count": 2688}}
:::MLLOG {"namespace": "", "time_ms": 1778604983211, "event_type": "INTERVAL_END", "key": "eval_stop", "value": null, "metadata": {"file": "/opt/venv/lib/python3.12/site-packages/primus_mllog/mlperf_sft.py", "lineno": 277, "samples_count": 2688}}
:::MLLOG {"namespace": "", "time_ms": 1778604983211, "event_type": "INTERVAL_START", "key": "block_start", "value": null, "metadata": {"file": "/opt/venv/lib/python3.12/site-packages/primus_mllog/mlperf_sft.py", "lineno": 283, "samples_count": 2688}}
:::MLLOG {"namespace": "", "time_ms": 1778605053548, "event_type": "INTERVAL_END", "key": "block_stop", "value": null, "metadata": {"file": "/opt/venv/lib/python3.12/site-packages/primus_mllog/mlperf_sft.py", "lineno": 243, "samples_count": 3072}}
:::MLLOG {"namespace": "", "time_ms": 1778605053548, "event_type": "INTERVAL_START", "key": "eval_start", "value": null, "metadata": {"file": "/opt/venv/lib/python3.12/site-packages/primus_mllog/mlperf_sft.py", "lineno": 247, "samples_count": 3072}}
:::MLLOG {"namespace": "", "time_ms": 1778605066376, "event_type": "POINT_IN_TIME", "key": "eval_accuracy", "value": 0.9279232025146484, "metadata": {"file": "/opt/venv/lib/python3.12/site-packages/primus_mllog/mlperf_sft.py", "lineno": 264, "samples_count": 3072}}
:::MLLOG {"namespace": "", "time_ms": 1778605066376, "event_type": "INTERVAL_END", "key": "eval_stop", "value": null, "metadata": {"file": "/opt/venv/lib/python3.12/site-packages/primus_mllog/mlperf_sft.py", "lineno": 277, "samples_count": 3072}}
:::MLLOG {"namespace": "", "time_ms": 1778605066376, "event_type": "INTERVAL_START", "key": "block_start", "value": null, "metadata": {"file": "/opt/venv/lib/python3.12/site-packages/primus_mllog/mlperf_sft.py", "lineno": 283, "samples_count": 3072}}
:::MLLOG {"namespace": "", "time_ms": 1778605133168, "event_type": "INTERVAL_END", "key": "block_stop", "value": null, "metadata": {"file": "/opt/venv/lib/python3.12/site-packages/primus_mllog/mlperf_sft.py", "lineno": 243, "samples_count": 3456}}
:::MLLOG {"namespace": "", "time_ms": 1778605133168, "event_type": "INTERVAL_START", "key": "eval_start", "value": null, "metadata": {"file": "/opt/venv/lib/python3.12/site-packages/primus_mllog/mlperf_sft.py", "lineno": 247, "samples_count": 3456}}
:::MLLOG {"namespace": "", "time_ms": 1778605145975, "event_type": "POINT_IN_TIME", "key": "eval_accuracy", "value": 0.9254644513130188, "metadata": {"file": "/opt/venv/lib/python3.12/site-packages/primus_mllog/mlperf_sft.py", "lineno": 264, "samples_count": 3456}}
:::MLLOG {"namespace": "", "time_ms": 1778605145976, "event_type": "INTERVAL_END", "key": "eval_stop", "value": null, "metadata": {"file": "/opt/venv/lib/python3.12/site-packages/primus_mllog/mlperf_sft.py", "lineno": 277, "samples_count": 3456}}
:::MLLOG {"namespace": "", "time_ms": 1778605145976, "event_type": "INTERVAL_START", "key": "block_start", "value": null, "metadata": {"file": "/opt/venv/lib/python3.12/site-packages/primus_mllog/mlperf_sft.py", "lineno": 283, "samples_count": 3456}}
:::MLLOG {"namespace": "", "time_ms": 1778605212173, "event_type": "INTERVAL_END", "key": "block_stop", "value": null, "metadata": {"file": "/opt/venv/lib/python3.12/site-packages/primus_mllog/mlperf_sft.py", "lineno": 243, "samples_count": 3840}}
:::MLLOG {"namespace": "", "time_ms": 1778605212173, "event_type": "INTERVAL_START", "key": "eval_start", "value": null, "metadata": {"file": "/opt/venv/lib/python3.12/site-packages/primus_mllog/mlperf_sft.py", "lineno": 247, "samples_count": 3840}}
:::MLLOG {"namespace": "", "time_ms": 1778605224980, "event_type": "POINT_IN_TIME", "key": "eval_accuracy", "value": 0.9233474731445312, "metadata": {"file": "/opt/venv/lib/python3.12/site-packages/primus_mllog/mlperf_sft.py", "lineno": 264, "samples_count": 3840}}
:::MLLOG {"namespace": "", "time_ms": 1778605224981, "event_type": "INTERVAL_END", "key": "eval_stop", "value": null, "metadata": {"file": "/opt/venv/lib/python3.12/site-packages/primus_mllog/mlperf_sft.py", "lineno": 277, "samples_count": 3840}}
:::MLLOG {"namespace": "", "time_ms": 1778605224988, "event_type": "INTERVAL_END", "key": "epoch_stop", "value": null, "metadata": {"file": "/opt/venv/lib/python3.12/site-packages/primus_mllog/mlperf_sft.py", "lineno": 305, "samples_count": 3840}}
:::MLLOG {"namespace": "", "time_ms": 1778605224988, "event_type": "INTERVAL_END", "key": "run_stop", "value": null, "metadata": {"file": "/opt/venv/lib/python3.12/site-packages/primus_mllog/mlperf_sft.py", "lineno": 319, "samples_count": 3840, "status": "success"}}
:::MLLOG {"namespace": "", "time_ms": 1778605224988, "event_type": "POINT_IN_TIME", "key": "run_duration", "value": "643.39s -> 10.72 minutes", "metadata": {"file": "/opt/venv/lib/python3.12/site-packages/primus_mllog/mlperf_sft.py", "lineno": 331, "samples": 3840}}
:::MLLOG {"namespace": "", "time_ms": 1778605224988, "event_type": "POINT_IN_TIME", "key": "throughput", "value": 5.97, "metadata": {"file": "/opt/venv/lib/python3.12/site-packages/primus_mllog/mlperf_sft.py", "lineno": 336, "samples": 3840}}
RESULT,LLAMA2_70B_LORA_SFT,,901,AMD,2026-05-12 04:45:51 PM
Beginning trial 3 of 10
Clearing cache on mi355mlperf
vm.drop_caches = 3
launching experiment using: --env=AITER_CONFIG_GEMM_A4W4 --env=AITER_LOG_LEVEL --env=AITER_LOG_MORE --env=AITER_LOG_TUNED_CONFIG --env=CP --env=CUBLAS_FORCE_XMMA_KERNEL_INIT --env=CUDA_DEVICE_MAX_CONNECTIONS --env=CUDNN_FRONTEND_ATTN_DP_WORKSPACE_LIMIT --env=DATA_PATH --env=DGXSYSTEM --env=ENABLE_MLLOG --env=ENABLE_TRANSPOSE_CACHE --env=EXP --env=FP4 --env=FP4_RECIPE --env=FP8 --env=FP8_ACT --env=FP8_ACTIVATION --env=FP8_AMAX_ALGO --env=FP8_AMAX_HISTORY --env=FP8_DPA --env=FP8_REDUCE_AMAX --env=FUSED_SOFTMAX --env=GPUS_PER_NODE --env=GPU_MAX_HW_QUEUES --env=HEALING_ITER --env=HEALING_PRECISION --env=HSA_ENABLE_INTERRUPT --env=HSA_ENABLE_SDMA --env=HSA_NO_SCRATCH_RECLAIM --env=HYDRA_FULL_ERROR --env=LOAD_CKPT --env=LOGGING_INTERVAL --env=LORA_A2A --env=LR --env=MASTER_ADDR --env=MASTER_PORT --env=MAX_STEPS --env=MBS --env=MCORE_CUDA_GRAPH --env=MC_TP_OVERLAP_AG --env=MC_TP_OVERLAP_RS --env=MC_TP_OVERLAP_RS_DGRAD --env=MEGATRON_BRIDGE_LOGGING_LEVEL --env=MINIBS --env=MLLOG_CONFIG_FILENAME --env=MLLOG_CONTEXT_PARALLELISM --env=MLLOG_EXPERT_PARALLELISM --env=MLLOG_LOWEST_NUMERICAL_PRECISION_LINEAR --env=MLLOG_MICRO_BATCH_SIZE --env=MLLOG_OUTPUT_FILE --env=MLLOG_PIPELINE_PARALLELISM --env=MLLOG_SUBMISSION_BENCHMARK --env=MLLOG_SUBMISSION_DIVISION --env=MLLOG_SUBMISSION_ORG --env=MLLOG_SUBMISSION_PLATFORM --env=MLLOG_TARGET_EVAL_LOSS --env=MLLOG_TENSOR_PARALLELISM --env=MLLOG_TRAIN_LOSS_LOG_FREQ --env=NCCL_CHECKS_DISABLE --env=NCCL_MIN_CTAS --env=NCCL_MIN_P2P_NCHANNELS --env=NCCL_NCHANNELS_PER_NET_PEER --env=NCCL_NVLS_ENABLE --env=NEXP --env=NNODES --env=NODE_RANK --env=NVTE_CK_IS_V3_ATOMIC_FP32 --env=NVTE_CK_USES_BWD_V3 --env=NVTE_CK_USES_FWD_V3 --env=NVTE_DEBUG --env=NVTE_DEBUG_LEVEL --env=NVTE_FP4_LOG_GEMM_SHAPES --env=NVTE_FP8_DPA_BWD --env=NVTE_FUSED_ATTN --env=NVTE_FUSED_ATTN_AOTRITON --env=NVTE_FUSED_ATTN_CK --env=NVTE_MXFP4_USE_HADAMARD --env=NVTE_RS_STRIDED_ATOMIC --env=NVTE_USE_AITER_ROPE --env=NVTE_USE_CAST_TRANSPOSE_TRITON --env=NVTE_USE_HIPBLASLT --env=NVTE_USE_OPTIMIZED_HIPIFIED_CAST_TRANSPOSE --env=NVTE_USE_RMSNORM_TRITON --env=OMP_NUM_THREADS --env=PACKED_METADATA_PATH --env=PACKED_TRAIN_DATA_PATH --env=PACKED_VAL_DATA_PATH --env=POSSIBLE_USER_WARNINGS --env=PP --env=PRETRAINED_CHECKPOINT --env=PRE_QUANTIZED_MODEL --env=PRIMUS_LOG_LEVEL --env=PRIMUS_PATH --env=PROFILE_RPD --env=PT_TENSOR_VALIDATION --env=PYTHONPATH --env=PYTHONWARNINGS --env=RECOMPUTE_GRANULARITY --env=RECOMPUTE_METHOD --env=RECOMPUTE_NUM_LAYERS --env=RESET_CG_AFTER_HEALING --env=RMSNORM_CAST --env=SKIP_EVALS --env=SP --env=SYNTH_WARMUP_STEPS --env=SYNTH_WARMUP_VALID_STEPS --env=TORCH_BLAS_PREFER_HIPBLASLT --env=TORCH_NCCL_HIGH_PRIORITY --env=TP --env=TP_COMM_OVERLAP --env=USE_HIPBLASLT --env=USE_TE_SWIGLU --env=VAL_CHECK_INTERVAL --env=VBOOST_VALUE --env=DATADIR --env=DGXSYSTEM --env=PROFILER --env=LOGDIR --env=HF_TOKEN --env=SEED=10872 mlperf_llama2_sft_primus /workspace/code/run_and_time.sh
:::MLLOG {"namespace": "", "time_ms": 1778605292926, "event_type": "POINT_IN_TIME", "key": "cache_clear", "value": true, "metadata": {"file": "/opt/venv/lib/python3.12/site-packages/primus_mllog/mlperf_logger.py", "lineno": 41}}
:::MLLOG {"namespace": "", "time_ms": 1778605292926, "event_type": "POINT_IN_TIME", "key": "init_start", "value": null, "metadata": {"file": "/opt/venv/lib/python3.12/site-packages/primus_mllog/mlperf_logger.py", "lineno": 41}}
:::MLLOG {"namespace": "", "time_ms": 1778605293231, "event_type": "POINT_IN_TIME", "key": "submission_benchmark", "value": "llama2_70b_lora", "metadata": {"file": "/opt/venv/lib/python3.12/site-packages/primus_mllog/mlperf_sft.py", "lineno": 120}}
:::MLLOG {"namespace": "", "time_ms": 1778605293241, "event_type": "POINT_IN_TIME", "key": "submission_org", "value": "AMD", "metadata": {"file": "/opt/venv/lib/python3.12/site-packages/primus_mllog/mlperf_sft.py", "lineno": 124}}
:::MLLOG {"namespace": "", "time_ms": 1778605293241, "event_type": "POINT_IN_TIME", "key": "submission_division", "value": "closed", "metadata": {"file": "/opt/venv/lib/python3.12/site-packages/primus_mllog/mlperf_sft.py", "lineno": 128}}
:::MLLOG {"namespace": "", "time_ms": 1778605293241, "event_type": "POINT_IN_TIME", "key": "submission_platform", "value": "MI355X", "metadata": {"file": "/opt/venv/lib/python3.12/site-packages/primus_mllog/mlperf_sft.py", "lineno": 132}}
:::MLLOG {"namespace": "", "time_ms": 1778605293241, "event_type": "POINT_IN_TIME", "key": "submission_status", "value": "onprem", "metadata": {"file": "/opt/venv/lib/python3.12/site-packages/primus_mllog/mlperf_sft.py", "lineno": 136}}
:::MLLOG {"namespace": "", "time_ms": 1778605293241, "event_type": "POINT_IN_TIME", "key": "target_accuracy", "value": 0.925, "metadata": {"file": "/opt/venv/lib/python3.12/site-packages/primus_mllog/mlperf_sft.py", "lineno": 139}}
:::MLLOG {"namespace": "", "time_ms": 1778605293241, "event_type": "POINT_IN_TIME", "key": "global_batch_size", "value": 8, "metadata": {"file": "/opt/venv/lib/python3.12/site-packages/primus_mllog/mlperf_sft.py", "lineno": 172}}
:::MLLOG {"namespace": "", "time_ms": 1778605293241, "event_type": "POINT_IN_TIME", "key": "train_samples", "value": 3901, "metadata": {"file": "/opt/venv/lib/python3.12/site-packages/primus_mllog/mlperf_sft.py", "lineno": 172}}
:::MLLOG {"namespace": "", "time_ms": 1778605293241, "event_type": "POINT_IN_TIME", "key": "eval_samples", "value": 173, "metadata": {"file": "/opt/venv/lib/python3.12/site-packages/primus_mllog/mlperf_sft.py", "lineno": 172}}
:::MLLOG {"namespace": "", "time_ms": 1778605293242, "event_type": "POINT_IN_TIME", "key": "gradient_accumulation_steps", "value": 1, "metadata": {"file": "/opt/venv/lib/python3.12/site-packages/primus_mllog/mlperf_sft.py", "lineno": 172}}
:::MLLOG {"namespace": "", "time_ms": 1778605293242, "event_type": "POINT_IN_TIME", "key": "seed", "value": 10872, "metadata": {"file": "/opt/venv/lib/python3.12/site-packages/primus_mllog/mlperf_sft.py", "lineno": 172}}
:::MLLOG {"namespace": "", "time_ms": 1778605293242, "event_type": "POINT_IN_TIME", "key": "opt_name", "value": "adamw", "metadata": {"file": "/opt/venv/lib/python3.12/site-packages/primus_mllog/mlperf_sft.py", "lineno": 172}}
:::MLLOG {"namespace": "", "time_ms": 1778605293242, "event_type": "POINT_IN_TIME", "key": "opt_base_learning_rate", "value": 0.0006, "metadata": {"file": "/opt/venv/lib/python3.12/site-packages/primus_mllog/mlperf_sft.py", "lineno": 172}}
:::MLLOG {"namespace": "", "time_ms": 1778605293242, "event_type": "POINT_IN_TIME", "key": "opt_adamw_beta_1", "value": 0.9, "metadata": {"file": "/opt/venv/lib/python3.12/site-packages/primus_mllog/mlperf_sft.py", "lineno": 172}}
:::MLLOG {"namespace": "", "time_ms": 1778605293242, "event_type": "POINT_IN_TIME", "key": "opt_adamw_beta_2", "value": 0.999, "metadata": {"file": "/opt/venv/lib/python3.12/site-packages/primus_mllog/mlperf_sft.py", "lineno": 172}}
:::MLLOG {"namespace": "", "time_ms": 1778605293242, "event_type": "POINT_IN_TIME", "key": "opt_adamw_epsilon", "value": 1e-08, "metadata": {"file": "/opt/venv/lib/python3.12/site-packages/primus_mllog/mlperf_sft.py", "lineno": 172}}
:::MLLOG {"namespace": "", "time_ms": 1778605293242, "event_type": "POINT_IN_TIME", "key": "opt_adamw_weight_decay", "value": 0.0001, "metadata": {"file": "/opt/venv/lib/python3.12/site-packages/primus_mllog/mlperf_sft.py", "lineno": 172}}
:::MLLOG {"namespace": "", "time_ms": 1778605293242, "event_type": "POINT_IN_TIME", "key": "opt_gradient_clip_norm", "value": 0.3, "metadata": {"file": "/opt/venv/lib/python3.12/site-packages/primus_mllog/mlperf_sft.py", "lineno": 172}}
:::MLLOG {"namespace": "", "time_ms": 1778605293242, "event_type": "POINT_IN_TIME", "key": "opt_learning_rate_warmup_factor", "value": 0.0, "metadata": {"file": "/opt/venv/lib/python3.12/site-packages/primus_mllog/mlperf_sft.py", "lineno": 172}}
:::MLLOG {"namespace": "", "time_ms": 1778605293242, "event_type": "POINT_IN_TIME", "key": "opt_learning_rate_training_steps", "value": 550, "metadata": {"file": "/opt/venv/lib/python3.12/site-packages/primus_mllog/mlperf_sft.py", "lineno": 172}}
:::MLLOG {"namespace": "", "time_ms": 1778605293242, "event_type": "POINT_IN_TIME", "key": "max_sequence_length", "value": 8192, "metadata": {"file": "/opt/venv/lib/python3.12/site-packages/primus_mllog/mlperf_sft.py", "lineno": 172}}
:::MLLOG {"namespace": "", "time_ms": 1778605293242, "event_type": "POINT_IN_TIME", "key": "max_steps", "value": 550, "metadata": {"file": "/opt/venv/lib/python3.12/site-packages/primus_mllog/mlperf_sft.py", "lineno": 172}}
:::MLLOG {"namespace": "", "time_ms": 1778605293242, "event_type": "POINT_IN_TIME", "key": "lora_rank", "value": 16, "metadata": {"file": "/opt/venv/lib/python3.12/site-packages/primus_mllog/mlperf_sft.py", "lineno": 172}}
:::MLLOG {"namespace": "", "time_ms": 1778605293242, "event_type": "POINT_IN_TIME", "key": "lora_alpha", "value": 32, "metadata": {"file": "/opt/venv/lib/python3.12/site-packages/primus_mllog/mlperf_sft.py", "lineno": 172}}
:::MLLOG {"namespace": "", "time_ms": 1778605293242, "event_type": "POINT_IN_TIME", "key": "tensor_parallelism", "value": 1, "metadata": {"file": "/opt/venv/lib/python3.12/site-packages/primus_mllog/mlperf_sft.py", "lineno": 172}}
:::MLLOG {"namespace": "", "time_ms": 1778605293242, "event_type": "POINT_IN_TIME", "key": "pipeline_parallelism", "value": 1, "metadata": {"file": "/opt/venv/lib/python3.12/site-packages/primus_mllog/mlperf_sft.py", "lineno": 172}}
:::MLLOG {"namespace": "", "time_ms": 1778605293242, "event_type": "POINT_IN_TIME", "key": "context_parallelism", "value": 1, "metadata": {"file": "/opt/venv/lib/python3.12/site-packages/primus_mllog/mlperf_sft.py", "lineno": 172}}
:::MLLOG {"namespace": "", "time_ms": 1778605293242, "event_type": "POINT_IN_TIME", "key": "expert_parallelism", "value": 1, "metadata": {"file": "/opt/venv/lib/python3.12/site-packages/primus_mllog/mlperf_sft.py", "lineno": 172}}
:::MLLOG {"namespace": "", "time_ms": 1778605293243, "event_type": "POINT_IN_TIME", "key": "micro_batch_size", "value": 1, "metadata": {"file": "/opt/venv/lib/python3.12/site-packages/primus_mllog/mlperf_sft.py", "lineno": 172}}
:::MLLOG {"namespace": "", "time_ms": 1778605293243, "event_type": "POINT_IN_TIME", "key": "config_filename", "value": "config_MI355X_1x8x1.sh", "metadata": {"file": "/opt/venv/lib/python3.12/site-packages/primus_mllog/mlperf_sft.py", "lineno": 172}}
:::MLLOG {"namespace": "", "time_ms": 1778605293243, "event_type": "POINT_IN_TIME", "key": "lowest_numerical_precision_linear", "value": "mxfp4", "metadata": {"file": "/opt/venv/lib/python3.12/site-packages/primus_mllog/mlperf_sft.py", "lineno": 172}}
:::MLLOG {"namespace": "", "time_ms": 1778605488101, "event_type": "INTERVAL_END", "key": "init_stop", "value": null, "metadata": {"file": "/opt/venv/lib/python3.12/site-packages/primus_mllog/mlperf_sft.py", "lineno": 186}}
:::MLLOG {"namespace": "", "time_ms": 1778605488102, "event_type": "INTERVAL_START", "key": "run_start", "value": null, "metadata": {"file": "/opt/venv/lib/python3.12/site-packages/primus_mllog/mlperf_sft.py", "lineno": 187}}
:::MLLOG {"namespace": "", "time_ms": 1778605488102, "event_type": "INTERVAL_START", "key": "epoch_start", "value": null, "metadata": {"file": "/opt/venv/lib/python3.12/site-packages/primus_mllog/mlperf_sft.py", "lineno": 189, "samples_count": 0}}
:::MLLOG {"namespace": "", "time_ms": 1778605488102, "event_type": "INTERVAL_START", "key": "block_start", "value": null, "metadata": {"file": "/opt/venv/lib/python3.12/site-packages/primus_mllog/mlperf_sft.py", "lineno": 192, "samples_count": 0}}
:::MLLOG {"namespace": "", "time_ms": 1778605695346, "event_type": "INTERVAL_END", "key": "block_stop", "value": null, "metadata": {"file": "/opt/venv/lib/python3.12/site-packages/primus_mllog/mlperf_sft.py", "lineno": 243, "samples_count": 1536}}
:::MLLOG {"namespace": "", "time_ms": 1778605695346, "event_type": "INTERVAL_START", "key": "eval_start", "value": null, "metadata": {"file": "/opt/venv/lib/python3.12/site-packages/primus_mllog/mlperf_sft.py", "lineno": 247, "samples_count": 1536}}
:::MLLOG {"namespace": "", "time_ms": 1778605705207, "event_type": "POINT_IN_TIME", "key": "eval_accuracy", "value": 0.9693903923034668, "metadata": {"file": "/opt/venv/lib/python3.12/site-packages/primus_mllog/mlperf_sft.py", "lineno": 264, "samples_count": 1536}}
:::MLLOG {"namespace": "", "time_ms": 1778605705207, "event_type": "INTERVAL_END", "key": "eval_stop", "value": null, "metadata": {"file": "/opt/venv/lib/python3.12/site-packages/primus_mllog/mlperf_sft.py", "lineno": 277, "samples_count": 1536}}
:::MLLOG {"namespace": "", "time_ms": 1778605705208, "event_type": "INTERVAL_START", "key": "block_start", "value": null, "metadata": {"file": "/opt/venv/lib/python3.12/site-packages/primus_mllog/mlperf_sft.py", "lineno": 283, "samples_count": 1536}}
:::MLLOG {"namespace": "", "time_ms": 1778605756544, "event_type": "INTERVAL_END", "key": "block_stop", "value": null, "metadata": {"file": "/opt/venv/lib/python3.12/site-packages/primus_mllog/mlperf_sft.py", "lineno": 243, "samples_count": 1920}}
:::MLLOG {"namespace": "", "time_ms": 1778605756544, "event_type": "INTERVAL_START", "key": "eval_start", "value": null, "metadata": {"file": "/opt/venv/lib/python3.12/site-packages/primus_mllog/mlperf_sft.py", "lineno": 247, "samples_count": 1920}}
:::MLLOG {"namespace": "", "time_ms": 1778605766303, "event_type": "POINT_IN_TIME", "key": "eval_accuracy", "value": 0.9565033316612244, "metadata": {"file": "/opt/venv/lib/python3.12/site-packages/primus_mllog/mlperf_sft.py", "lineno": 264, "samples_count": 1920}}
:::MLLOG {"namespace": "", "time_ms": 1778605766304, "event_type": "INTERVAL_END", "key": "eval_stop", "value": null, "metadata": {"file": "/opt/venv/lib/python3.12/site-packages/primus_mllog/mlperf_sft.py", "lineno": 277, "samples_count": 1920}}
:::MLLOG {"namespace": "", "time_ms": 1778605766304, "event_type": "INTERVAL_START", "key": "block_start", "value": null, "metadata": {"file": "/opt/venv/lib/python3.12/site-packages/primus_mllog/mlperf_sft.py", "lineno": 283, "samples_count": 1920}}
:::MLLOG {"namespace": "", "time_ms": 1778605818192, "event_type": "INTERVAL_END", "key": "block_stop", "value": null, "metadata": {"file": "/opt/venv/lib/python3.12/site-packages/primus_mllog/mlperf_sft.py", "lineno": 243, "samples_count": 2304}}
:::MLLOG {"namespace": "", "time_ms": 1778605818192, "event_type": "INTERVAL_START", "key": "eval_start", "value": null, "metadata": {"file": "/opt/venv/lib/python3.12/site-packages/primus_mllog/mlperf_sft.py", "lineno": 247, "samples_count": 2304}}
:::MLLOG {"namespace": "", "time_ms": 1778605827999, "event_type": "POINT_IN_TIME", "key": "eval_accuracy", "value": 0.9527820944786072, "metadata": {"file": "/opt/venv/lib/python3.12/site-packages/primus_mllog/mlperf_sft.py", "lineno": 264, "samples_count": 2304}}
:::MLLOG {"namespace": "", "time_ms": 1778605827999, "event_type": "INTERVAL_END", "key": "eval_stop", "value": null, "metadata": {"file": "/opt/venv/lib/python3.12/site-packages/primus_mllog/mlperf_sft.py", "lineno": 277, "samples_count": 2304}}
:::MLLOG {"namespace": "", "time_ms": 1778605827999, "event_type": "INTERVAL_START", "key": "block_start", "value": null, "metadata": {"file": "/opt/venv/lib/python3.12/site-packages/primus_mllog/mlperf_sft.py", "lineno": 283, "samples_count": 2304}}
:::MLLOG {"namespace": "", "time_ms": 1778605879345, "event_type": "INTERVAL_END", "key": "block_stop", "value": null, "metadata": {"file": "/opt/venv/lib/python3.12/site-packages/primus_mllog/mlperf_sft.py", "lineno": 243, "samples_count": 2688}}
:::MLLOG {"namespace": "", "time_ms": 1778605879345, "event_type": "INTERVAL_START", "key": "eval_start", "value": null, "metadata": {"file": "/opt/venv/lib/python3.12/site-packages/primus_mllog/mlperf_sft.py", "lineno": 247, "samples_count": 2688}}
:::MLLOG {"namespace": "", "time_ms": 1778605889149, "event_type": "POINT_IN_TIME", "key": "eval_accuracy", "value": 0.9471588134765625, "metadata": {"file": "/opt/venv/lib/python3.12/site-packages/primus_mllog/mlperf_sft.py", "lineno": 264, "samples_count": 2688}}
:::MLLOG {"namespace": "", "time_ms": 1778605889149, "event_type": "INTERVAL_END", "key": "eval_stop", "value": null, "metadata": {"file": "/opt/venv/lib/python3.12/site-packages/primus_mllog/mlperf_sft.py", "lineno": 277, "samples_count": 2688}}
:::MLLOG {"namespace": "", "time_ms": 1778605889149, "event_type": "INTERVAL_START", "key": "block_start", "value": null, "metadata": {"file": "/opt/venv/lib/python3.12/site-packages/primus_mllog/mlperf_sft.py", "lineno": 283, "samples_count": 2688}}
:::MLLOG {"namespace": "", "time_ms": 1778605959326, "event_type": "INTERVAL_END", "key": "block_stop", "value": null, "metadata": {"file": "/opt/venv/lib/python3.12/site-packages/primus_mllog/mlperf_sft.py", "lineno": 243, "samples_count": 3072}}
:::MLLOG {"namespace": "", "time_ms": 1778605959326, "event_type": "INTERVAL_START", "key": "eval_start", "value": null, "metadata": {"file": "/opt/venv/lib/python3.12/site-packages/primus_mllog/mlperf_sft.py", "lineno": 247, "samples_count": 3072}}
:::MLLOG {"namespace": "", "time_ms": 1778605972118, "event_type": "POINT_IN_TIME", "key": "eval_accuracy", "value": 0.9244403839111328, "metadata": {"file": "/opt/venv/lib/python3.12/site-packages/primus_mllog/mlperf_sft.py", "lineno": 264, "samples_count": 3072}}
:::MLLOG {"namespace": "", "time_ms": 1778605972118, "event_type": "INTERVAL_END", "key": "eval_stop", "value": null, "metadata": {"file": "/opt/venv/lib/python3.12/site-packages/primus_mllog/mlperf_sft.py", "lineno": 277, "samples_count": 3072}}
:::MLLOG {"namespace": "", "time_ms": 1778605972127, "event_type": "INTERVAL_END", "key": "epoch_stop", "value": null, "metadata": {"file": "/opt/venv/lib/python3.12/site-packages/primus_mllog/mlperf_sft.py", "lineno": 305, "samples_count": 3072}}
:::MLLOG {"namespace": "", "time_ms": 1778605972127, "event_type": "INTERVAL_END", "key": "run_stop", "value": null, "metadata": {"file": "/opt/venv/lib/python3.12/site-packages/primus_mllog/mlperf_sft.py", "lineno": 319, "samples_count": 3072, "status": "success"}}
:::MLLOG {"namespace": "", "time_ms": 1778605972127, "event_type": "POINT_IN_TIME", "key": "run_duration", "value": "484.03s -> 8.07 minutes", "metadata": {"file": "/opt/venv/lib/python3.12/site-packages/primus_mllog/mlperf_sft.py", "lineno": 331, "samples": 3072}}
:::MLLOG {"namespace": "", "time_ms": 1778605972127, "event_type": "POINT_IN_TIME", "key": "throughput", "value": 6.35, "metadata": {"file": "/opt/venv/lib/python3.12/site-packages/primus_mllog/mlperf_sft.py", "lineno": 336, "samples": 3072}}
RESULT,LLAMA2_70B_LORA_SFT,,741,AMD,2026-05-12 05:00:57 PM
Beginning trial 4 of 10
Clearing cache on mi355mlperf
vm.drop_caches = 3
launching experiment using: --env=AITER_CONFIG_GEMM_A4W4 --env=AITER_LOG_LEVEL --env=AITER_LOG_MORE --env=AITER_LOG_TUNED_CONFIG --env=CP --env=CUBLAS_FORCE_XMMA_KERNEL_INIT --env=CUDA_DEVICE_MAX_CONNECTIONS --env=CUDNN_FRONTEND_ATTN_DP_WORKSPACE_LIMIT --env=DATA_PATH --env=DGXSYSTEM --env=ENABLE_MLLOG --env=ENABLE_TRANSPOSE_CACHE --env=EXP --env=FP4 --env=FP4_RECIPE --env=FP8 --env=FP8_ACT --env=FP8_ACTIVATION --env=FP8_AMAX_ALGO --env=FP8_AMAX_HISTORY --env=FP8_DPA --env=FP8_REDUCE_AMAX --env=FUSED_SOFTMAX --env=GPUS_PER_NODE --env=GPU_MAX_HW_QUEUES --env=HEALING_ITER --env=HEALING_PRECISION --env=HSA_ENABLE_INTERRUPT --env=HSA_ENABLE_SDMA --env=HSA_NO_SCRATCH_RECLAIM --env=HYDRA_FULL_ERROR --env=LOAD_CKPT --env=LOGGING_INTERVAL --env=LORA_A2A --env=LR --env=MASTER_ADDR --env=MASTER_PORT --env=MAX_STEPS --env=MBS --env=MCORE_CUDA_GRAPH --env=MC_TP_OVERLAP_AG --env=MC_TP_OVERLAP_RS --env=MC_TP_OVERLAP_RS_DGRAD --env=MEGATRON_BRIDGE_LOGGING_LEVEL --env=MINIBS --env=MLLOG_CONFIG_FILENAME --env=MLLOG_CONTEXT_PARALLELISM --env=MLLOG_EXPERT_PARALLELISM --env=MLLOG_LOWEST_NUMERICAL_PRECISION_LINEAR --env=MLLOG_MICRO_BATCH_SIZE --env=MLLOG_OUTPUT_FILE --env=MLLOG_PIPELINE_PARALLELISM --env=MLLOG_SUBMISSION_BENCHMARK --env=MLLOG_SUBMISSION_DIVISION --env=MLLOG_SUBMISSION_ORG --env=MLLOG_SUBMISSION_PLATFORM --env=MLLOG_TARGET_EVAL_LOSS --env=MLLOG_TENSOR_PARALLELISM --env=MLLOG_TRAIN_LOSS_LOG_FREQ --env=NCCL_CHECKS_DISABLE --env=NCCL_MIN_CTAS --env=NCCL_MIN_P2P_NCHANNELS --env=NCCL_NCHANNELS_PER_NET_PEER --env=NCCL_NVLS_ENABLE --env=NEXP --env=NNODES --env=NODE_RANK --env=NVTE_CK_IS_V3_ATOMIC_FP32 --env=NVTE_CK_USES_BWD_V3 --env=NVTE_CK_USES_FWD_V3 --env=NVTE_DEBUG --env=NVTE_DEBUG_LEVEL --env=NVTE_FP4_LOG_GEMM_SHAPES --env=NVTE_FP8_DPA_BWD --env=NVTE_FUSED_ATTN --env=NVTE_FUSED_ATTN_AOTRITON --env=NVTE_FUSED_ATTN_CK --env=NVTE_MXFP4_USE_HADAMARD --env=NVTE_RS_STRIDED_ATOMIC --env=NVTE_USE_AITER_ROPE --env=NVTE_USE_CAST_TRANSPOSE_TRITON --env=NVTE_USE_HIPBLASLT --env=NVTE_USE_OPTIMIZED_HIPIFIED_CAST_TRANSPOSE --env=NVTE_USE_RMSNORM_TRITON --env=OMP_NUM_THREADS --env=PACKED_METADATA_PATH --env=PACKED_TRAIN_DATA_PATH --env=PACKED_VAL_DATA_PATH --env=POSSIBLE_USER_WARNINGS --env=PP --env=PRETRAINED_CHECKPOINT --env=PRE_QUANTIZED_MODEL --env=PRIMUS_LOG_LEVEL --env=PRIMUS_PATH --env=PROFILE_RPD --env=PT_TENSOR_VALIDATION --env=PYTHONPATH --env=PYTHONWARNINGS --env=RECOMPUTE_GRANULARITY --env=RECOMPUTE_METHOD --env=RECOMPUTE_NUM_LAYERS --env=RESET_CG_AFTER_HEALING --env=RMSNORM_CAST --env=SKIP_EVALS --env=SP --env=SYNTH_WARMUP_STEPS --env=SYNTH_WARMUP_VALID_STEPS --env=TORCH_BLAS_PREFER_HIPBLASLT --env=TORCH_NCCL_HIGH_PRIORITY --env=TP --env=TP_COMM_OVERLAP --env=USE_HIPBLASLT --env=USE_TE_SWIGLU --env=VAL_CHECK_INTERVAL --env=VBOOST_VALUE --env=DATADIR --env=DGXSYSTEM --env=PROFILER --env=LOGDIR --env=HF_TOKEN --env=SEED=14688 mlperf_llama2_sft_primus /workspace/code/run_and_time.sh
:::MLLOG {"namespace": "", "time_ms": 1778606038073, "event_type": "POINT_IN_TIME", "key": "cache_clear", "value": true, "metadata": {"file": "/opt/venv/lib/python3.12/site-packages/primus_mllog/mlperf_logger.py", "lineno": 41}}
:::MLLOG {"namespace": "", "time_ms": 1778606038073, "event_type": "POINT_IN_TIME", "key": "init_start", "value": null, "metadata": {"file": "/opt/venv/lib/python3.12/site-packages/primus_mllog/mlperf_logger.py", "lineno": 41}}
:::MLLOG {"namespace": "", "time_ms": 1778606038366, "event_type": "POINT_IN_TIME", "key": "submission_benchmark", "value": "llama2_70b_lora", "metadata": {"file": "/opt/venv/lib/python3.12/site-packages/primus_mllog/mlperf_sft.py", "lineno": 120}}
:::MLLOG {"namespace": "", "time_ms": 1778606038374, "event_type": "POINT_IN_TIME", "key": "submission_org", "value": "AMD", "metadata": {"file": "/opt/venv/lib/python3.12/site-packages/primus_mllog/mlperf_sft.py", "lineno": 124}}
:::MLLOG {"namespace": "", "time_ms": 1778606038374, "event_type": "POINT_IN_TIME", "key": "submission_division", "value": "closed", "metadata": {"file": "/opt/venv/lib/python3.12/site-packages/primus_mllog/mlperf_sft.py", "lineno": 128}}
:::MLLOG {"namespace": "", "time_ms": 1778606038374, "event_type": "POINT_IN_TIME", "key": "submission_platform", "value": "MI355X", "metadata": {"file": "/opt/venv/lib/python3.12/site-packages/primus_mllog/mlperf_sft.py", "lineno": 132}}
:::MLLOG {"namespace": "", "time_ms": 1778606038374, "event_type": "POINT_IN_TIME", "key": "submission_status", "value": "onprem", "metadata": {"file": "/opt/venv/lib/python3.12/site-packages/primus_mllog/mlperf_sft.py", "lineno": 136}}
:::MLLOG {"namespace": "", "time_ms": 1778606038374, "event_type": "POINT_IN_TIME", "key": "target_accuracy", "value": 0.925, "metadata": {"file": "/opt/venv/lib/python3.12/site-packages/primus_mllog/mlperf_sft.py", "lineno": 139}}
:::MLLOG {"namespace": "", "time_ms": 1778606038374, "event_type": "POINT_IN_TIME", "key": "global_batch_size", "value": 8, "metadata": {"file": "/opt/venv/lib/python3.12/site-packages/primus_mllog/mlperf_sft.py", "lineno": 172}}
:::MLLOG {"namespace": "", "time_ms": 1778606038374, "event_type": "POINT_IN_TIME", "key": "train_samples", "value": 3901, "metadata": {"file": "/opt/venv/lib/python3.12/site-packages/primus_mllog/mlperf_sft.py", "lineno": 172}}
:::MLLOG {"namespace": "", "time_ms": 1778606038374, "event_type": "POINT_IN_TIME", "key": "eval_samples", "value": 173, "metadata": {"file": "/opt/venv/lib/python3.12/site-packages/primus_mllog/mlperf_sft.py", "lineno": 172}}
:::MLLOG {"namespace": "", "time_ms": 1778606038375, "event_type": "POINT_IN_TIME", "key": "gradient_accumulation_steps", "value": 1, "metadata": {"file": "/opt/venv/lib/python3.12/site-packages/primus_mllog/mlperf_sft.py", "lineno": 172}}
:::MLLOG {"namespace": "", "time_ms": 1778606038375, "event_type": "POINT_IN_TIME", "key": "seed", "value": 14688, "metadata": {"file": "/opt/venv/lib/python3.12/site-packages/primus_mllog/mlperf_sft.py", "lineno": 172}}
:::MLLOG {"namespace": "", "time_ms": 1778606038375, "event_type": "POINT_IN_TIME", "key": "opt_name", "value": "adamw", "metadata": {"file": "/opt/venv/lib/python3.12/site-packages/primus_mllog/mlperf_sft.py", "lineno": 172}}
:::MLLOG {"namespace": "", "time_ms": 1778606038375, "event_type": "POINT_IN_TIME", "key": "opt_base_learning_rate", "value": 0.0006, "metadata": {"file": "/opt/venv/lib/python3.12/site-packages/primus_mllog/mlperf_sft.py", "lineno": 172}}
:::MLLOG {"namespace": "", "time_ms": 1778606038375, "event_type": "POINT_IN_TIME", "key": "opt_adamw_beta_1", "value": 0.9, "metadata": {"file": "/opt/venv/lib/python3.12/site-packages/primus_mllog/mlperf_sft.py", "lineno": 172}}
:::MLLOG {"namespace": "", "time_ms": 1778606038375, "event_type": "POINT_IN_TIME", "key": "opt_adamw_beta_2", "value": 0.999, "metadata": {"file": "/opt/venv/lib/python3.12/site-packages/primus_mllog/mlperf_sft.py", "lineno": 172}}
:::MLLOG {"namespace": "", "time_ms": 1778606038375, "event_type": "POINT_IN_TIME", "key": "opt_adamw_epsilon", "value": 1e-08, "metadata": {"file": "/opt/venv/lib/python3.12/site-packages/primus_mllog/mlperf_sft.py", "lineno": 172}}
:::MLLOG {"namespace": "", "time_ms": 1778606038375, "event_type": "POINT_IN_TIME", "key": "opt_adamw_weight_decay", "value": 0.0001, "metadata": {"file": "/opt/venv/lib/python3.12/site-packages/primus_mllog/mlperf_sft.py", "lineno": 172}}
:::MLLOG {"namespace": "", "time_ms": 1778606038375, "event_type": "POINT_IN_TIME", "key": "opt_gradient_clip_norm", "value": 0.3, "metadata": {"file": "/opt/venv/lib/python3.12/site-packages/primus_mllog/mlperf_sft.py", "lineno": 172}}
:::MLLOG {"namespace": "", "time_ms": 1778606038375, "event_type": "POINT_IN_TIME", "key": "opt_learning_rate_warmup_factor", "value": 0.0, "metadata": {"file": "/opt/venv/lib/python3.12/site-packages/primus_mllog/mlperf_sft.py", "lineno": 172}}
:::MLLOG {"namespace": "", "time_ms": 1778606038375, "event_type": "POINT_IN_TIME", "key": "opt_learning_rate_training_steps", "value": 550, "metadata": {"file": "/opt/venv/lib/python3.12/site-packages/primus_mllog/mlperf_sft.py", "lineno": 172}}
:::MLLOG {"namespace": "", "time_ms": 1778606038375, "event_type": "POINT_IN_TIME", "key": "max_sequence_length", "value": 8192, "metadata": {"file": "/opt/venv/lib/python3.12/site-packages/primus_mllog/mlperf_sft.py", "lineno": 172}}
:::MLLOG {"namespace": "", "time_ms": 1778606038375, "event_type": "POINT_IN_TIME", "key": "max_steps", "value": 550, "metadata": {"file": "/opt/venv/lib/python3.12/site-packages/primus_mllog/mlperf_sft.py", "lineno": 172}}
:::MLLOG {"namespace": "", "time_ms": 1778606038375, "event_type": "POINT_IN_TIME", "key": "lora_rank", "value": 16, "metadata": {"file": "/opt/venv/lib/python3.12/site-packages/primus_mllog/mlperf_sft.py", "lineno": 172}}
:::MLLOG {"namespace": "", "time_ms": 1778606038375, "event_type": "POINT_IN_TIME", "key": "lora_alpha", "value": 32, "metadata": {"file": "/opt/venv/lib/python3.12/site-packages/primus_mllog/mlperf_sft.py", "lineno": 172}}
:::MLLOG {"namespace": "", "time_ms": 1778606038375, "event_type": "POINT_IN_TIME", "key": "tensor_parallelism", "value": 1, "metadata": {"file": "/opt/venv/lib/python3.12/site-packages/primus_mllog/mlperf_sft.py", "lineno": 172}}
:::MLLOG {"namespace": "", "time_ms": 1778606038375, "event_type": "POINT_IN_TIME", "key": "pipeline_parallelism", "value": 1, "metadata": {"file": "/opt/venv/lib/python3.12/site-packages/primus_mllog/mlperf_sft.py", "lineno": 172}}
:::MLLOG {"namespace": "", "time_ms": 1778606038375, "event_type": "POINT_IN_TIME", "key": "context_parallelism", "value": 1, "metadata": {"file": "/opt/venv/lib/python3.12/site-packages/primus_mllog/mlperf_sft.py", "lineno": 172}}
:::MLLOG {"namespace": "", "time_ms": 1778606038375, "event_type": "POINT_IN_TIME", "key": "expert_parallelism", "value": 1, "metadata": {"file": "/opt/venv/lib/python3.12/site-packages/primus_mllog/mlperf_sft.py", "lineno": 172}}
:::MLLOG {"namespace": "", "time_ms": 1778606038375, "event_type": "POINT_IN_TIME", "key": "micro_batch_size", "value": 1, "metadata": {"file": "/opt/venv/lib/python3.12/site-packages/primus_mllog/mlperf_sft.py", "lineno": 172}}
:::MLLOG {"namespace": "", "time_ms": 1778606038376, "event_type": "POINT_IN_TIME", "key": "config_filename", "value": "config_MI355X_1x8x1.sh", "metadata": {"file": "/opt/venv/lib/python3.12/site-packages/primus_mllog/mlperf_sft.py", "lineno": 172}}
:::MLLOG {"namespace": "", "time_ms": 1778606038376, "event_type": "POINT_IN_TIME", "key": "lowest_numerical_precision_linear", "value": "mxfp4", "metadata": {"file": "/opt/venv/lib/python3.12/site-packages/primus_mllog/mlperf_sft.py", "lineno": 172}}
:::MLLOG {"namespace": "", "time_ms": 1778606226502, "event_type": "INTERVAL_END", "key": "init_stop", "value": null, "metadata": {"file": "/opt/venv/lib/python3.12/site-packages/primus_mllog/mlperf_sft.py", "lineno": 186}}
:::MLLOG {"namespace": "", "time_ms": 1778606226502, "event_type": "INTERVAL_START", "key": "run_start", "value": null, "metadata": {"file": "/opt/venv/lib/python3.12/site-packages/primus_mllog/mlperf_sft.py", "lineno": 187}}
:::MLLOG {"namespace": "", "time_ms": 1778606226502, "event_type": "INTERVAL_START", "key": "epoch_start", "value": null, "metadata": {"file": "/opt/venv/lib/python3.12/site-packages/primus_mllog/mlperf_sft.py", "lineno": 189, "samples_count": 0}}
:::MLLOG {"namespace": "", "time_ms": 1778606226502, "event_type": "INTERVAL_START", "key": "block_start", "value": null, "metadata": {"file": "/opt/venv/lib/python3.12/site-packages/primus_mllog/mlperf_sft.py", "lineno": 192, "samples_count": 0}}
:::MLLOG {"namespace": "", "time_ms": 1778606433461, "event_type": "INTERVAL_END", "key": "block_stop", "value": null, "metadata": {"file": "/opt/venv/lib/python3.12/site-packages/primus_mllog/mlperf_sft.py", "lineno": 243, "samples_count": 1536}}
:::MLLOG {"namespace": "", "time_ms": 1778606433462, "event_type": "INTERVAL_START", "key": "eval_start", "value": null, "metadata": {"file": "/opt/venv/lib/python3.12/site-packages/primus_mllog/mlperf_sft.py", "lineno": 247, "samples_count": 1536}}
:::MLLOG {"namespace": "", "time_ms": 1778606443315, "event_type": "POINT_IN_TIME", "key": "eval_accuracy", "value": 0.9857260584831238, "metadata": {"file": "/opt/venv/lib/python3.12/site-packages/primus_mllog/mlperf_sft.py", "lineno": 264, "samples_count": 1536}}
:::MLLOG {"namespace": "", "time_ms": 1778606443315, "event_type": "INTERVAL_END", "key": "eval_stop", "value": null, "metadata": {"file": "/opt/venv/lib/python3.12/site-packages/primus_mllog/mlperf_sft.py", "lineno": 277, "samples_count": 1536}}
:::MLLOG {"namespace": "", "time_ms": 1778606443315, "event_type": "INTERVAL_START", "key": "block_start", "value": null, "metadata": {"file": "/opt/venv/lib/python3.12/site-packages/primus_mllog/mlperf_sft.py", "lineno": 283, "samples_count": 1536}}
:::MLLOG {"namespace": "", "time_ms": 1778606494578, "event_type": "INTERVAL_END", "key": "block_stop", "value": null, "metadata": {"file": "/opt/venv/lib/python3.12/site-packages/primus_mllog/mlperf_sft.py", "lineno": 243, "samples_count": 1920}}
:::MLLOG {"namespace": "", "time_ms": 1778606494578, "event_type": "INTERVAL_START", "key": "eval_start", "value": null, "metadata": {"file": "/opt/venv/lib/python3.12/site-packages/primus_mllog/mlperf_sft.py", "lineno": 247, "samples_count": 1920}}
:::MLLOG {"namespace": "", "time_ms": 1778606504322, "event_type": "POINT_IN_TIME", "key": "eval_accuracy", "value": 0.9661741852760315, "metadata": {"file": "/opt/venv/lib/python3.12/site-packages/primus_mllog/mlperf_sft.py", "lineno": 264, "samples_count": 1920}}
:::MLLOG {"namespace": "", "time_ms": 1778606504323, "event_type": "INTERVAL_END", "key": "eval_stop", "value": null, "metadata": {"file": "/opt/venv/lib/python3.12/site-packages/primus_mllog/mlperf_sft.py", "lineno": 277, "samples_count": 1920}}
:::MLLOG {"namespace": "", "time_ms": 1778606504323, "event_type": "INTERVAL_START", "key": "block_start", "value": null, "metadata": {"file": "/opt/venv/lib/python3.12/site-packages/primus_mllog/mlperf_sft.py", "lineno": 283, "samples_count": 1920}}
:::MLLOG {"namespace": "", "time_ms": 1778606556213, "event_type": "INTERVAL_END", "key": "block_stop", "value": null, "metadata": {"file": "/opt/venv/lib/python3.12/site-packages/primus_mllog/mlperf_sft.py", "lineno": 243, "samples_count": 2304}}
:::MLLOG {"namespace": "", "time_ms": 1778606556213, "event_type": "INTERVAL_START", "key": "eval_start", "value": null, "metadata": {"file": "/opt/venv/lib/python3.12/site-packages/primus_mllog/mlperf_sft.py", "lineno": 247, "samples_count": 2304}}
:::MLLOG {"namespace": "", "time_ms": 1778606565952, "event_type": "POINT_IN_TIME", "key": "eval_accuracy", "value": 0.9558935761451721, "metadata": {"file": "/opt/venv/lib/python3.12/site-packages/primus_mllog/mlperf_sft.py", "lineno": 264, "samples_count": 2304}}
:::MLLOG {"namespace": "", "time_ms": 1778606565952, "event_type": "INTERVAL_END", "key": "eval_stop", "value": null, "metadata": {"file": "/opt/venv/lib/python3.12/site-packages/primus_mllog/mlperf_sft.py", "lineno": 277, "samples_count": 2304}}
:::MLLOG {"namespace": "", "time_ms": 1778606565952, "event_type": "INTERVAL_START", "key": "block_start", "value": null, "metadata": {"file": "/opt/venv/lib/python3.12/site-packages/primus_mllog/mlperf_sft.py", "lineno": 283, "samples_count": 2304}}
:::MLLOG {"namespace": "", "time_ms": 1778606617266, "event_type": "INTERVAL_END", "key": "block_stop", "value": null, "metadata": {"file": "/opt/venv/lib/python3.12/site-packages/primus_mllog/mlperf_sft.py", "lineno": 243, "samples_count": 2688}}
:::MLLOG {"namespace": "", "time_ms": 1778606617266, "event_type": "INTERVAL_START", "key": "eval_start", "value": null, "metadata": {"file": "/opt/venv/lib/python3.12/site-packages/primus_mllog/mlperf_sft.py", "lineno": 247, "samples_count": 2688}}
:::MLLOG {"namespace": "", "time_ms": 1778606627055, "event_type": "POINT_IN_TIME", "key": "eval_accuracy", "value": 0.95094895362854, "metadata": {"file": "/opt/venv/lib/python3.12/site-packages/primus_mllog/mlperf_sft.py", "lineno": 264, "samples_count": 2688}}
:::MLLOG {"namespace": "", "time_ms": 1778606627055, "event_type": "INTERVAL_END", "key": "eval_stop", "value": null, "metadata": {"file": "/opt/venv/lib/python3.12/site-packages/primus_mllog/mlperf_sft.py", "lineno": 277, "samples_count": 2688}}
:::MLLOG {"namespace": "", "time_ms": 1778606627055, "event_type": "INTERVAL_START", "key": "block_start", "value": null, "metadata": {"file": "/opt/venv/lib/python3.12/site-packages/primus_mllog/mlperf_sft.py", "lineno": 283, "samples_count": 2688}}
:::MLLOG {"namespace": "", "time_ms": 1778606697255, "event_type": "INTERVAL_END", "key": "block_stop", "value": null, "metadata": {"file": "/opt/venv/lib/python3.12/site-packages/primus_mllog/mlperf_sft.py", "lineno": 243, "samples_count": 3072}}
:::MLLOG {"namespace": "", "time_ms": 1778606697255, "event_type": "INTERVAL_START", "key": "eval_start", "value": null, "metadata": {"file": "/opt/venv/lib/python3.12/site-packages/primus_mllog/mlperf_sft.py", "lineno": 247, "samples_count": 3072}}
:::MLLOG {"namespace": "", "time_ms": 1778606710034, "event_type": "POINT_IN_TIME", "key": "eval_accuracy", "value": 0.9262399077415466, "metadata": {"file": "/opt/venv/lib/python3.12/site-packages/primus_mllog/mlperf_sft.py", "lineno": 264, "samples_count": 3072}}
:::MLLOG {"namespace": "", "time_ms": 1778606710035, "event_type": "INTERVAL_END", "key": "eval_stop", "value": null, "metadata": {"file": "/opt/venv/lib/python3.12/site-packages/primus_mllog/mlperf_sft.py", "lineno": 277, "samples_count": 3072}}
:::MLLOG {"namespace": "", "time_ms": 1778606710035, "event_type": "INTERVAL_START", "key": "block_start", "value": null, "metadata": {"file": "/opt/venv/lib/python3.12/site-packages/primus_mllog/mlperf_sft.py", "lineno": 283, "samples_count": 3072}}
:::MLLOG {"namespace": "", "time_ms": 1778606776663, "event_type": "INTERVAL_END", "key": "block_stop", "value": null, "metadata": {"file": "/opt/venv/lib/python3.12/site-packages/primus_mllog/mlperf_sft.py", "lineno": 243, "samples_count": 3456}}
:::MLLOG {"namespace": "", "time_ms": 1778606776663, "event_type": "INTERVAL_START", "key": "eval_start", "value": null, "metadata": {"file": "/opt/venv/lib/python3.12/site-packages/primus_mllog/mlperf_sft.py", "lineno": 247, "samples_count": 3456}}
:::MLLOG {"namespace": "", "time_ms": 1778606789438, "event_type": "POINT_IN_TIME", "key": "eval_accuracy", "value": 0.9243667125701904, "metadata": {"file": "/opt/venv/lib/python3.12/site-packages/primus_mllog/mlperf_sft.py", "lineno": 264, "samples_count": 3456}}
:::MLLOG {"namespace": "", "time_ms": 1778606789439, "event_type": "INTERVAL_END", "key": "eval_stop", "value": null, "metadata": {"file": "/opt/venv/lib/python3.12/site-packages/primus_mllog/mlperf_sft.py", "lineno": 277, "samples_count": 3456}}
:::MLLOG {"namespace": "", "time_ms": 1778606789447, "event_type": "INTERVAL_END", "key": "epoch_stop", "value": null, "metadata": {"file": "/opt/venv/lib/python3.12/site-packages/primus_mllog/mlperf_sft.py", "lineno": 305, "samples_count": 3456}}
:::MLLOG {"namespace": "", "time_ms": 1778606789447, "event_type": "INTERVAL_END", "key": "run_stop", "value": null, "metadata": {"file": "/opt/venv/lib/python3.12/site-packages/primus_mllog/mlperf_sft.py", "lineno": 319, "samples_count": 3456, "status": "success"}}
:::MLLOG {"namespace": "", "time_ms": 1778606789447, "event_type": "POINT_IN_TIME", "key": "run_duration", "value": "562.94s -> 9.38 minutes", "metadata": {"file": "/opt/venv/lib/python3.12/site-packages/primus_mllog/mlperf_sft.py", "lineno": 331, "samples": 3456}}
:::MLLOG {"namespace": "", "time_ms": 1778606789447, "event_type": "POINT_IN_TIME", "key": "throughput", "value": 6.14, "metadata": {"file": "/opt/venv/lib/python3.12/site-packages/primus_mllog/mlperf_sft.py", "lineno": 336, "samples": 3456}}
RESULT,LLAMA2_70B_LORA_SFT,,812,AMD,2026-05-12 05:13:23 PM
Beginning trial 5 of 10
Clearing cache on mi355mlperf
vm.drop_caches = 3
launching experiment using: --env=AITER_CONFIG_GEMM_A4W4 --env=AITER_LOG_LEVEL --env=AITER_LOG_MORE --env=AITER_LOG_TUNED_CONFIG --env=CP --env=CUBLAS_FORCE_XMMA_KERNEL_INIT --env=CUDA_DEVICE_MAX_CONNECTIONS --env=CUDNN_FRONTEND_ATTN_DP_WORKSPACE_LIMIT --env=DATA_PATH --env=DGXSYSTEM --env=ENABLE_MLLOG --env=ENABLE_TRANSPOSE_CACHE --env=EXP --env=FP4 --env=FP4_RECIPE --env=FP8 --env=FP8_ACT --env=FP8_ACTIVATION --env=FP8_AMAX_ALGO --env=FP8_AMAX_HISTORY --env=FP8_DPA --env=FP8_REDUCE_AMAX --env=FUSED_SOFTMAX --env=GPUS_PER_NODE --env=GPU_MAX_HW_QUEUES --env=HEALING_ITER --env=HEALING_PRECISION --env=HSA_ENABLE_INTERRUPT --env=HSA_ENABLE_SDMA --env=HSA_NO_SCRATCH_RECLAIM --env=HYDRA_FULL_ERROR --env=LOAD_CKPT --env=LOGGING_INTERVAL --env=LORA_A2A --env=LR --env=MASTER_ADDR --env=MASTER_PORT --env=MAX_STEPS --env=MBS --env=MCORE_CUDA_GRAPH --env=MC_TP_OVERLAP_AG --env=MC_TP_OVERLAP_RS --env=MC_TP_OVERLAP_RS_DGRAD --env=MEGATRON_BRIDGE_LOGGING_LEVEL --env=MINIBS --env=MLLOG_CONFIG_FILENAME --env=MLLOG_CONTEXT_PARALLELISM --env=MLLOG_EXPERT_PARALLELISM --env=MLLOG_LOWEST_NUMERICAL_PRECISION_LINEAR --env=MLLOG_MICRO_BATCH_SIZE --env=MLLOG_OUTPUT_FILE --env=MLLOG_PIPELINE_PARALLELISM --env=MLLOG_SUBMISSION_BENCHMARK --env=MLLOG_SUBMISSION_DIVISION --env=MLLOG_SUBMISSION_ORG --env=MLLOG_SUBMISSION_PLATFORM --env=MLLOG_TARGET_EVAL_LOSS --env=MLLOG_TENSOR_PARALLELISM --env=MLLOG_TRAIN_LOSS_LOG_FREQ --env=NCCL_CHECKS_DISABLE --env=NCCL_MIN_CTAS --env=NCCL_MIN_P2P_NCHANNELS --env=NCCL_NCHANNELS_PER_NET_PEER --env=NCCL_NVLS_ENABLE --env=NEXP --env=NNODES --env=NODE_RANK --env=NVTE_CK_IS_V3_ATOMIC_FP32 --env=NVTE_CK_USES_BWD_V3 --env=NVTE_CK_USES_FWD_V3 --env=NVTE_DEBUG --env=NVTE_DEBUG_LEVEL --env=NVTE_FP4_LOG_GEMM_SHAPES --env=NVTE_FP8_DPA_BWD --env=NVTE_FUSED_ATTN --env=NVTE_FUSED_ATTN_AOTRITON --env=NVTE_FUSED_ATTN_CK --env=NVTE_MXFP4_USE_HADAMARD --env=NVTE_RS_STRIDED_ATOMIC --env=NVTE_USE_AITER_ROPE --env=NVTE_USE_CAST_TRANSPOSE_TRITON --env=NVTE_USE_HIPBLASLT --env=NVTE_USE_OPTIMIZED_HIPIFIED_CAST_TRANSPOSE --env=NVTE_USE_RMSNORM_TRITON --env=OMP_NUM_THREADS --env=PACKED_METADATA_PATH --env=PACKED_TRAIN_DATA_PATH --env=PACKED_VAL_DATA_PATH --env=POSSIBLE_USER_WARNINGS --env=PP --env=PRETRAINED_CHECKPOINT --env=PRE_QUANTIZED_MODEL --env=PRIMUS_LOG_LEVEL --env=PRIMUS_PATH --env=PROFILE_RPD --env=PT_TENSOR_VALIDATION --env=PYTHONPATH --env=PYTHONWARNINGS --env=RECOMPUTE_GRANULARITY --env=RECOMPUTE_METHOD --env=RECOMPUTE_NUM_LAYERS --env=RESET_CG_AFTER_HEALING --env=RMSNORM_CAST --env=SKIP_EVALS --env=SP --env=SYNTH_WARMUP_STEPS --env=SYNTH_WARMUP_VALID_STEPS --env=TORCH_BLAS_PREFER_HIPBLASLT --env=TORCH_NCCL_HIGH_PRIORITY --env=TP --env=TP_COMM_OVERLAP --env=USE_HIPBLASLT --env=USE_TE_SWIGLU --env=VAL_CHECK_INTERVAL --env=VBOOST_VALUE --env=DATADIR --env=DGXSYSTEM --env=PROFILER --env=LOGDIR --env=HF_TOKEN --env=SEED=9910 mlperf_llama2_sft_primus /workspace/code/run_and_time.sh
:::MLLOG {"namespace": "", "time_ms": 1778606850565, "event_type": "POINT_IN_TIME", "key": "cache_clear", "value": true, "metadata": {"file": "/opt/venv/lib/python3.12/site-packages/primus_mllog/mlperf_logger.py", "lineno": 41}}
:::MLLOG {"namespace": "", "time_ms": 1778606850566, "event_type": "POINT_IN_TIME", "key": "init_start", "value": null, "metadata": {"file": "/opt/venv/lib/python3.12/site-packages/primus_mllog/mlperf_logger.py", "lineno": 41}}
:::MLLOG {"namespace": "", "time_ms": 1778606850867, "event_type": "POINT_IN_TIME", "key": "submission_benchmark", "value": "llama2_70b_lora", "metadata": {"file": "/opt/venv/lib/python3.12/site-packages/primus_mllog/mlperf_sft.py", "lineno": 120}}
:::MLLOG {"namespace": "", "time_ms": 1778606850879, "event_type": "POINT_IN_TIME", "key": "submission_org", "value": "AMD", "metadata": {"file": "/opt/venv/lib/python3.12/site-packages/primus_mllog/mlperf_sft.py", "lineno": 124}}
:::MLLOG {"namespace": "", "time_ms": 1778606850879, "event_type": "POINT_IN_TIME", "key": "submission_division", "value": "closed", "metadata": {"file": "/opt/venv/lib/python3.12/site-packages/primus_mllog/mlperf_sft.py", "lineno": 128}}
:::MLLOG {"namespace": "", "time_ms": 1778606850879, "event_type": "POINT_IN_TIME", "key": "submission_platform", "value": "MI355X", "metadata": {"file": "/opt/venv/lib/python3.12/site-packages/primus_mllog/mlperf_sft.py", "lineno": 132}}
:::MLLOG {"namespace": "", "time_ms": 1778606850879, "event_type": "POINT_IN_TIME", "key": "submission_status", "value": "onprem", "metadata": {"file": "/opt/venv/lib/python3.12/site-packages/primus_mllog/mlperf_sft.py", "lineno": 136}}
:::MLLOG {"namespace": "", "time_ms": 1778606850879, "event_type": "POINT_IN_TIME", "key": "target_accuracy", "value": 0.925, "metadata": {"file": "/opt/venv/lib/python3.12/site-packages/primus_mllog/mlperf_sft.py", "lineno": 139}}
:::MLLOG {"namespace": "", "time_ms": 1778606850879, "event_type": "POINT_IN_TIME", "key": "global_batch_size", "value": 8, "metadata": {"file": "/opt/venv/lib/python3.12/site-packages/primus_mllog/mlperf_sft.py", "lineno": 172}}
:::MLLOG {"namespace": "", "time_ms": 1778606850879, "event_type": "POINT_IN_TIME", "key": "train_samples", "value": 3901, "metadata": {"file": "/opt/venv/lib/python3.12/site-packages/primus_mllog/mlperf_sft.py", "lineno": 172}}
:::MLLOG {"namespace": "", "time_ms": 1778606850879, "event_type": "POINT_IN_TIME", "key": "eval_samples", "value": 173, "metadata": {"file": "/opt/venv/lib/python3.12/site-packages/primus_mllog/mlperf_sft.py", "lineno": 172}}
:::MLLOG {"namespace": "", "time_ms": 1778606850879, "event_type": "POINT_IN_TIME", "key": "gradient_accumulation_steps", "value": 1, "metadata": {"file": "/opt/venv/lib/python3.12/site-packages/primus_mllog/mlperf_sft.py", "lineno": 172}}
:::MLLOG {"namespace": "", "time_ms": 1778606850879, "event_type": "POINT_IN_TIME", "key": "seed", "value": 9910, "metadata": {"file": "/opt/venv/lib/python3.12/site-packages/primus_mllog/mlperf_sft.py", "lineno": 172}}
:::MLLOG {"namespace": "", "time_ms": 1778606850879, "event_type": "POINT_IN_TIME", "key": "opt_name", "value": "adamw", "metadata": {"file": "/opt/venv/lib/python3.12/site-packages/primus_mllog/mlperf_sft.py", "lineno": 172}}
:::MLLOG {"namespace": "", "time_ms": 1778606850879, "event_type": "POINT_IN_TIME", "key": "opt_base_learning_rate", "value": 0.0006, "metadata": {"file": "/opt/venv/lib/python3.12/site-packages/primus_mllog/mlperf_sft.py", "lineno": 172}}
:::MLLOG {"namespace": "", "time_ms": 1778606850879, "event_type": "POINT_IN_TIME", "key": "opt_adamw_beta_1", "value": 0.9, "metadata": {"file": "/opt/venv/lib/python3.12/site-packages/primus_mllog/mlperf_sft.py", "lineno": 172}}
:::MLLOG {"namespace": "", "time_ms": 1778606850880, "event_type": "POINT_IN_TIME", "key": "opt_adamw_beta_2", "value": 0.999, "metadata": {"file": "/opt/venv/lib/python3.12/site-packages/primus_mllog/mlperf_sft.py", "lineno": 172}}
:::MLLOG {"namespace": "", "time_ms": 1778606850880, "event_type": "POINT_IN_TIME", "key": "opt_adamw_epsilon", "value": 1e-08, "metadata": {"file": "/opt/venv/lib/python3.12/site-packages/primus_mllog/mlperf_sft.py", "lineno": 172}}
:::MLLOG {"namespace": "", "time_ms": 1778606850880, "event_type": "POINT_IN_TIME", "key": "opt_adamw_weight_decay", "value": 0.0001, "metadata": {"file": "/opt/venv/lib/python3.12/site-packages/primus_mllog/mlperf_sft.py", "lineno": 172}}
:::MLLOG {"namespace": "", "time_ms": 1778606850880, "event_type": "POINT_IN_TIME", "key": "opt_gradient_clip_norm", "value": 0.3, "metadata": {"file": "/opt/venv/lib/python3.12/site-packages/primus_mllog/mlperf_sft.py", "lineno": 172}}
:::MLLOG {"namespace": "", "time_ms": 1778606850880, "event_type": "POINT_IN_TIME", "key": "opt_learning_rate_warmup_factor", "value": 0.0, "metadata": {"file": "/opt/venv/lib/python3.12/site-packages/primus_mllog/mlperf_sft.py", "lineno": 172}}
:::MLLOG {"namespace": "", "time_ms": 1778606850880, "event_type": "POINT_IN_TIME", "key": "opt_learning_rate_training_steps", "value": 550, "metadata": {"file": "/opt/venv/lib/python3.12/site-packages/primus_mllog/mlperf_sft.py", "lineno": 172}}
:::MLLOG {"namespace": "", "time_ms": 1778606850880, "event_type": "POINT_IN_TIME", "key": "max_sequence_length", "value": 8192, "metadata": {"file": "/opt/venv/lib/python3.12/site-packages/primus_mllog/mlperf_sft.py", "lineno": 172}}
:::MLLOG {"namespace": "", "time_ms": 1778606850880, "event_type": "POINT_IN_TIME", "key": "max_steps", "value": 550, "metadata": {"file": "/opt/venv/lib/python3.12/site-packages/primus_mllog/mlperf_sft.py", "lineno": 172}}
:::MLLOG {"namespace": "", "time_ms": 1778606850880, "event_type": "POINT_IN_TIME", "key": "lora_rank", "value": 16, "metadata": {"file": "/opt/venv/lib/python3.12/site-packages/primus_mllog/mlperf_sft.py", "lineno": 172}}
:::MLLOG {"namespace": "", "time_ms": 1778606850880, "event_type": "POINT_IN_TIME", "key": "lora_alpha", "value": 32, "metadata": {"file": "/opt/venv/lib/python3.12/site-packages/primus_mllog/mlperf_sft.py", "lineno": 172}}
:::MLLOG {"namespace": "", "time_ms": 1778606850880, "event_type": "POINT_IN_TIME", "key": "tensor_parallelism", "value": 1, "metadata": {"file": "/opt/venv/lib/python3.12/site-packages/primus_mllog/mlperf_sft.py", "lineno": 172}}
:::MLLOG {"namespace": "", "time_ms": 1778606850880, "event_type": "POINT_IN_TIME", "key": "pipeline_parallelism", "value": 1, "metadata": {"file": "/opt/venv/lib/python3.12/site-packages/primus_mllog/mlperf_sft.py", "lineno": 172}}
:::MLLOG {"namespace": "", "time_ms": 1778606850880, "event_type": "POINT_IN_TIME", "key": "context_parallelism", "value": 1, "metadata": {"file": "/opt/venv/lib/python3.12/site-packages/primus_mllog/mlperf_sft.py", "lineno": 172}}
:::MLLOG {"namespace": "", "time_ms": 1778606850880, "event_type": "POINT_IN_TIME", "key": "expert_parallelism", "value": 1, "metadata": {"file": "/opt/venv/lib/python3.12/site-packages/primus_mllog/mlperf_sft.py", "lineno": 172}}
:::MLLOG {"namespace": "", "time_ms": 1778606850880, "event_type": "POINT_IN_TIME", "key": "micro_batch_size", "value": 1, "metadata": {"file": "/opt/venv/lib/python3.12/site-packages/primus_mllog/mlperf_sft.py", "lineno": 172}}
:::MLLOG {"namespace": "", "time_ms": 1778606850880, "event_type": "POINT_IN_TIME", "key": "config_filename", "value": "config_MI355X_1x8x1.sh", "metadata": {"file": "/opt/venv/lib/python3.12/site-packages/primus_mllog/mlperf_sft.py", "lineno": 172}}
:::MLLOG {"namespace": "", "time_ms": 1778606850880, "event_type": "POINT_IN_TIME", "key": "lowest_numerical_precision_linear", "value": "mxfp4", "metadata": {"file": "/opt/venv/lib/python3.12/site-packages/primus_mllog/mlperf_sft.py", "lineno": 172}}
:::MLLOG {"namespace": "", "time_ms": 1778607045398, "event_type": "INTERVAL_END", "key": "init_stop", "value": null, "metadata": {"file": "/opt/venv/lib/python3.12/site-packages/primus_mllog/mlperf_sft.py", "lineno": 186}}
:::MLLOG {"namespace": "", "time_ms": 1778607045399, "event_type": "INTERVAL_START", "key": "run_start", "value": null, "metadata": {"file": "/opt/venv/lib/python3.12/site-packages/primus_mllog/mlperf_sft.py", "lineno": 187}}
:::MLLOG {"namespace": "", "time_ms": 1778607045399, "event_type": "INTERVAL_START", "key": "epoch_start", "value": null, "metadata": {"file": "/opt/venv/lib/python3.12/site-packages/primus_mllog/mlperf_sft.py", "lineno": 189, "samples_count": 0}}
:::MLLOG {"namespace": "", "time_ms": 1778607045399, "event_type": "INTERVAL_START", "key": "block_start", "value": null, "metadata": {"file": "/opt/venv/lib/python3.12/site-packages/primus_mllog/mlperf_sft.py", "lineno": 192, "samples_count": 0}}
:::MLLOG {"namespace": "", "time_ms": 1778607252937, "event_type": "INTERVAL_END", "key": "block_stop", "value": null, "metadata": {"file": "/opt/venv/lib/python3.12/site-packages/primus_mllog/mlperf_sft.py", "lineno": 243, "samples_count": 1536}}
:::MLLOG {"namespace": "", "time_ms": 1778607252938, "event_type": "INTERVAL_START", "key": "eval_start", "value": null, "metadata": {"file": "/opt/venv/lib/python3.12/site-packages/primus_mllog/mlperf_sft.py", "lineno": 247, "samples_count": 1536}}
:::MLLOG {"namespace": "", "time_ms": 1778607262849, "event_type": "POINT_IN_TIME", "key": "eval_accuracy", "value": 0.9730350971221924, "metadata": {"file": "/opt/venv/lib/python3.12/site-packages/primus_mllog/mlperf_sft.py", "lineno": 264, "samples_count": 1536}}
:::MLLOG {"namespace": "", "time_ms": 1778607262849, "event_type": "INTERVAL_END", "key": "eval_stop", "value": null, "metadata": {"file": "/opt/venv/lib/python3.12/site-packages/primus_mllog/mlperf_sft.py", "lineno": 277, "samples_count": 1536}}
:::MLLOG {"namespace": "", "time_ms": 1778607262849, "event_type": "INTERVAL_START", "key": "block_start", "value": null, "metadata": {"file": "/opt/venv/lib/python3.12/site-packages/primus_mllog/mlperf_sft.py", "lineno": 283, "samples_count": 1536}}
:::MLLOG {"namespace": "", "time_ms": 1778607314202, "event_type": "INTERVAL_END", "key": "block_stop", "value": null, "metadata": {"file": "/opt/venv/lib/python3.12/site-packages/primus_mllog/mlperf_sft.py", "lineno": 243, "samples_count": 1920}}
:::MLLOG {"namespace": "", "time_ms": 1778607314202, "event_type": "INTERVAL_START", "key": "eval_start", "value": null, "metadata": {"file": "/opt/venv/lib/python3.12/site-packages/primus_mllog/mlperf_sft.py", "lineno": 247, "samples_count": 1920}}
:::MLLOG {"namespace": "", "time_ms": 1778607324006, "event_type": "POINT_IN_TIME", "key": "eval_accuracy", "value": 0.9606046676635742, "metadata": {"file": "/opt/venv/lib/python3.12/site-packages/primus_mllog/mlperf_sft.py", "lineno": 264, "samples_count": 1920}}
:::MLLOG {"namespace": "", "time_ms": 1778607324006, "event_type": "INTERVAL_END", "key": "eval_stop", "value": null, "metadata": {"file": "/opt/venv/lib/python3.12/site-packages/primus_mllog/mlperf_sft.py", "lineno": 277, "samples_count": 1920}}
:::MLLOG {"namespace": "", "time_ms": 1778607324007, "event_type": "INTERVAL_START", "key": "block_start", "value": null, "metadata": {"file": "/opt/venv/lib/python3.12/site-packages/primus_mllog/mlperf_sft.py", "lineno": 283, "samples_count": 1920}}
:::MLLOG {"namespace": "", "time_ms": 1778607375948, "event_type": "INTERVAL_END", "key": "block_stop", "value": null, "metadata": {"file": "/opt/venv/lib/python3.12/site-packages/primus_mllog/mlperf_sft.py", "lineno": 243, "samples_count": 2304}}
:::MLLOG {"namespace": "", "time_ms": 1778607375949, "event_type": "INTERVAL_START", "key": "eval_start", "value": null, "metadata": {"file": "/opt/venv/lib/python3.12/site-packages/primus_mllog/mlperf_sft.py", "lineno": 247, "samples_count": 2304}}
:::MLLOG {"namespace": "", "time_ms": 1778607385741, "event_type": "POINT_IN_TIME", "key": "eval_accuracy", "value": 0.9519400000572205, "metadata": {"file": "/opt/venv/lib/python3.12/site-packages/primus_mllog/mlperf_sft.py", "lineno": 264, "samples_count": 2304}}
:::MLLOG {"namespace": "", "time_ms": 1778607385741, "event_type": "INTERVAL_END", "key": "eval_stop", "value": null, "metadata": {"file": "/opt/venv/lib/python3.12/site-packages/primus_mllog/mlperf_sft.py", "lineno": 277, "samples_count": 2304}}
:::MLLOG {"namespace": "", "time_ms": 1778607385741, "event_type": "INTERVAL_START", "key": "block_start", "value": null, "metadata": {"file": "/opt/venv/lib/python3.12/site-packages/primus_mllog/mlperf_sft.py", "lineno": 283, "samples_count": 2304}}
:::MLLOG {"namespace": "", "time_ms": 1778607437090, "event_type": "INTERVAL_END", "key": "block_stop", "value": null, "metadata": {"file": "/opt/venv/lib/python3.12/site-packages/primus_mllog/mlperf_sft.py", "lineno": 243, "samples_count": 2688}}
:::MLLOG {"namespace": "", "time_ms": 1778607437091, "event_type": "INTERVAL_START", "key": "eval_start", "value": null, "metadata": {"file": "/opt/venv/lib/python3.12/site-packages/primus_mllog/mlperf_sft.py", "lineno": 247, "samples_count": 2688}}
:::MLLOG {"namespace": "", "time_ms": 1778607446838, "event_type": "POINT_IN_TIME", "key": "eval_accuracy", "value": 0.9477940201759338, "metadata": {"file": "/opt/venv/lib/python3.12/site-packages/primus_mllog/mlperf_sft.py", "lineno": 264, "samples_count": 2688}}
:::MLLOG {"namespace": "", "time_ms": 1778607446839, "event_type": "INTERVAL_END", "key": "eval_stop", "value": null, "metadata": {"file": "/opt/venv/lib/python3.12/site-packages/primus_mllog/mlperf_sft.py", "lineno": 277, "samples_count": 2688}}
:::MLLOG {"namespace": "", "time_ms": 1778607446839, "event_type": "INTERVAL_START", "key": "block_start", "value": null, "metadata": {"file": "/opt/venv/lib/python3.12/site-packages/primus_mllog/mlperf_sft.py", "lineno": 283, "samples_count": 2688}}
:::MLLOG {"namespace": "", "time_ms": 1778607517145, "event_type": "INTERVAL_END", "key": "block_stop", "value": null, "metadata": {"file": "/opt/venv/lib/python3.12/site-packages/primus_mllog/mlperf_sft.py", "lineno": 243, "samples_count": 3072}}
:::MLLOG {"namespace": "", "time_ms": 1778607517145, "event_type": "INTERVAL_START", "key": "eval_start", "value": null, "metadata": {"file": "/opt/venv/lib/python3.12/site-packages/primus_mllog/mlperf_sft.py", "lineno": 247, "samples_count": 3072}}
:::MLLOG {"namespace": "", "time_ms": 1778607529911, "event_type": "POINT_IN_TIME", "key": "eval_accuracy", "value": 0.9250977635383606, "metadata": {"file": "/opt/venv/lib/python3.12/site-packages/primus_mllog/mlperf_sft.py", "lineno": 264, "samples_count": 3072}}
:::MLLOG {"namespace": "", "time_ms": 1778607529912, "event_type": "INTERVAL_END", "key": "eval_stop", "value": null, "metadata": {"file": "/opt/venv/lib/python3.12/site-packages/primus_mllog/mlperf_sft.py", "lineno": 277, "samples_count": 3072}}
:::MLLOG {"namespace": "", "time_ms": 1778607529912, "event_type": "INTERVAL_START", "key": "block_start", "value": null, "metadata": {"file": "/opt/venv/lib/python3.12/site-packages/primus_mllog/mlperf_sft.py", "lineno": 283, "samples_count": 3072}}
:::MLLOG {"namespace": "", "time_ms": 1778607596720, "event_type": "INTERVAL_END", "key": "block_stop", "value": null, "metadata": {"file": "/opt/venv/lib/python3.12/site-packages/primus_mllog/mlperf_sft.py", "lineno": 243, "samples_count": 3456}}
:::MLLOG {"namespace": "", "time_ms": 1778607596721, "event_type": "INTERVAL_START", "key": "eval_start", "value": null, "metadata": {"file": "/opt/venv/lib/python3.12/site-packages/primus_mllog/mlperf_sft.py", "lineno": 247, "samples_count": 3456}}
:::MLLOG {"namespace": "", "time_ms": 1778607609472, "event_type": "POINT_IN_TIME", "key": "eval_accuracy", "value": 0.922097384929657, "metadata": {"file": "/opt/venv/lib/python3.12/site-packages/primus_mllog/mlperf_sft.py", "lineno": 264, "samples_count": 3456}}
:::MLLOG {"namespace": "", "time_ms": 1778607609472, "event_type": "INTERVAL_END", "key": "eval_stop", "value": null, "metadata": {"file": "/opt/venv/lib/python3.12/site-packages/primus_mllog/mlperf_sft.py", "lineno": 277, "samples_count": 3456}}
:::MLLOG {"namespace": "", "time_ms": 1778607609479, "event_type": "INTERVAL_END", "key": "epoch_stop", "value": null, "metadata": {"file": "/opt/venv/lib/python3.12/site-packages/primus_mllog/mlperf_sft.py", "lineno": 305, "samples_count": 3456}}
:::MLLOG {"namespace": "", "time_ms": 1778607609479, "event_type": "INTERVAL_END", "key": "run_stop", "value": null, "metadata": {"file": "/opt/venv/lib/python3.12/site-packages/primus_mllog/mlperf_sft.py", "lineno": 319, "samples_count": 3456, "status": "success"}}
:::MLLOG {"namespace": "", "time_ms": 1778607609479, "event_type": "POINT_IN_TIME", "key": "run_duration", "value": "564.08s -> 9.4 minutes", "metadata": {"file": "/opt/venv/lib/python3.12/site-packages/primus_mllog/mlperf_sft.py", "lineno": 331, "samples": 3456}}
:::MLLOG {"namespace": "", "time_ms": 1778607609479, "event_type": "POINT_IN_TIME", "key": "throughput", "value": 6.13, "metadata": {"file": "/opt/venv/lib/python3.12/site-packages/primus_mllog/mlperf_sft.py", "lineno": 336, "samples": 3456}}
RESULT,LLAMA2_70B_LORA_SFT,,817,AMD,2026-05-12 05:27:00 PM
Beginning trial 6 of 10
Clearing cache on mi355mlperf
vm.drop_caches = 3
launching experiment using: --env=AITER_CONFIG_GEMM_A4W4 --env=AITER_LOG_LEVEL --env=AITER_LOG_MORE --env=AITER_LOG_TUNED_CONFIG --env=CP --env=CUBLAS_FORCE_XMMA_KERNEL_INIT --env=CUDA_DEVICE_MAX_CONNECTIONS --env=CUDNN_FRONTEND_ATTN_DP_WORKSPACE_LIMIT --env=DATA_PATH --env=DGXSYSTEM --env=ENABLE_MLLOG --env=ENABLE_TRANSPOSE_CACHE --env=EXP --env=FP4 --env=FP4_RECIPE --env=FP8 --env=FP8_ACT --env=FP8_ACTIVATION --env=FP8_AMAX_ALGO --env=FP8_AMAX_HISTORY --env=FP8_DPA --env=FP8_REDUCE_AMAX --env=FUSED_SOFTMAX --env=GPUS_PER_NODE --env=GPU_MAX_HW_QUEUES --env=HEALING_ITER --env=HEALING_PRECISION --env=HSA_ENABLE_INTERRUPT --env=HSA_ENABLE_SDMA --env=HSA_NO_SCRATCH_RECLAIM --env=HYDRA_FULL_ERROR --env=LOAD_CKPT --env=LOGGING_INTERVAL --env=LORA_A2A --env=LR --env=MASTER_ADDR --env=MASTER_PORT --env=MAX_STEPS --env=MBS --env=MCORE_CUDA_GRAPH --env=MC_TP_OVERLAP_AG --env=MC_TP_OVERLAP_RS --env=MC_TP_OVERLAP_RS_DGRAD --env=MEGATRON_BRIDGE_LOGGING_LEVEL --env=MINIBS --env=MLLOG_CONFIG_FILENAME --env=MLLOG_CONTEXT_PARALLELISM --env=MLLOG_EXPERT_PARALLELISM --env=MLLOG_LOWEST_NUMERICAL_PRECISION_LINEAR --env=MLLOG_MICRO_BATCH_SIZE --env=MLLOG_OUTPUT_FILE --env=MLLOG_PIPELINE_PARALLELISM --env=MLLOG_SUBMISSION_BENCHMARK --env=MLLOG_SUBMISSION_DIVISION --env=MLLOG_SUBMISSION_ORG --env=MLLOG_SUBMISSION_PLATFORM --env=MLLOG_TARGET_EVAL_LOSS --env=MLLOG_TENSOR_PARALLELISM --env=MLLOG_TRAIN_LOSS_LOG_FREQ --env=NCCL_CHECKS_DISABLE --env=NCCL_MIN_CTAS --env=NCCL_MIN_P2P_NCHANNELS --env=NCCL_NCHANNELS_PER_NET_PEER --env=NCCL_NVLS_ENABLE --env=NEXP --env=NNODES --env=NODE_RANK --env=NVTE_CK_IS_V3_ATOMIC_FP32 --env=NVTE_CK_USES_BWD_V3 --env=NVTE_CK_USES_FWD_V3 --env=NVTE_DEBUG --env=NVTE_DEBUG_LEVEL --env=NVTE_FP4_LOG_GEMM_SHAPES --env=NVTE_FP8_DPA_BWD --env=NVTE_FUSED_ATTN --env=NVTE_FUSED_ATTN_AOTRITON --env=NVTE_FUSED_ATTN_CK --env=NVTE_MXFP4_USE_HADAMARD --env=NVTE_RS_STRIDED_ATOMIC --env=NVTE_USE_AITER_ROPE --env=NVTE_USE_CAST_TRANSPOSE_TRITON --env=NVTE_USE_HIPBLASLT --env=NVTE_USE_OPTIMIZED_HIPIFIED_CAST_TRANSPOSE --env=NVTE_USE_RMSNORM_TRITON --env=OMP_NUM_THREADS --env=PACKED_METADATA_PATH --env=PACKED_TRAIN_DATA_PATH --env=PACKED_VAL_DATA_PATH --env=POSSIBLE_USER_WARNINGS --env=PP --env=PRETRAINED_CHECKPOINT --env=PRE_QUANTIZED_MODEL --env=PRIMUS_LOG_LEVEL --env=PRIMUS_PATH --env=PROFILE_RPD --env=PT_TENSOR_VALIDATION --env=PYTHONPATH --env=PYTHONWARNINGS --env=RECOMPUTE_GRANULARITY --env=RECOMPUTE_METHOD --env=RECOMPUTE_NUM_LAYERS --env=RESET_CG_AFTER_HEALING --env=RMSNORM_CAST --env=SKIP_EVALS --env=SP --env=SYNTH_WARMUP_STEPS --env=SYNTH_WARMUP_VALID_STEPS --env=TORCH_BLAS_PREFER_HIPBLASLT --env=TORCH_NCCL_HIGH_PRIORITY --env=TP --env=TP_COMM_OVERLAP --env=USE_HIPBLASLT --env=USE_TE_SWIGLU --env=VAL_CHECK_INTERVAL --env=VBOOST_VALUE --env=DATADIR --env=DGXSYSTEM --env=PROFILER --env=LOGDIR --env=HF_TOKEN --env=SEED=17809 mlperf_llama2_sft_primus /workspace/code/run_and_time.sh
:::MLLOG {"namespace": "", "time_ms": 1778607678214, "event_type": "POINT_IN_TIME", "key": "cache_clear", "value": true, "metadata": {"file": "/opt/venv/lib/python3.12/site-packages/primus_mllog/mlperf_logger.py", "lineno": 41}}
:::MLLOG {"namespace": "", "time_ms": 1778607678214, "event_type": "POINT_IN_TIME", "key": "init_start", "value": null, "metadata": {"file": "/opt/venv/lib/python3.12/site-packages/primus_mllog/mlperf_logger.py", "lineno": 41}}
:::MLLOG {"namespace": "", "time_ms": 1778607678513, "event_type": "POINT_IN_TIME", "key": "submission_benchmark", "value": "llama2_70b_lora", "metadata": {"file": "/opt/venv/lib/python3.12/site-packages/primus_mllog/mlperf_sft.py", "lineno": 120}}
:::MLLOG {"namespace": "", "time_ms": 1778607678522, "event_type": "POINT_IN_TIME", "key": "submission_org", "value": "AMD", "metadata": {"file": "/opt/venv/lib/python3.12/site-packages/primus_mllog/mlperf_sft.py", "lineno": 124}}
:::MLLOG {"namespace": "", "time_ms": 1778607678522, "event_type": "POINT_IN_TIME", "key": "submission_division", "value": "closed", "metadata": {"file": "/opt/venv/lib/python3.12/site-packages/primus_mllog/mlperf_sft.py", "lineno": 128}}
:::MLLOG {"namespace": "", "time_ms": 1778607678522, "event_type": "POINT_IN_TIME", "key": "submission_platform", "value": "MI355X", "metadata": {"file": "/opt/venv/lib/python3.12/site-packages/primus_mllog/mlperf_sft.py", "lineno": 132}}
:::MLLOG {"namespace": "", "time_ms": 1778607678522, "event_type": "POINT_IN_TIME", "key": "submission_status", "value": "onprem", "metadata": {"file": "/opt/venv/lib/python3.12/site-packages/primus_mllog/mlperf_sft.py", "lineno": 136}}
:::MLLOG {"namespace": "", "time_ms": 1778607678522, "event_type": "POINT_IN_TIME", "key": "target_accuracy", "value": 0.925, "metadata": {"file": "/opt/venv/lib/python3.12/site-packages/primus_mllog/mlperf_sft.py", "lineno": 139}}
:::MLLOG {"namespace": "", "time_ms": 1778607678522, "event_type": "POINT_IN_TIME", "key": "global_batch_size", "value": 8, "metadata": {"file": "/opt/venv/lib/python3.12/site-packages/primus_mllog/mlperf_sft.py", "lineno": 172}}
:::MLLOG {"namespace": "", "time_ms": 1778607678522, "event_type": "POINT_IN_TIME", "key": "train_samples", "value": 3901, "metadata": {"file": "/opt/venv/lib/python3.12/site-packages/primus_mllog/mlperf_sft.py", "lineno": 172}}
:::MLLOG {"namespace": "", "time_ms": 1778607678522, "event_type": "POINT_IN_TIME", "key": "eval_samples", "value": 173, "metadata": {"file": "/opt/venv/lib/python3.12/site-packages/primus_mllog/mlperf_sft.py", "lineno": 172}}
:::MLLOG {"namespace": "", "time_ms": 1778607678522, "event_type": "POINT_IN_TIME", "key": "gradient_accumulation_steps", "value": 1, "metadata": {"file": "/opt/venv/lib/python3.12/site-packages/primus_mllog/mlperf_sft.py", "lineno": 172}}
:::MLLOG {"namespace": "", "time_ms": 1778607678522, "event_type": "POINT_IN_TIME", "key": "seed", "value": 17809, "metadata": {"file": "/opt/venv/lib/python3.12/site-packages/primus_mllog/mlperf_sft.py", "lineno": 172}}
:::MLLOG {"namespace": "", "time_ms": 1778607678522, "event_type": "POINT_IN_TIME", "key": "opt_name", "value": "adamw", "metadata": {"file": "/opt/venv/lib/python3.12/site-packages/primus_mllog/mlperf_sft.py", "lineno": 172}}
:::MLLOG {"namespace": "", "time_ms": 1778607678522, "event_type": "POINT_IN_TIME", "key": "opt_base_learning_rate", "value": 0.0006, "metadata": {"file": "/opt/venv/lib/python3.12/site-packages/primus_mllog/mlperf_sft.py", "lineno": 172}}
:::MLLOG {"namespace": "", "time_ms": 1778607678522, "event_type": "POINT_IN_TIME", "key": "opt_adamw_beta_1", "value": 0.9, "metadata": {"file": "/opt/venv/lib/python3.12/site-packages/primus_mllog/mlperf_sft.py", "lineno": 172}}
:::MLLOG {"namespace": "", "time_ms": 1778607678522, "event_type": "POINT_IN_TIME", "key": "opt_adamw_beta_2", "value": 0.999, "metadata": {"file": "/opt/venv/lib/python3.12/site-packages/primus_mllog/mlperf_sft.py", "lineno": 172}}
:::MLLOG {"namespace": "", "time_ms": 1778607678522, "event_type": "POINT_IN_TIME", "key": "opt_adamw_epsilon", "value": 1e-08, "metadata": {"file": "/opt/venv/lib/python3.12/site-packages/primus_mllog/mlperf_sft.py", "lineno": 172}}
:::MLLOG {"namespace": "", "time_ms": 1778607678523, "event_type": "POINT_IN_TIME", "key": "opt_adamw_weight_decay", "value": 0.0001, "metadata": {"file": "/opt/venv/lib/python3.12/site-packages/primus_mllog/mlperf_sft.py", "lineno": 172}}
:::MLLOG {"namespace": "", "time_ms": 1778607678523, "event_type": "POINT_IN_TIME", "key": "opt_gradient_clip_norm", "value": 0.3, "metadata": {"file": "/opt/venv/lib/python3.12/site-packages/primus_mllog/mlperf_sft.py", "lineno": 172}}
:::MLLOG {"namespace": "", "time_ms": 1778607678523, "event_type": "POINT_IN_TIME", "key": "opt_learning_rate_warmup_factor", "value": 0.0, "metadata": {"file": "/opt/venv/lib/python3.12/site-packages/primus_mllog/mlperf_sft.py", "lineno": 172}}
:::MLLOG {"namespace": "", "time_ms": 1778607678523, "event_type": "POINT_IN_TIME", "key": "opt_learning_rate_training_steps", "value": 550, "metadata": {"file": "/opt/venv/lib/python3.12/site-packages/primus_mllog/mlperf_sft.py", "lineno": 172}}
:::MLLOG {"namespace": "", "time_ms": 1778607678523, "event_type": "POINT_IN_TIME", "key": "max_sequence_length", "value": 8192, "metadata": {"file": "/opt/venv/lib/python3.12/site-packages/primus_mllog/mlperf_sft.py", "lineno": 172}}
:::MLLOG {"namespace": "", "time_ms": 1778607678523, "event_type": "POINT_IN_TIME", "key": "max_steps", "value": 550, "metadata": {"file": "/opt/venv/lib/python3.12/site-packages/primus_mllog/mlperf_sft.py", "lineno": 172}}
:::MLLOG {"namespace": "", "time_ms": 1778607678523, "event_type": "POINT_IN_TIME", "key": "lora_rank", "value": 16, "metadata": {"file": "/opt/venv/lib/python3.12/site-packages/primus_mllog/mlperf_sft.py", "lineno": 172}}
:::MLLOG {"namespace": "", "time_ms": 1778607678523, "event_type": "POINT_IN_TIME", "key": "lora_alpha", "value": 32, "metadata": {"file": "/opt/venv/lib/python3.12/site-packages/primus_mllog/mlperf_sft.py", "lineno": 172}}
:::MLLOG {"namespace": "", "time_ms": 1778607678523, "event_type": "POINT_IN_TIME", "key": "tensor_parallelism", "value": 1, "metadata": {"file": "/opt/venv/lib/python3.12/site-packages/primus_mllog/mlperf_sft.py", "lineno": 172}}
:::MLLOG {"namespace": "", "time_ms": 1778607678523, "event_type": "POINT_IN_TIME", "key": "pipeline_parallelism", "value": 1, "metadata": {"file": "/opt/venv/lib/python3.12/site-packages/primus_mllog/mlperf_sft.py", "lineno": 172}}
:::MLLOG {"namespace": "", "time_ms": 1778607678523, "event_type": "POINT_IN_TIME", "key": "context_parallelism", "value": 1, "metadata": {"file": "/opt/venv/lib/python3.12/site-packages/primus_mllog/mlperf_sft.py", "lineno": 172}}
:::MLLOG {"namespace": "", "time_ms": 1778607678523, "event_type": "POINT_IN_TIME", "key": "expert_parallelism", "value": 1, "metadata": {"file": "/opt/venv/lib/python3.12/site-packages/primus_mllog/mlperf_sft.py", "lineno": 172}}
:::MLLOG {"namespace": "", "time_ms": 1778607678523, "event_type": "POINT_IN_TIME", "key": "micro_batch_size", "value": 1, "metadata": {"file": "/opt/venv/lib/python3.12/site-packages/primus_mllog/mlperf_sft.py", "lineno": 172}}
:::MLLOG {"namespace": "", "time_ms": 1778607678523, "event_type": "POINT_IN_TIME", "key": "config_filename", "value": "config_MI355X_1x8x1.sh", "metadata": {"file": "/opt/venv/lib/python3.12/site-packages/primus_mllog/mlperf_sft.py", "lineno": 172}}
:::MLLOG {"namespace": "", "time_ms": 1778607678523, "event_type": "POINT_IN_TIME", "key": "lowest_numerical_precision_linear", "value": "mxfp4", "metadata": {"file": "/opt/venv/lib/python3.12/site-packages/primus_mllog/mlperf_sft.py", "lineno": 172}}
:::MLLOG {"namespace": "", "time_ms": 1778607871179, "event_type": "INTERVAL_END", "key": "init_stop", "value": null, "metadata": {"file": "/opt/venv/lib/python3.12/site-packages/primus_mllog/mlperf_sft.py", "lineno": 186}}
:::MLLOG {"namespace": "", "time_ms": 1778607871179, "event_type": "INTERVAL_START", "key": "run_start", "value": null, "metadata": {"file": "/opt/venv/lib/python3.12/site-packages/primus_mllog/mlperf_sft.py", "lineno": 187}}
:::MLLOG {"namespace": "", "time_ms": 1778607871179, "event_type": "INTERVAL_START", "key": "epoch_start", "value": null, "metadata": {"file": "/opt/venv/lib/python3.12/site-packages/primus_mllog/mlperf_sft.py", "lineno": 189, "samples_count": 0}}
:::MLLOG {"namespace": "", "time_ms": 1778607871179, "event_type": "INTERVAL_START", "key": "block_start", "value": null, "metadata": {"file": "/opt/venv/lib/python3.12/site-packages/primus_mllog/mlperf_sft.py", "lineno": 192, "samples_count": 0}}
:::MLLOG {"namespace": "", "time_ms": 1778608078906, "event_type": "INTERVAL_END", "key": "block_stop", "value": null, "metadata": {"file": "/opt/venv/lib/python3.12/site-packages/primus_mllog/mlperf_sft.py", "lineno": 243, "samples_count": 1536}}
:::MLLOG {"namespace": "", "time_ms": 1778608078907, "event_type": "INTERVAL_START", "key": "eval_start", "value": null, "metadata": {"file": "/opt/venv/lib/python3.12/site-packages/primus_mllog/mlperf_sft.py", "lineno": 247, "samples_count": 1536}}
:::MLLOG {"namespace": "", "time_ms": 1778608088797, "event_type": "POINT_IN_TIME", "key": "eval_accuracy", "value": 0.9637491703033447, "metadata": {"file": "/opt/venv/lib/python3.12/site-packages/primus_mllog/mlperf_sft.py", "lineno": 264, "samples_count": 1536}}
:::MLLOG {"namespace": "", "time_ms": 1778608088798, "event_type": "INTERVAL_END", "key": "eval_stop", "value": null, "metadata": {"file": "/opt/venv/lib/python3.12/site-packages/primus_mllog/mlperf_sft.py", "lineno": 277, "samples_count": 1536}}
:::MLLOG {"namespace": "", "time_ms": 1778608088798, "event_type": "INTERVAL_START", "key": "block_start", "value": null, "metadata": {"file": "/opt/venv/lib/python3.12/site-packages/primus_mllog/mlperf_sft.py", "lineno": 283, "samples_count": 1536}}
:::MLLOG {"namespace": "", "time_ms": 1778608140192, "event_type": "INTERVAL_END", "key": "block_stop", "value": null, "metadata": {"file": "/opt/venv/lib/python3.12/site-packages/primus_mllog/mlperf_sft.py", "lineno": 243, "samples_count": 1920}}
:::MLLOG {"namespace": "", "time_ms": 1778608140192, "event_type": "INTERVAL_START", "key": "eval_start", "value": null, "metadata": {"file": "/opt/venv/lib/python3.12/site-packages/primus_mllog/mlperf_sft.py", "lineno": 247, "samples_count": 1920}}
:::MLLOG {"namespace": "", "time_ms": 1778608149956, "event_type": "POINT_IN_TIME", "key": "eval_accuracy", "value": 0.9598076343536377, "metadata": {"file": "/opt/venv/lib/python3.12/site-packages/primus_mllog/mlperf_sft.py", "lineno": 264, "samples_count": 1920}}
:::MLLOG {"namespace": "", "time_ms": 1778608149956, "event_type": "INTERVAL_END", "key": "eval_stop", "value": null, "metadata": {"file": "/opt/venv/lib/python3.12/site-packages/primus_mllog/mlperf_sft.py", "lineno": 277, "samples_count": 1920}}
:::MLLOG {"namespace": "", "time_ms": 1778608149956, "event_type": "INTERVAL_START", "key": "block_start", "value": null, "metadata": {"file": "/opt/venv/lib/python3.12/site-packages/primus_mllog/mlperf_sft.py", "lineno": 283, "samples_count": 1920}}
:::MLLOG {"namespace": "", "time_ms": 1778608202044, "event_type": "INTERVAL_END", "key": "block_stop", "value": null, "metadata": {"file": "/opt/venv/lib/python3.12/site-packages/primus_mllog/mlperf_sft.py", "lineno": 243, "samples_count": 2304}}
:::MLLOG {"namespace": "", "time_ms": 1778608202045, "event_type": "INTERVAL_START", "key": "eval_start", "value": null, "metadata": {"file": "/opt/venv/lib/python3.12/site-packages/primus_mllog/mlperf_sft.py", "lineno": 247, "samples_count": 2304}}
:::MLLOG {"namespace": "", "time_ms": 1778608211797, "event_type": "POINT_IN_TIME", "key": "eval_accuracy", "value": 0.9515600800514221, "metadata": {"file": "/opt/venv/lib/python3.12/site-packages/primus_mllog/mlperf_sft.py", "lineno": 264, "samples_count": 2304}}
:::MLLOG {"namespace": "", "time_ms": 1778608211797, "event_type": "INTERVAL_END", "key": "eval_stop", "value": null, "metadata": {"file": "/opt/venv/lib/python3.12/site-packages/primus_mllog/mlperf_sft.py", "lineno": 277, "samples_count": 2304}}
:::MLLOG {"namespace": "", "time_ms": 1778608211797, "event_type": "INTERVAL_START", "key": "block_start", "value": null, "metadata": {"file": "/opt/venv/lib/python3.12/site-packages/primus_mllog/mlperf_sft.py", "lineno": 283, "samples_count": 2304}}
:::MLLOG {"namespace": "", "time_ms": 1778608263222, "event_type": "INTERVAL_END", "key": "block_stop", "value": null, "metadata": {"file": "/opt/venv/lib/python3.12/site-packages/primus_mllog/mlperf_sft.py", "lineno": 243, "samples_count": 2688}}
:::MLLOG {"namespace": "", "time_ms": 1778608263222, "event_type": "INTERVAL_START", "key": "eval_start", "value": null, "metadata": {"file": "/opt/venv/lib/python3.12/site-packages/primus_mllog/mlperf_sft.py", "lineno": 247, "samples_count": 2688}}
:::MLLOG {"namespace": "", "time_ms": 1778608272992, "event_type": "POINT_IN_TIME", "key": "eval_accuracy", "value": 0.9505431652069092, "metadata": {"file": "/opt/venv/lib/python3.12/site-packages/primus_mllog/mlperf_sft.py", "lineno": 264, "samples_count": 2688}}
:::MLLOG {"namespace": "", "time_ms": 1778608272992, "event_type": "INTERVAL_END", "key": "eval_stop", "value": null, "metadata": {"file": "/opt/venv/lib/python3.12/site-packages/primus_mllog/mlperf_sft.py", "lineno": 277, "samples_count": 2688}}
:::MLLOG {"namespace": "", "time_ms": 1778608272992, "event_type": "INTERVAL_START", "key": "block_start", "value": null, "metadata": {"file": "/opt/venv/lib/python3.12/site-packages/primus_mllog/mlperf_sft.py", "lineno": 283, "samples_count": 2688}}
:::MLLOG {"namespace": "", "time_ms": 1778608343361, "event_type": "INTERVAL_END", "key": "block_stop", "value": null, "metadata": {"file": "/opt/venv/lib/python3.12/site-packages/primus_mllog/mlperf_sft.py", "lineno": 243, "samples_count": 3072}}
:::MLLOG {"namespace": "", "time_ms": 1778608343361, "event_type": "INTERVAL_START", "key": "eval_start", "value": null, "metadata": {"file": "/opt/venv/lib/python3.12/site-packages/primus_mllog/mlperf_sft.py", "lineno": 247, "samples_count": 3072}}
:::MLLOG {"namespace": "", "time_ms": 1778608356112, "event_type": "POINT_IN_TIME", "key": "eval_accuracy", "value": 0.9238996505737305, "metadata": {"file": "/opt/venv/lib/python3.12/site-packages/primus_mllog/mlperf_sft.py", "lineno": 264, "samples_count": 3072}}
:::MLLOG {"namespace": "", "time_ms": 1778608356112, "event_type": "INTERVAL_END", "key": "eval_stop", "value": null, "metadata": {"file": "/opt/venv/lib/python3.12/site-packages/primus_mllog/mlperf_sft.py", "lineno": 277, "samples_count": 3072}}
:::MLLOG {"namespace": "", "time_ms": 1778608356118, "event_type": "INTERVAL_END", "key": "epoch_stop", "value": null, "metadata": {"file": "/opt/venv/lib/python3.12/site-packages/primus_mllog/mlperf_sft.py", "lineno": 305, "samples_count": 3072}}
:::MLLOG {"namespace": "", "time_ms": 1778608356118, "event_type": "INTERVAL_END", "key": "run_stop", "value": null, "metadata": {"file": "/opt/venv/lib/python3.12/site-packages/primus_mllog/mlperf_sft.py", "lineno": 319, "samples_count": 3072, "status": "success"}}
:::MLLOG {"namespace": "", "time_ms": 1778608356119, "event_type": "POINT_IN_TIME", "key": "run_duration", "value": "484.94s -> 8.08 minutes", "metadata": {"file": "/opt/venv/lib/python3.12/site-packages/primus_mllog/mlperf_sft.py", "lineno": 331, "samples": 3072}}
:::MLLOG {"namespace": "", "time_ms": 1778608356119, "event_type": "POINT_IN_TIME", "key": "throughput", "value": 6.33, "metadata": {"file": "/opt/venv/lib/python3.12/site-packages/primus_mllog/mlperf_sft.py", "lineno": 336, "samples": 3072}}
RESULT,LLAMA2_70B_LORA_SFT,,739,AMD,2026-05-12 05:40:42 PM
Beginning trial 7 of 10
Clearing cache on mi355mlperf
vm.drop_caches = 3
launching experiment using: --env=AITER_CONFIG_GEMM_A4W4 --env=AITER_LOG_LEVEL --env=AITER_LOG_MORE --env=AITER_LOG_TUNED_CONFIG --env=CP --env=CUBLAS_FORCE_XMMA_KERNEL_INIT --env=CUDA_DEVICE_MAX_CONNECTIONS --env=CUDNN_FRONTEND_ATTN_DP_WORKSPACE_LIMIT --env=DATA_PATH --env=DGXSYSTEM --env=ENABLE_MLLOG --env=ENABLE_TRANSPOSE_CACHE --env=EXP --env=FP4 --env=FP4_RECIPE --env=FP8 --env=FP8_ACT --env=FP8_ACTIVATION --env=FP8_AMAX_ALGO --env=FP8_AMAX_HISTORY --env=FP8_DPA --env=FP8_REDUCE_AMAX --env=FUSED_SOFTMAX --env=GPUS_PER_NODE --env=GPU_MAX_HW_QUEUES --env=HEALING_ITER --env=HEALING_PRECISION --env=HSA_ENABLE_INTERRUPT --env=HSA_ENABLE_SDMA --env=HSA_NO_SCRATCH_RECLAIM --env=HYDRA_FULL_ERROR --env=LOAD_CKPT --env=LOGGING_INTERVAL --env=LORA_A2A --env=LR --env=MASTER_ADDR --env=MASTER_PORT --env=MAX_STEPS --env=MBS --env=MCORE_CUDA_GRAPH --env=MC_TP_OVERLAP_AG --env=MC_TP_OVERLAP_RS --env=MC_TP_OVERLAP_RS_DGRAD --env=MEGATRON_BRIDGE_LOGGING_LEVEL --env=MINIBS --env=MLLOG_CONFIG_FILENAME --env=MLLOG_CONTEXT_PARALLELISM --env=MLLOG_EXPERT_PARALLELISM --env=MLLOG_LOWEST_NUMERICAL_PRECISION_LINEAR --env=MLLOG_MICRO_BATCH_SIZE --env=MLLOG_OUTPUT_FILE --env=MLLOG_PIPELINE_PARALLELISM --env=MLLOG_SUBMISSION_BENCHMARK --env=MLLOG_SUBMISSION_DIVISION --env=MLLOG_SUBMISSION_ORG --env=MLLOG_SUBMISSION_PLATFORM --env=MLLOG_TARGET_EVAL_LOSS --env=MLLOG_TENSOR_PARALLELISM --env=MLLOG_TRAIN_LOSS_LOG_FREQ --env=NCCL_CHECKS_DISABLE --env=NCCL_MIN_CTAS --env=NCCL_MIN_P2P_NCHANNELS --env=NCCL_NCHANNELS_PER_NET_PEER --env=NCCL_NVLS_ENABLE --env=NEXP --env=NNODES --env=NODE_RANK --env=NVTE_CK_IS_V3_ATOMIC_FP32 --env=NVTE_CK_USES_BWD_V3 --env=NVTE_CK_USES_FWD_V3 --env=NVTE_DEBUG --env=NVTE_DEBUG_LEVEL --env=NVTE_FP4_LOG_GEMM_SHAPES --env=NVTE_FP8_DPA_BWD --env=NVTE_FUSED_ATTN --env=NVTE_FUSED_ATTN_AOTRITON --env=NVTE_FUSED_ATTN_CK --env=NVTE_MXFP4_USE_HADAMARD --env=NVTE_RS_STRIDED_ATOMIC --env=NVTE_USE_AITER_ROPE --env=NVTE_USE_CAST_TRANSPOSE_TRITON --env=NVTE_USE_HIPBLASLT --env=NVTE_USE_OPTIMIZED_HIPIFIED_CAST_TRANSPOSE --env=NVTE_USE_RMSNORM_TRITON --env=OMP_NUM_THREADS --env=PACKED_METADATA_PATH --env=PACKED_TRAIN_DATA_PATH --env=PACKED_VAL_DATA_PATH --env=POSSIBLE_USER_WARNINGS --env=PP --env=PRETRAINED_CHECKPOINT --env=PRE_QUANTIZED_MODEL --env=PRIMUS_LOG_LEVEL --env=PRIMUS_PATH --env=PROFILE_RPD --env=PT_TENSOR_VALIDATION --env=PYTHONPATH --env=PYTHONWARNINGS --env=RECOMPUTE_GRANULARITY --env=RECOMPUTE_METHOD --env=RECOMPUTE_NUM_LAYERS --env=RESET_CG_AFTER_HEALING --env=RMSNORM_CAST --env=SKIP_EVALS --env=SP --env=SYNTH_WARMUP_STEPS --env=SYNTH_WARMUP_VALID_STEPS --env=TORCH_BLAS_PREFER_HIPBLASLT --env=TORCH_NCCL_HIGH_PRIORITY --env=TP --env=TP_COMM_OVERLAP --env=USE_HIPBLASLT --env=USE_TE_SWIGLU --env=VAL_CHECK_INTERVAL --env=VBOOST_VALUE --env=DATADIR --env=DGXSYSTEM --env=PROFILER --env=LOGDIR --env=HF_TOKEN --env=SEED=15838 mlperf_llama2_sft_primus /workspace/code/run_and_time.sh
:::MLLOG {"namespace": "", "time_ms": 1778608416961, "event_type": "POINT_IN_TIME", "key": "cache_clear", "value": true, "metadata": {"file": "/opt/venv/lib/python3.12/site-packages/primus_mllog/mlperf_logger.py", "lineno": 41}}
:::MLLOG {"namespace": "", "time_ms": 1778608416961, "event_type": "POINT_IN_TIME", "key": "init_start", "value": null, "metadata": {"file": "/opt/venv/lib/python3.12/site-packages/primus_mllog/mlperf_logger.py", "lineno": 41}}
:::MLLOG {"namespace": "", "time_ms": 1778608417262, "event_type": "POINT_IN_TIME", "key": "submission_benchmark", "value": "llama2_70b_lora", "metadata": {"file": "/opt/venv/lib/python3.12/site-packages/primus_mllog/mlperf_sft.py", "lineno": 120}}
:::MLLOG {"namespace": "", "time_ms": 1778608417270, "event_type": "POINT_IN_TIME", "key": "submission_org", "value": "AMD", "metadata": {"file": "/opt/venv/lib/python3.12/site-packages/primus_mllog/mlperf_sft.py", "lineno": 124}}
:::MLLOG {"namespace": "", "time_ms": 1778608417270, "event_type": "POINT_IN_TIME", "key": "submission_division", "value": "closed", "metadata": {"file": "/opt/venv/lib/python3.12/site-packages/primus_mllog/mlperf_sft.py", "lineno": 128}}
:::MLLOG {"namespace": "", "time_ms": 1778608417270, "event_type": "POINT_IN_TIME", "key": "submission_platform", "value": "MI355X", "metadata": {"file": "/opt/venv/lib/python3.12/site-packages/primus_mllog/mlperf_sft.py", "lineno": 132}}
:::MLLOG {"namespace": "", "time_ms": 1778608417270, "event_type": "POINT_IN_TIME", "key": "submission_status", "value": "onprem", "metadata": {"file": "/opt/venv/lib/python3.12/site-packages/primus_mllog/mlperf_sft.py", "lineno": 136}}
:::MLLOG {"namespace": "", "time_ms": 1778608417270, "event_type": "POINT_IN_TIME", "key": "target_accuracy", "value": 0.925, "metadata": {"file": "/opt/venv/lib/python3.12/site-packages/primus_mllog/mlperf_sft.py", "lineno": 139}}
:::MLLOG {"namespace": "", "time_ms": 1778608417270, "event_type": "POINT_IN_TIME", "key": "global_batch_size", "value": 8, "metadata": {"file": "/opt/venv/lib/python3.12/site-packages/primus_mllog/mlperf_sft.py", "lineno": 172}}
:::MLLOG {"namespace": "", "time_ms": 1778608417270, "event_type": "POINT_IN_TIME", "key": "train_samples", "value": 3901, "metadata": {"file": "/opt/venv/lib/python3.12/site-packages/primus_mllog/mlperf_sft.py", "lineno": 172}}
:::MLLOG {"namespace": "", "time_ms": 1778608417270, "event_type": "POINT_IN_TIME", "key": "eval_samples", "value": 173, "metadata": {"file": "/opt/venv/lib/python3.12/site-packages/primus_mllog/mlperf_sft.py", "lineno": 172}}
:::MLLOG {"namespace": "", "time_ms": 1778608417270, "event_type": "POINT_IN_TIME", "key": "gradient_accumulation_steps", "value": 1, "metadata": {"file": "/opt/venv/lib/python3.12/site-packages/primus_mllog/mlperf_sft.py", "lineno": 172}}
:::MLLOG {"namespace": "", "time_ms": 1778608417271, "event_type": "POINT_IN_TIME", "key": "seed", "value": 15838, "metadata": {"file": "/opt/venv/lib/python3.12/site-packages/primus_mllog/mlperf_sft.py", "lineno": 172}}
:::MLLOG {"namespace": "", "time_ms": 1778608417271, "event_type": "POINT_IN_TIME", "key": "opt_name", "value": "adamw", "metadata": {"file": "/opt/venv/lib/python3.12/site-packages/primus_mllog/mlperf_sft.py", "lineno": 172}}
:::MLLOG {"namespace": "", "time_ms": 1778608417271, "event_type": "POINT_IN_TIME", "key": "opt_base_learning_rate", "value": 0.0006, "metadata": {"file": "/opt/venv/lib/python3.12/site-packages/primus_mllog/mlperf_sft.py", "lineno": 172}}
:::MLLOG {"namespace": "", "time_ms": 1778608417271, "event_type": "POINT_IN_TIME", "key": "opt_adamw_beta_1", "value": 0.9, "metadata": {"file": "/opt/venv/lib/python3.12/site-packages/primus_mllog/mlperf_sft.py", "lineno": 172}}
:::MLLOG {"namespace": "", "time_ms": 1778608417271, "event_type": "POINT_IN_TIME", "key": "opt_adamw_beta_2", "value": 0.999, "metadata": {"file": "/opt/venv/lib/python3.12/site-packages/primus_mllog/mlperf_sft.py", "lineno": 172}}
:::MLLOG {"namespace": "", "time_ms": 1778608417271, "event_type": "POINT_IN_TIME", "key": "opt_adamw_epsilon", "value": 1e-08, "metadata": {"file": "/opt/venv/lib/python3.12/site-packages/primus_mllog/mlperf_sft.py", "lineno": 172}}
:::MLLOG {"namespace": "", "time_ms": 1778608417271, "event_type": "POINT_IN_TIME", "key": "opt_adamw_weight_decay", "value": 0.0001, "metadata": {"file": "/opt/venv/lib/python3.12/site-packages/primus_mllog/mlperf_sft.py", "lineno": 172}}
:::MLLOG {"namespace": "", "time_ms": 1778608417271, "event_type": "POINT_IN_TIME", "key": "opt_gradient_clip_norm", "value": 0.3, "metadata": {"file": "/opt/venv/lib/python3.12/site-packages/primus_mllog/mlperf_sft.py", "lineno": 172}}
:::MLLOG {"namespace": "", "time_ms": 1778608417271, "event_type": "POINT_IN_TIME", "key": "opt_learning_rate_warmup_factor", "value": 0.0, "metadata": {"file": "/opt/venv/lib/python3.12/site-packages/primus_mllog/mlperf_sft.py", "lineno": 172}}
:::MLLOG {"namespace": "", "time_ms": 1778608417271, "event_type": "POINT_IN_TIME", "key": "opt_learning_rate_training_steps", "value": 550, "metadata": {"file": "/opt/venv/lib/python3.12/site-packages/primus_mllog/mlperf_sft.py", "lineno": 172}}
:::MLLOG {"namespace": "", "time_ms": 1778608417271, "event_type": "POINT_IN_TIME", "key": "max_sequence_length", "value": 8192, "metadata": {"file": "/opt/venv/lib/python3.12/site-packages/primus_mllog/mlperf_sft.py", "lineno": 172}}
:::MLLOG {"namespace": "", "time_ms": 1778608417272, "event_type": "POINT_IN_TIME", "key": "max_steps", "value": 550, "metadata": {"file": "/opt/venv/lib/python3.12/site-packages/primus_mllog/mlperf_sft.py", "lineno": 172}}
:::MLLOG {"namespace": "", "time_ms": 1778608417272, "event_type": "POINT_IN_TIME", "key": "lora_rank", "value": 16, "metadata": {"file": "/opt/venv/lib/python3.12/site-packages/primus_mllog/mlperf_sft.py", "lineno": 172}}
:::MLLOG {"namespace": "", "time_ms": 1778608417272, "event_type": "POINT_IN_TIME", "key": "lora_alpha", "value": 32, "metadata": {"file": "/opt/venv/lib/python3.12/site-packages/primus_mllog/mlperf_sft.py", "lineno": 172}}
:::MLLOG {"namespace": "", "time_ms": 1778608417272, "event_type": "POINT_IN_TIME", "key": "tensor_parallelism", "value": 1, "metadata": {"file": "/opt/venv/lib/python3.12/site-packages/primus_mllog/mlperf_sft.py", "lineno": 172}}
:::MLLOG {"namespace": "", "time_ms": 1778608417272, "event_type": "POINT_IN_TIME", "key": "pipeline_parallelism", "value": 1, "metadata": {"file": "/opt/venv/lib/python3.12/site-packages/primus_mllog/mlperf_sft.py", "lineno": 172}}
:::MLLOG {"namespace": "", "time_ms": 1778608417272, "event_type": "POINT_IN_TIME", "key": "context_parallelism", "value": 1, "metadata": {"file": "/opt/venv/lib/python3.12/site-packages/primus_mllog/mlperf_sft.py", "lineno": 172}}
:::MLLOG {"namespace": "", "time_ms": 1778608417272, "event_type": "POINT_IN_TIME", "key": "expert_parallelism", "value": 1, "metadata": {"file": "/opt/venv/lib/python3.12/site-packages/primus_mllog/mlperf_sft.py", "lineno": 172}}
:::MLLOG {"namespace": "", "time_ms": 1778608417272, "event_type": "POINT_IN_TIME", "key": "micro_batch_size", "value": 1, "metadata": {"file": "/opt/venv/lib/python3.12/site-packages/primus_mllog/mlperf_sft.py", "lineno": 172}}
:::MLLOG {"namespace": "", "time_ms": 1778608417272, "event_type": "POINT_IN_TIME", "key": "config_filename", "value": "config_MI355X_1x8x1.sh", "metadata": {"file": "/opt/venv/lib/python3.12/site-packages/primus_mllog/mlperf_sft.py", "lineno": 172}}
:::MLLOG {"namespace": "", "time_ms": 1778608417272, "event_type": "POINT_IN_TIME", "key": "lowest_numerical_precision_linear", "value": "mxfp4", "metadata": {"file": "/opt/venv/lib/python3.12/site-packages/primus_mllog/mlperf_sft.py", "lineno": 172}}
:::MLLOG {"namespace": "", "time_ms": 1778608611166, "event_type": "INTERVAL_END", "key": "init_stop", "value": null, "metadata": {"file": "/opt/venv/lib/python3.12/site-packages/primus_mllog/mlperf_sft.py", "lineno": 186}}
:::MLLOG {"namespace": "", "time_ms": 1778608611167, "event_type": "INTERVAL_START", "key": "run_start", "value": null, "metadata": {"file": "/opt/venv/lib/python3.12/site-packages/primus_mllog/mlperf_sft.py", "lineno": 187}}
:::MLLOG {"namespace": "", "time_ms": 1778608611167, "event_type": "INTERVAL_START", "key": "epoch_start", "value": null, "metadata": {"file": "/opt/venv/lib/python3.12/site-packages/primus_mllog/mlperf_sft.py", "lineno": 189, "samples_count": 0}}
:::MLLOG {"namespace": "", "time_ms": 1778608611167, "event_type": "INTERVAL_START", "key": "block_start", "value": null, "metadata": {"file": "/opt/venv/lib/python3.12/site-packages/primus_mllog/mlperf_sft.py", "lineno": 192, "samples_count": 0}}
:::MLLOG {"namespace": "", "time_ms": 1778608818381, "event_type": "INTERVAL_END", "key": "block_stop", "value": null, "metadata": {"file": "/opt/venv/lib/python3.12/site-packages/primus_mllog/mlperf_sft.py", "lineno": 243, "samples_count": 1536}}
:::MLLOG {"namespace": "", "time_ms": 1778608818381, "event_type": "INTERVAL_START", "key": "eval_start", "value": null, "metadata": {"file": "/opt/venv/lib/python3.12/site-packages/primus_mllog/mlperf_sft.py", "lineno": 247, "samples_count": 1536}}
:::MLLOG {"namespace": "", "time_ms": 1778608828247, "event_type": "POINT_IN_TIME", "key": "eval_accuracy", "value": 0.9684651494026184, "metadata": {"file": "/opt/venv/lib/python3.12/site-packages/primus_mllog/mlperf_sft.py", "lineno": 264, "samples_count": 1536}}
:::MLLOG {"namespace": "", "time_ms": 1778608828248, "event_type": "INTERVAL_END", "key": "eval_stop", "value": null, "metadata": {"file": "/opt/venv/lib/python3.12/site-packages/primus_mllog/mlperf_sft.py", "lineno": 277, "samples_count": 1536}}
:::MLLOG {"namespace": "", "time_ms": 1778608828248, "event_type": "INTERVAL_START", "key": "block_start", "value": null, "metadata": {"file": "/opt/venv/lib/python3.12/site-packages/primus_mllog/mlperf_sft.py", "lineno": 283, "samples_count": 1536}}
:::MLLOG {"namespace": "", "time_ms": 1778608879589, "event_type": "INTERVAL_END", "key": "block_stop", "value": null, "metadata": {"file": "/opt/venv/lib/python3.12/site-packages/primus_mllog/mlperf_sft.py", "lineno": 243, "samples_count": 1920}}
:::MLLOG {"namespace": "", "time_ms": 1778608879589, "event_type": "INTERVAL_START", "key": "eval_start", "value": null, "metadata": {"file": "/opt/venv/lib/python3.12/site-packages/primus_mllog/mlperf_sft.py", "lineno": 247, "samples_count": 1920}}
:::MLLOG {"namespace": "", "time_ms": 1778608889381, "event_type": "POINT_IN_TIME", "key": "eval_accuracy", "value": 0.957209587097168, "metadata": {"file": "/opt/venv/lib/python3.12/site-packages/primus_mllog/mlperf_sft.py", "lineno": 264, "samples_count": 1920}}
:::MLLOG {"namespace": "", "time_ms": 1778608889381, "event_type": "INTERVAL_END", "key": "eval_stop", "value": null, "metadata": {"file": "/opt/venv/lib/python3.12/site-packages/primus_mllog/mlperf_sft.py", "lineno": 277, "samples_count": 1920}}
:::MLLOG {"namespace": "", "time_ms": 1778608889381, "event_type": "INTERVAL_START", "key": "block_start", "value": null, "metadata": {"file": "/opt/venv/lib/python3.12/site-packages/primus_mllog/mlperf_sft.py", "lineno": 283, "samples_count": 1920}}
:::MLLOG {"namespace": "", "time_ms": 1778608941348, "event_type": "INTERVAL_END", "key": "block_stop", "value": null, "metadata": {"file": "/opt/venv/lib/python3.12/site-packages/primus_mllog/mlperf_sft.py", "lineno": 243, "samples_count": 2304}}
:::MLLOG {"namespace": "", "time_ms": 1778608941349, "event_type": "INTERVAL_START", "key": "eval_start", "value": null, "metadata": {"file": "/opt/venv/lib/python3.12/site-packages/primus_mllog/mlperf_sft.py", "lineno": 247, "samples_count": 2304}}
:::MLLOG {"namespace": "", "time_ms": 1778608951106, "event_type": "POINT_IN_TIME", "key": "eval_accuracy", "value": 0.9511488080024719, "metadata": {"file": "/opt/venv/lib/python3.12/site-packages/primus_mllog/mlperf_sft.py", "lineno": 264, "samples_count": 2304}}
:::MLLOG {"namespace": "", "time_ms": 1778608951106, "event_type": "INTERVAL_END", "key": "eval_stop", "value": null, "metadata": {"file": "/opt/venv/lib/python3.12/site-packages/primus_mllog/mlperf_sft.py", "lineno": 277, "samples_count": 2304}}
:::MLLOG {"namespace": "", "time_ms": 1778608951106, "event_type": "INTERVAL_START", "key": "block_start", "value": null, "metadata": {"file": "/opt/venv/lib/python3.12/site-packages/primus_mllog/mlperf_sft.py", "lineno": 283, "samples_count": 2304}}
:::MLLOG {"namespace": "", "time_ms": 1778609002368, "event_type": "INTERVAL_END", "key": "block_stop", "value": null, "metadata": {"file": "/opt/venv/lib/python3.12/site-packages/primus_mllog/mlperf_sft.py", "lineno": 243, "samples_count": 2688}}
:::MLLOG {"namespace": "", "time_ms": 1778609002368, "event_type": "INTERVAL_START", "key": "eval_start", "value": null, "metadata": {"file": "/opt/venv/lib/python3.12/site-packages/primus_mllog/mlperf_sft.py", "lineno": 247, "samples_count": 2688}}
:::MLLOG {"namespace": "", "time_ms": 1778609012116, "event_type": "POINT_IN_TIME", "key": "eval_accuracy", "value": 0.9476404786109924, "metadata": {"file": "/opt/venv/lib/python3.12/site-packages/primus_mllog/mlperf_sft.py", "lineno": 264, "samples_count": 2688}}
:::MLLOG {"namespace": "", "time_ms": 1778609012116, "event_type": "INTERVAL_END", "key": "eval_stop", "value": null, "metadata": {"file": "/opt/venv/lib/python3.12/site-packages/primus_mllog/mlperf_sft.py", "lineno": 277, "samples_count": 2688}}
:::MLLOG {"namespace": "", "time_ms": 1778609012116, "event_type": "INTERVAL_START", "key": "block_start", "value": null, "metadata": {"file": "/opt/venv/lib/python3.12/site-packages/primus_mllog/mlperf_sft.py", "lineno": 283, "samples_count": 2688}}
:::MLLOG {"namespace": "", "time_ms": 1778609082392, "event_type": "INTERVAL_END", "key": "block_stop", "value": null, "metadata": {"file": "/opt/venv/lib/python3.12/site-packages/primus_mllog/mlperf_sft.py", "lineno": 243, "samples_count": 3072}}
:::MLLOG {"namespace": "", "time_ms": 1778609082392, "event_type": "INTERVAL_START", "key": "eval_start", "value": null, "metadata": {"file": "/opt/venv/lib/python3.12/site-packages/primus_mllog/mlperf_sft.py", "lineno": 247, "samples_count": 3072}}
:::MLLOG {"namespace": "", "time_ms": 1778609095175, "event_type": "POINT_IN_TIME", "key": "eval_accuracy", "value": 0.9238457679748535, "metadata": {"file": "/opt/venv/lib/python3.12/site-packages/primus_mllog/mlperf_sft.py", "lineno": 264, "samples_count": 3072}}
:::MLLOG {"namespace": "", "time_ms": 1778609095176, "event_type": "INTERVAL_END", "key": "eval_stop", "value": null, "metadata": {"file": "/opt/venv/lib/python3.12/site-packages/primus_mllog/mlperf_sft.py", "lineno": 277, "samples_count": 3072}}
:::MLLOG {"namespace": "", "time_ms": 1778609095183, "event_type": "INTERVAL_END", "key": "epoch_stop", "value": null, "metadata": {"file": "/opt/venv/lib/python3.12/site-packages/primus_mllog/mlperf_sft.py", "lineno": 305, "samples_count": 3072}}
:::MLLOG {"namespace": "", "time_ms": 1778609095184, "event_type": "INTERVAL_END", "key": "run_stop", "value": null, "metadata": {"file": "/opt/venv/lib/python3.12/site-packages/primus_mllog/mlperf_sft.py", "lineno": 319, "samples_count": 3072, "status": "success"}}
:::MLLOG {"namespace": "", "time_ms": 1778609095184, "event_type": "POINT_IN_TIME", "key": "run_duration", "value": "484.02s -> 8.07 minutes", "metadata": {"file": "/opt/venv/lib/python3.12/site-packages/primus_mllog/mlperf_sft.py", "lineno": 331, "samples": 3072}}
:::MLLOG {"namespace": "", "time_ms": 1778609095184, "event_type": "POINT_IN_TIME", "key": "throughput", "value": 6.35, "metadata": {"file": "/opt/venv/lib/python3.12/site-packages/primus_mllog/mlperf_sft.py", "lineno": 336, "samples": 3072}}
RESULT,LLAMA2_70B_LORA_SFT,,734,AMD,2026-05-12 05:53:06 PM
Beginning trial 8 of 10
Clearing cache on mi355mlperf
vm.drop_caches = 3
launching experiment using: --env=AITER_CONFIG_GEMM_A4W4 --env=AITER_LOG_LEVEL --env=AITER_LOG_MORE --env=AITER_LOG_TUNED_CONFIG --env=CP --env=CUBLAS_FORCE_XMMA_KERNEL_INIT --env=CUDA_DEVICE_MAX_CONNECTIONS --env=CUDNN_FRONTEND_ATTN_DP_WORKSPACE_LIMIT --env=DATA_PATH --env=DGXSYSTEM --env=ENABLE_MLLOG --env=ENABLE_TRANSPOSE_CACHE --env=EXP --env=FP4 --env=FP4_RECIPE --env=FP8 --env=FP8_ACT --env=FP8_ACTIVATION --env=FP8_AMAX_ALGO --env=FP8_AMAX_HISTORY --env=FP8_DPA --env=FP8_REDUCE_AMAX --env=FUSED_SOFTMAX --env=GPUS_PER_NODE --env=GPU_MAX_HW_QUEUES --env=HEALING_ITER --env=HEALING_PRECISION --env=HSA_ENABLE_INTERRUPT --env=HSA_ENABLE_SDMA --env=HSA_NO_SCRATCH_RECLAIM --env=HYDRA_FULL_ERROR --env=LOAD_CKPT --env=LOGGING_INTERVAL --env=LORA_A2A --env=LR --env=MASTER_ADDR --env=MASTER_PORT --env=MAX_STEPS --env=MBS --env=MCORE_CUDA_GRAPH --env=MC_TP_OVERLAP_AG --env=MC_TP_OVERLAP_RS --env=MC_TP_OVERLAP_RS_DGRAD --env=MEGATRON_BRIDGE_LOGGING_LEVEL --env=MINIBS --env=MLLOG_CONFIG_FILENAME --env=MLLOG_CONTEXT_PARALLELISM --env=MLLOG_EXPERT_PARALLELISM --env=MLLOG_LOWEST_NUMERICAL_PRECISION_LINEAR --env=MLLOG_MICRO_BATCH_SIZE --env=MLLOG_OUTPUT_FILE --env=MLLOG_PIPELINE_PARALLELISM --env=MLLOG_SUBMISSION_BENCHMARK --env=MLLOG_SUBMISSION_DIVISION --env=MLLOG_SUBMISSION_ORG --env=MLLOG_SUBMISSION_PLATFORM --env=MLLOG_TARGET_EVAL_LOSS --env=MLLOG_TENSOR_PARALLELISM --env=MLLOG_TRAIN_LOSS_LOG_FREQ --env=NCCL_CHECKS_DISABLE --env=NCCL_MIN_CTAS --env=NCCL_MIN_P2P_NCHANNELS --env=NCCL_NCHANNELS_PER_NET_PEER --env=NCCL_NVLS_ENABLE --env=NEXP --env=NNODES --env=NODE_RANK --env=NVTE_CK_IS_V3_ATOMIC_FP32 --env=NVTE_CK_USES_BWD_V3 --env=NVTE_CK_USES_FWD_V3 --env=NVTE_DEBUG --env=NVTE_DEBUG_LEVEL --env=NVTE_FP4_LOG_GEMM_SHAPES --env=NVTE_FP8_DPA_BWD --env=NVTE_FUSED_ATTN --env=NVTE_FUSED_ATTN_AOTRITON --env=NVTE_FUSED_ATTN_CK --env=NVTE_MXFP4_USE_HADAMARD --env=NVTE_RS_STRIDED_ATOMIC --env=NVTE_USE_AITER_ROPE --env=NVTE_USE_CAST_TRANSPOSE_TRITON --env=NVTE_USE_HIPBLASLT --env=NVTE_USE_OPTIMIZED_HIPIFIED_CAST_TRANSPOSE --env=NVTE_USE_RMSNORM_TRITON --env=OMP_NUM_THREADS --env=PACKED_METADATA_PATH --env=PACKED_TRAIN_DATA_PATH --env=PACKED_VAL_DATA_PATH --env=POSSIBLE_USER_WARNINGS --env=PP --env=PRETRAINED_CHECKPOINT --env=PRE_QUANTIZED_MODEL --env=PRIMUS_LOG_LEVEL --env=PRIMUS_PATH --env=PROFILE_RPD --env=PT_TENSOR_VALIDATION --env=PYTHONPATH --env=PYTHONWARNINGS --env=RECOMPUTE_GRANULARITY --env=RECOMPUTE_METHOD --env=RECOMPUTE_NUM_LAYERS --env=RESET_CG_AFTER_HEALING --env=RMSNORM_CAST --env=SKIP_EVALS --env=SP --env=SYNTH_WARMUP_STEPS --env=SYNTH_WARMUP_VALID_STEPS --env=TORCH_BLAS_PREFER_HIPBLASLT --env=TORCH_NCCL_HIGH_PRIORITY --env=TP --env=TP_COMM_OVERLAP --env=USE_HIPBLASLT --env=USE_TE_SWIGLU --env=VAL_CHECK_INTERVAL --env=VBOOST_VALUE --env=DATADIR --env=DGXSYSTEM --env=PROFILER --env=LOGDIR --env=HF_TOKEN --env=SEED=28849 mlperf_llama2_sft_primus /workspace/code/run_and_time.sh
:::MLLOG {"namespace": "", "time_ms": 1778609160068, "event_type": "POINT_IN_TIME", "key": "cache_clear", "value": true, "metadata": {"file": "/opt/venv/lib/python3.12/site-packages/primus_mllog/mlperf_logger.py", "lineno": 41}}
:::MLLOG {"namespace": "", "time_ms": 1778609160068, "event_type": "POINT_IN_TIME", "key": "init_start", "value": null, "metadata": {"file": "/opt/venv/lib/python3.12/site-packages/primus_mllog/mlperf_logger.py", "lineno": 41}}
:::MLLOG {"namespace": "", "time_ms": 1778609160367, "event_type": "POINT_IN_TIME", "key": "submission_benchmark", "value": "llama2_70b_lora", "metadata": {"file": "/opt/venv/lib/python3.12/site-packages/primus_mllog/mlperf_sft.py", "lineno": 120}}
:::MLLOG {"namespace": "", "time_ms": 1778609160379, "event_type": "POINT_IN_TIME", "key": "submission_org", "value": "AMD", "metadata": {"file": "/opt/venv/lib/python3.12/site-packages/primus_mllog/mlperf_sft.py", "lineno": 124}}
:::MLLOG {"namespace": "", "time_ms": 1778609160379, "event_type": "POINT_IN_TIME", "key": "submission_division", "value": "closed", "metadata": {"file": "/opt/venv/lib/python3.12/site-packages/primus_mllog/mlperf_sft.py", "lineno": 128}}
:::MLLOG {"namespace": "", "time_ms": 1778609160379, "event_type": "POINT_IN_TIME", "key": "submission_platform", "value": "MI355X", "metadata": {"file": "/opt/venv/lib/python3.12/site-packages/primus_mllog/mlperf_sft.py", "lineno": 132}}
:::MLLOG {"namespace": "", "time_ms": 1778609160379, "event_type": "POINT_IN_TIME", "key": "submission_status", "value": "onprem", "metadata": {"file": "/opt/venv/lib/python3.12/site-packages/primus_mllog/mlperf_sft.py", "lineno": 136}}
:::MLLOG {"namespace": "", "time_ms": 1778609160379, "event_type": "POINT_IN_TIME", "key": "target_accuracy", "value": 0.925, "metadata": {"file": "/opt/venv/lib/python3.12/site-packages/primus_mllog/mlperf_sft.py", "lineno": 139}}
:::MLLOG {"namespace": "", "time_ms": 1778609160379, "event_type": "POINT_IN_TIME", "key": "global_batch_size", "value": 8, "metadata": {"file": "/opt/venv/lib/python3.12/site-packages/primus_mllog/mlperf_sft.py", "lineno": 172}}
:::MLLOG {"namespace": "", "time_ms": 1778609160379, "event_type": "POINT_IN_TIME", "key": "train_samples", "value": 3901, "metadata": {"file": "/opt/venv/lib/python3.12/site-packages/primus_mllog/mlperf_sft.py", "lineno": 172}}
:::MLLOG {"namespace": "", "time_ms": 1778609160379, "event_type": "POINT_IN_TIME", "key": "eval_samples", "value": 173, "metadata": {"file": "/opt/venv/lib/python3.12/site-packages/primus_mllog/mlperf_sft.py", "lineno": 172}}
:::MLLOG {"namespace": "", "time_ms": 1778609160379, "event_type": "POINT_IN_TIME", "key": "gradient_accumulation_steps", "value": 1, "metadata": {"file": "/opt/venv/lib/python3.12/site-packages/primus_mllog/mlperf_sft.py", "lineno": 172}}
:::MLLOG {"namespace": "", "time_ms": 1778609160379, "event_type": "POINT_IN_TIME", "key": "seed", "value": 28849, "metadata": {"file": "/opt/venv/lib/python3.12/site-packages/primus_mllog/mlperf_sft.py", "lineno": 172}}
:::MLLOG {"namespace": "", "time_ms": 1778609160379, "event_type": "POINT_IN_TIME", "key": "opt_name", "value": "adamw", "metadata": {"file": "/opt/venv/lib/python3.12/site-packages/primus_mllog/mlperf_sft.py", "lineno": 172}}
:::MLLOG {"namespace": "", "time_ms": 1778609160379, "event_type": "POINT_IN_TIME", "key": "opt_base_learning_rate", "value": 0.0006, "metadata": {"file": "/opt/venv/lib/python3.12/site-packages/primus_mllog/mlperf_sft.py", "lineno": 172}}
:::MLLOG {"namespace": "", "time_ms": 1778609160379, "event_type": "POINT_IN_TIME", "key": "opt_adamw_beta_1", "value": 0.9, "metadata": {"file": "/opt/venv/lib/python3.12/site-packages/primus_mllog/mlperf_sft.py", "lineno": 172}}
:::MLLOG {"namespace": "", "time_ms": 1778609160379, "event_type": "POINT_IN_TIME", "key": "opt_adamw_beta_2", "value": 0.999, "metadata": {"file": "/opt/venv/lib/python3.12/site-packages/primus_mllog/mlperf_sft.py", "lineno": 172}}
:::MLLOG {"namespace": "", "time_ms": 1778609160379, "event_type": "POINT_IN_TIME", "key": "opt_adamw_epsilon", "value": 1e-08, "metadata": {"file": "/opt/venv/lib/python3.12/site-packages/primus_mllog/mlperf_sft.py", "lineno": 172}}
:::MLLOG {"namespace": "", "time_ms": 1778609160379, "event_type": "POINT_IN_TIME", "key": "opt_adamw_weight_decay", "value": 0.0001, "metadata": {"file": "/opt/venv/lib/python3.12/site-packages/primus_mllog/mlperf_sft.py", "lineno": 172}}
:::MLLOG {"namespace": "", "time_ms": 1778609160379, "event_type": "POINT_IN_TIME", "key": "opt_gradient_clip_norm", "value": 0.3, "metadata": {"file": "/opt/venv/lib/python3.12/site-packages/primus_mllog/mlperf_sft.py", "lineno": 172}}
:::MLLOG {"namespace": "", "time_ms": 1778609160379, "event_type": "POINT_IN_TIME", "key": "opt_learning_rate_warmup_factor", "value": 0.0, "metadata": {"file": "/opt/venv/lib/python3.12/site-packages/primus_mllog/mlperf_sft.py", "lineno": 172}}
:::MLLOG {"namespace": "", "time_ms": 1778609160380, "event_type": "POINT_IN_TIME", "key": "opt_learning_rate_training_steps", "value": 550, "metadata": {"file": "/opt/venv/lib/python3.12/site-packages/primus_mllog/mlperf_sft.py", "lineno": 172}}
:::MLLOG {"namespace": "", "time_ms": 1778609160380, "event_type": "POINT_IN_TIME", "key": "max_sequence_length", "value": 8192, "metadata": {"file": "/opt/venv/lib/python3.12/site-packages/primus_mllog/mlperf_sft.py", "lineno": 172}}
:::MLLOG {"namespace": "", "time_ms": 1778609160380, "event_type": "POINT_IN_TIME", "key": "max_steps", "value": 550, "metadata": {"file": "/opt/venv/lib/python3.12/site-packages/primus_mllog/mlperf_sft.py", "lineno": 172}}
:::MLLOG {"namespace": "", "time_ms": 1778609160380, "event_type": "POINT_IN_TIME", "key": "lora_rank", "value": 16, "metadata": {"file": "/opt/venv/lib/python3.12/site-packages/primus_mllog/mlperf_sft.py", "lineno": 172}}
:::MLLOG {"namespace": "", "time_ms": 1778609160380, "event_type": "POINT_IN_TIME", "key": "lora_alpha", "value": 32, "metadata": {"file": "/opt/venv/lib/python3.12/site-packages/primus_mllog/mlperf_sft.py", "lineno": 172}}
:::MLLOG {"namespace": "", "time_ms": 1778609160380, "event_type": "POINT_IN_TIME", "key": "tensor_parallelism", "value": 1, "metadata": {"file": "/opt/venv/lib/python3.12/site-packages/primus_mllog/mlperf_sft.py", "lineno": 172}}
:::MLLOG {"namespace": "", "time_ms": 1778609160380, "event_type": "POINT_IN_TIME", "key": "pipeline_parallelism", "value": 1, "metadata": {"file": "/opt/venv/lib/python3.12/site-packages/primus_mllog/mlperf_sft.py", "lineno": 172}}
:::MLLOG {"namespace": "", "time_ms": 1778609160380, "event_type": "POINT_IN_TIME", "key": "context_parallelism", "value": 1, "metadata": {"file": "/opt/venv/lib/python3.12/site-packages/primus_mllog/mlperf_sft.py", "lineno": 172}}
:::MLLOG {"namespace": "", "time_ms": 1778609160380, "event_type": "POINT_IN_TIME", "key": "expert_parallelism", "value": 1, "metadata": {"file": "/opt/venv/lib/python3.12/site-packages/primus_mllog/mlperf_sft.py", "lineno": 172}}
:::MLLOG {"namespace": "", "time_ms": 1778609160380, "event_type": "POINT_IN_TIME", "key": "micro_batch_size", "value": 1, "metadata": {"file": "/opt/venv/lib/python3.12/site-packages/primus_mllog/mlperf_sft.py", "lineno": 172}}
:::MLLOG {"namespace": "", "time_ms": 1778609160380, "event_type": "POINT_IN_TIME", "key": "config_filename", "value": "config_MI355X_1x8x1.sh", "metadata": {"file": "/opt/venv/lib/python3.12/site-packages/primus_mllog/mlperf_sft.py", "lineno": 172}}
:::MLLOG {"namespace": "", "time_ms": 1778609160380, "event_type": "POINT_IN_TIME", "key": "lowest_numerical_precision_linear", "value": "mxfp4", "metadata": {"file": "/opt/venv/lib/python3.12/site-packages/primus_mllog/mlperf_sft.py", "lineno": 172}}
:::MLLOG {"namespace": "", "time_ms": 1778609347369, "event_type": "INTERVAL_END", "key": "init_stop", "value": null, "metadata": {"file": "/opt/venv/lib/python3.12/site-packages/primus_mllog/mlperf_sft.py", "lineno": 186}}
:::MLLOG {"namespace": "", "time_ms": 1778609347369, "event_type": "INTERVAL_START", "key": "run_start", "value": null, "metadata": {"file": "/opt/venv/lib/python3.12/site-packages/primus_mllog/mlperf_sft.py", "lineno": 187}}
:::MLLOG {"namespace": "", "time_ms": 1778609347369, "event_type": "INTERVAL_START", "key": "epoch_start", "value": null, "metadata": {"file": "/opt/venv/lib/python3.12/site-packages/primus_mllog/mlperf_sft.py", "lineno": 189, "samples_count": 0}}
:::MLLOG {"namespace": "", "time_ms": 1778609347369, "event_type": "INTERVAL_START", "key": "block_start", "value": null, "metadata": {"file": "/opt/venv/lib/python3.12/site-packages/primus_mllog/mlperf_sft.py", "lineno": 192, "samples_count": 0}}
:::MLLOG {"namespace": "", "time_ms": 1778609554173, "event_type": "INTERVAL_END", "key": "block_stop", "value": null, "metadata": {"file": "/opt/venv/lib/python3.12/site-packages/primus_mllog/mlperf_sft.py", "lineno": 243, "samples_count": 1536}}
:::MLLOG {"namespace": "", "time_ms": 1778609554174, "event_type": "INTERVAL_START", "key": "eval_start", "value": null, "metadata": {"file": "/opt/venv/lib/python3.12/site-packages/primus_mllog/mlperf_sft.py", "lineno": 247, "samples_count": 1536}}
:::MLLOG {"namespace": "", "time_ms": 1778609564043, "event_type": "POINT_IN_TIME", "key": "eval_accuracy", "value": 0.9742801785469055, "metadata": {"file": "/opt/venv/lib/python3.12/site-packages/primus_mllog/mlperf_sft.py", "lineno": 264, "samples_count": 1536}}
:::MLLOG {"namespace": "", "time_ms": 1778609564043, "event_type": "INTERVAL_END", "key": "eval_stop", "value": null, "metadata": {"file": "/opt/venv/lib/python3.12/site-packages/primus_mllog/mlperf_sft.py", "lineno": 277, "samples_count": 1536}}
:::MLLOG {"namespace": "", "time_ms": 1778609564043, "event_type": "INTERVAL_START", "key": "block_start", "value": null, "metadata": {"file": "/opt/venv/lib/python3.12/site-packages/primus_mllog/mlperf_sft.py", "lineno": 283, "samples_count": 1536}}
:::MLLOG {"namespace": "", "time_ms": 1778609615260, "event_type": "INTERVAL_END", "key": "block_stop", "value": null, "metadata": {"file": "/opt/venv/lib/python3.12/site-packages/primus_mllog/mlperf_sft.py", "lineno": 243, "samples_count": 1920}}
:::MLLOG {"namespace": "", "time_ms": 1778609615260, "event_type": "INTERVAL_START", "key": "eval_start", "value": null, "metadata": {"file": "/opt/venv/lib/python3.12/site-packages/primus_mllog/mlperf_sft.py", "lineno": 247, "samples_count": 1920}}
:::MLLOG {"namespace": "", "time_ms": 1778609625051, "event_type": "POINT_IN_TIME", "key": "eval_accuracy", "value": 0.9665141105651855, "metadata": {"file": "/opt/venv/lib/python3.12/site-packages/primus_mllog/mlperf_sft.py", "lineno": 264, "samples_count": 1920}}
:::MLLOG {"namespace": "", "time_ms": 1778609625051, "event_type": "INTERVAL_END", "key": "eval_stop", "value": null, "metadata": {"file": "/opt/venv/lib/python3.12/site-packages/primus_mllog/mlperf_sft.py", "lineno": 277, "samples_count": 1920}}
:::MLLOG {"namespace": "", "time_ms": 1778609625051, "event_type": "INTERVAL_START", "key": "block_start", "value": null, "metadata": {"file": "/opt/venv/lib/python3.12/site-packages/primus_mllog/mlperf_sft.py", "lineno": 283, "samples_count": 1920}}
:::MLLOG {"namespace": "", "time_ms": 1778609676796, "event_type": "INTERVAL_END", "key": "block_stop", "value": null, "metadata": {"file": "/opt/venv/lib/python3.12/site-packages/primus_mllog/mlperf_sft.py", "lineno": 243, "samples_count": 2304}}
:::MLLOG {"namespace": "", "time_ms": 1778609676796, "event_type": "INTERVAL_START", "key": "eval_start", "value": null, "metadata": {"file": "/opt/venv/lib/python3.12/site-packages/primus_mllog/mlperf_sft.py", "lineno": 247, "samples_count": 2304}}
:::MLLOG {"namespace": "", "time_ms": 1778609686575, "event_type": "POINT_IN_TIME", "key": "eval_accuracy", "value": 0.9539539813995361, "metadata": {"file": "/opt/venv/lib/python3.12/site-packages/primus_mllog/mlperf_sft.py", "lineno": 264, "samples_count": 2304}}
:::MLLOG {"namespace": "", "time_ms": 1778609686575, "event_type": "INTERVAL_END", "key": "eval_stop", "value": null, "metadata": {"file": "/opt/venv/lib/python3.12/site-packages/primus_mllog/mlperf_sft.py", "lineno": 277, "samples_count": 2304}}
:::MLLOG {"namespace": "", "time_ms": 1778609686576, "event_type": "INTERVAL_START", "key": "block_start", "value": null, "metadata": {"file": "/opt/venv/lib/python3.12/site-packages/primus_mllog/mlperf_sft.py", "lineno": 283, "samples_count": 2304}}
:::MLLOG {"namespace": "", "time_ms": 1778609737765, "event_type": "INTERVAL_END", "key": "block_stop", "value": null, "metadata": {"file": "/opt/venv/lib/python3.12/site-packages/primus_mllog/mlperf_sft.py", "lineno": 243, "samples_count": 2688}}
:::MLLOG {"namespace": "", "time_ms": 1778609737765, "event_type": "INTERVAL_START", "key": "eval_start", "value": null, "metadata": {"file": "/opt/venv/lib/python3.12/site-packages/primus_mllog/mlperf_sft.py", "lineno": 247, "samples_count": 2688}}
:::MLLOG {"namespace": "", "time_ms": 1778609747507, "event_type": "POINT_IN_TIME", "key": "eval_accuracy", "value": 0.9510064125061035, "metadata": {"file": "/opt/venv/lib/python3.12/site-packages/primus_mllog/mlperf_sft.py", "lineno": 264, "samples_count": 2688}}
:::MLLOG {"namespace": "", "time_ms": 1778609747508, "event_type": "INTERVAL_END", "key": "eval_stop", "value": null, "metadata": {"file": "/opt/venv/lib/python3.12/site-packages/primus_mllog/mlperf_sft.py", "lineno": 277, "samples_count": 2688}}
:::MLLOG {"namespace": "", "time_ms": 1778609747508, "event_type": "INTERVAL_START", "key": "block_start", "value": null, "metadata": {"file": "/opt/venv/lib/python3.12/site-packages/primus_mllog/mlperf_sft.py", "lineno": 283, "samples_count": 2688}}
:::MLLOG {"namespace": "", "time_ms": 1778609817523, "event_type": "INTERVAL_END", "key": "block_stop", "value": null, "metadata": {"file": "/opt/venv/lib/python3.12/site-packages/primus_mllog/mlperf_sft.py", "lineno": 243, "samples_count": 3072}}
:::MLLOG {"namespace": "", "time_ms": 1778609817523, "event_type": "INTERVAL_START", "key": "eval_start", "value": null, "metadata": {"file": "/opt/venv/lib/python3.12/site-packages/primus_mllog/mlperf_sft.py", "lineno": 247, "samples_count": 3072}}
:::MLLOG {"namespace": "", "time_ms": 1778609830312, "event_type": "POINT_IN_TIME", "key": "eval_accuracy", "value": 0.9295074939727783, "metadata": {"file": "/opt/venv/lib/python3.12/site-packages/primus_mllog/mlperf_sft.py", "lineno": 264, "samples_count": 3072}}
:::MLLOG {"namespace": "", "time_ms": 1778609830312, "event_type": "INTERVAL_END", "key": "eval_stop", "value": null, "metadata": {"file": "/opt/venv/lib/python3.12/site-packages/primus_mllog/mlperf_sft.py", "lineno": 277, "samples_count": 3072}}
:::MLLOG {"namespace": "", "time_ms": 1778609830312, "event_type": "INTERVAL_START", "key": "block_start", "value": null, "metadata": {"file": "/opt/venv/lib/python3.12/site-packages/primus_mllog/mlperf_sft.py", "lineno": 283, "samples_count": 3072}}
:::MLLOG {"namespace": "", "time_ms": 1778609896739, "event_type": "INTERVAL_END", "key": "block_stop", "value": null, "metadata": {"file": "/opt/venv/lib/python3.12/site-packages/primus_mllog/mlperf_sft.py", "lineno": 243, "samples_count": 3456}}
:::MLLOG {"namespace": "", "time_ms": 1778609896739, "event_type": "INTERVAL_START", "key": "eval_start", "value": null, "metadata": {"file": "/opt/venv/lib/python3.12/site-packages/primus_mllog/mlperf_sft.py", "lineno": 247, "samples_count": 3456}}
:::MLLOG {"namespace": "", "time_ms": 1778609909509, "event_type": "POINT_IN_TIME", "key": "eval_accuracy", "value": 0.9265968799591064, "metadata": {"file": "/opt/venv/lib/python3.12/site-packages/primus_mllog/mlperf_sft.py", "lineno": 264, "samples_count": 3456}}
:::MLLOG {"namespace": "", "time_ms": 1778609909510, "event_type": "INTERVAL_END", "key": "eval_stop", "value": null, "metadata": {"file": "/opt/venv/lib/python3.12/site-packages/primus_mllog/mlperf_sft.py", "lineno": 277, "samples_count": 3456}}
:::MLLOG {"namespace": "", "time_ms": 1778609909510, "event_type": "INTERVAL_START", "key": "block_start", "value": null, "metadata": {"file": "/opt/venv/lib/python3.12/site-packages/primus_mllog/mlperf_sft.py", "lineno": 283, "samples_count": 3456}}
:::MLLOG {"namespace": "", "time_ms": 1778609975466, "event_type": "INTERVAL_END", "key": "block_stop", "value": null, "metadata": {"file": "/opt/venv/lib/python3.12/site-packages/primus_mllog/mlperf_sft.py", "lineno": 243, "samples_count": 3840}}
:::MLLOG {"namespace": "", "time_ms": 1778609975466, "event_type": "INTERVAL_START", "key": "eval_start", "value": null, "metadata": {"file": "/opt/venv/lib/python3.12/site-packages/primus_mllog/mlperf_sft.py", "lineno": 247, "samples_count": 3840}}
:::MLLOG {"namespace": "", "time_ms": 1778609988223, "event_type": "POINT_IN_TIME", "key": "eval_accuracy", "value": 0.9233358502388, "metadata": {"file": "/opt/venv/lib/python3.12/site-packages/primus_mllog/mlperf_sft.py", "lineno": 264, "samples_count": 3840}}
:::MLLOG {"namespace": "", "time_ms": 1778609988223, "event_type": "INTERVAL_END", "key": "eval_stop", "value": null, "metadata": {"file": "/opt/venv/lib/python3.12/site-packages/primus_mllog/mlperf_sft.py", "lineno": 277, "samples_count": 3840}}
:::MLLOG {"namespace": "", "time_ms": 1778609988229, "event_type": "INTERVAL_END", "key": "epoch_stop", "value": null, "metadata": {"file": "/opt/venv/lib/python3.12/site-packages/primus_mllog/mlperf_sft.py", "lineno": 305, "samples_count": 3840}}
:::MLLOG {"namespace": "", "time_ms": 1778609988229, "event_type": "INTERVAL_END", "key": "run_stop", "value": null, "metadata": {"file": "/opt/venv/lib/python3.12/site-packages/primus_mllog/mlperf_sft.py", "lineno": 319, "samples_count": 3840, "status": "success"}}
:::MLLOG {"namespace": "", "time_ms": 1778609988229, "event_type": "POINT_IN_TIME", "key": "run_duration", "value": "640.86s -> 10.68 minutes", "metadata": {"file": "/opt/venv/lib/python3.12/site-packages/primus_mllog/mlperf_sft.py", "lineno": 331, "samples": 3840}}
:::MLLOG {"namespace": "", "time_ms": 1778609988230, "event_type": "POINT_IN_TIME", "key": "throughput", "value": 5.99, "metadata": {"file": "/opt/venv/lib/python3.12/site-packages/primus_mllog/mlperf_sft.py", "lineno": 336, "samples": 3840}}
RESULT,LLAMA2_70B_LORA_SFT,,889,AMD,2026-05-12 06:05:25 PM
Beginning trial 9 of 10
Clearing cache on mi355mlperf
vm.drop_caches = 3
launching experiment using: --env=AITER_CONFIG_GEMM_A4W4 --env=AITER_LOG_LEVEL --env=AITER_LOG_MORE --env=AITER_LOG_TUNED_CONFIG --env=CP --env=CUBLAS_FORCE_XMMA_KERNEL_INIT --env=CUDA_DEVICE_MAX_CONNECTIONS --env=CUDNN_FRONTEND_ATTN_DP_WORKSPACE_LIMIT --env=DATA_PATH --env=DGXSYSTEM --env=ENABLE_MLLOG --env=ENABLE_TRANSPOSE_CACHE --env=EXP --env=FP4 --env=FP4_RECIPE --env=FP8 --env=FP8_ACT --env=FP8_ACTIVATION --env=FP8_AMAX_ALGO --env=FP8_AMAX_HISTORY --env=FP8_DPA --env=FP8_REDUCE_AMAX --env=FUSED_SOFTMAX --env=GPUS_PER_NODE --env=GPU_MAX_HW_QUEUES --env=HEALING_ITER --env=HEALING_PRECISION --env=HSA_ENABLE_INTERRUPT --env=HSA_ENABLE_SDMA --env=HSA_NO_SCRATCH_RECLAIM --env=HYDRA_FULL_ERROR --env=LOAD_CKPT --env=LOGGING_INTERVAL --env=LORA_A2A --env=LR --env=MASTER_ADDR --env=MASTER_PORT --env=MAX_STEPS --env=MBS --env=MCORE_CUDA_GRAPH --env=MC_TP_OVERLAP_AG --env=MC_TP_OVERLAP_RS --env=MC_TP_OVERLAP_RS_DGRAD --env=MEGATRON_BRIDGE_LOGGING_LEVEL --env=MINIBS --env=MLLOG_CONFIG_FILENAME --env=MLLOG_CONTEXT_PARALLELISM --env=MLLOG_EXPERT_PARALLELISM --env=MLLOG_LOWEST_NUMERICAL_PRECISION_LINEAR --env=MLLOG_MICRO_BATCH_SIZE --env=MLLOG_OUTPUT_FILE --env=MLLOG_PIPELINE_PARALLELISM --env=MLLOG_SUBMISSION_BENCHMARK --env=MLLOG_SUBMISSION_DIVISION --env=MLLOG_SUBMISSION_ORG --env=MLLOG_SUBMISSION_PLATFORM --env=MLLOG_TARGET_EVAL_LOSS --env=MLLOG_TENSOR_PARALLELISM --env=MLLOG_TRAIN_LOSS_LOG_FREQ --env=NCCL_CHECKS_DISABLE --env=NCCL_MIN_CTAS --env=NCCL_MIN_P2P_NCHANNELS --env=NCCL_NCHANNELS_PER_NET_PEER --env=NCCL_NVLS_ENABLE --env=NEXP --env=NNODES --env=NODE_RANK --env=NVTE_CK_IS_V3_ATOMIC_FP32 --env=NVTE_CK_USES_BWD_V3 --env=NVTE_CK_USES_FWD_V3 --env=NVTE_DEBUG --env=NVTE_DEBUG_LEVEL --env=NVTE_FP4_LOG_GEMM_SHAPES --env=NVTE_FP8_DPA_BWD --env=NVTE_FUSED_ATTN --env=NVTE_FUSED_ATTN_AOTRITON --env=NVTE_FUSED_ATTN_CK --env=NVTE_MXFP4_USE_HADAMARD --env=NVTE_RS_STRIDED_ATOMIC --env=NVTE_USE_AITER_ROPE --env=NVTE_USE_CAST_TRANSPOSE_TRITON --env=NVTE_USE_HIPBLASLT --env=NVTE_USE_OPTIMIZED_HIPIFIED_CAST_TRANSPOSE --env=NVTE_USE_RMSNORM_TRITON --env=OMP_NUM_THREADS --env=PACKED_METADATA_PATH --env=PACKED_TRAIN_DATA_PATH --env=PACKED_VAL_DATA_PATH --env=POSSIBLE_USER_WARNINGS --env=PP --env=PRETRAINED_CHECKPOINT --env=PRE_QUANTIZED_MODEL --env=PRIMUS_LOG_LEVEL --env=PRIMUS_PATH --env=PROFILE_RPD --env=PT_TENSOR_VALIDATION --env=PYTHONPATH --env=PYTHONWARNINGS --env=RECOMPUTE_GRANULARITY --env=RECOMPUTE_METHOD --env=RECOMPUTE_NUM_LAYERS --env=RESET_CG_AFTER_HEALING --env=RMSNORM_CAST --env=SKIP_EVALS --env=SP --env=SYNTH_WARMUP_STEPS --env=SYNTH_WARMUP_VALID_STEPS --env=TORCH_BLAS_PREFER_HIPBLASLT --env=TORCH_NCCL_HIGH_PRIORITY --env=TP --env=TP_COMM_OVERLAP --env=USE_HIPBLASLT --env=USE_TE_SWIGLU --env=VAL_CHECK_INTERVAL --env=VBOOST_VALUE --env=DATADIR --env=DGXSYSTEM --env=PROFILER --env=LOGDIR --env=HF_TOKEN --env=SEED=21681 mlperf_llama2_sft_primus /workspace/code/run_and_time.sh
:::MLLOG {"namespace": "", "time_ms": 1778610054992, "event_type": "POINT_IN_TIME", "key": "cache_clear", "value": true, "metadata": {"file": "/opt/venv/lib/python3.12/site-packages/primus_mllog/mlperf_logger.py", "lineno": 41}}
:::MLLOG {"namespace": "", "time_ms": 1778610054992, "event_type": "POINT_IN_TIME", "key": "init_start", "value": null, "metadata": {"file": "/opt/venv/lib/python3.12/site-packages/primus_mllog/mlperf_logger.py", "lineno": 41}}
:::MLLOG {"namespace": "", "time_ms": 1778610055288, "event_type": "POINT_IN_TIME", "key": "submission_benchmark", "value": "llama2_70b_lora", "metadata": {"file": "/opt/venv/lib/python3.12/site-packages/primus_mllog/mlperf_sft.py", "lineno": 120}}
:::MLLOG {"namespace": "", "time_ms": 1778610055298, "event_type": "POINT_IN_TIME", "key": "submission_org", "value": "AMD", "metadata": {"file": "/opt/venv/lib/python3.12/site-packages/primus_mllog/mlperf_sft.py", "lineno": 124}}
:::MLLOG {"namespace": "", "time_ms": 1778610055298, "event_type": "POINT_IN_TIME", "key": "submission_division", "value": "closed", "metadata": {"file": "/opt/venv/lib/python3.12/site-packages/primus_mllog/mlperf_sft.py", "lineno": 128}}
:::MLLOG {"namespace": "", "time_ms": 1778610055298, "event_type": "POINT_IN_TIME", "key": "submission_platform", "value": "MI355X", "metadata": {"file": "/opt/venv/lib/python3.12/site-packages/primus_mllog/mlperf_sft.py", "lineno": 132}}
:::MLLOG {"namespace": "", "time_ms": 1778610055298, "event_type": "POINT_IN_TIME", "key": "submission_status", "value": "onprem", "metadata": {"file": "/opt/venv/lib/python3.12/site-packages/primus_mllog/mlperf_sft.py", "lineno": 136}}
:::MLLOG {"namespace": "", "time_ms": 1778610055298, "event_type": "POINT_IN_TIME", "key": "target_accuracy", "value": 0.925, "metadata": {"file": "/opt/venv/lib/python3.12/site-packages/primus_mllog/mlperf_sft.py", "lineno": 139}}
:::MLLOG {"namespace": "", "time_ms": 1778610055298, "event_type": "POINT_IN_TIME", "key": "global_batch_size", "value": 8, "metadata": {"file": "/opt/venv/lib/python3.12/site-packages/primus_mllog/mlperf_sft.py", "lineno": 172}}
:::MLLOG {"namespace": "", "time_ms": 1778610055298, "event_type": "POINT_IN_TIME", "key": "train_samples", "value": 3901, "metadata": {"file": "/opt/venv/lib/python3.12/site-packages/primus_mllog/mlperf_sft.py", "lineno": 172}}
:::MLLOG {"namespace": "", "time_ms": 1778610055298, "event_type": "POINT_IN_TIME", "key": "eval_samples", "value": 173, "metadata": {"file": "/opt/venv/lib/python3.12/site-packages/primus_mllog/mlperf_sft.py", "lineno": 172}}
:::MLLOG {"namespace": "", "time_ms": 1778610055298, "event_type": "POINT_IN_TIME", "key": "gradient_accumulation_steps", "value": 1, "metadata": {"file": "/opt/venv/lib/python3.12/site-packages/primus_mllog/mlperf_sft.py", "lineno": 172}}
:::MLLOG {"namespace": "", "time_ms": 1778610055298, "event_type": "POINT_IN_TIME", "key": "seed", "value": 21681, "metadata": {"file": "/opt/venv/lib/python3.12/site-packages/primus_mllog/mlperf_sft.py", "lineno": 172}}
:::MLLOG {"namespace": "", "time_ms": 1778610055298, "event_type": "POINT_IN_TIME", "key": "opt_name", "value": "adamw", "metadata": {"file": "/opt/venv/lib/python3.12/site-packages/primus_mllog/mlperf_sft.py", "lineno": 172}}
:::MLLOG {"namespace": "", "time_ms": 1778610055298, "event_type": "POINT_IN_TIME", "key": "opt_base_learning_rate", "value": 0.0006, "metadata": {"file": "/opt/venv/lib/python3.12/site-packages/primus_mllog/mlperf_sft.py", "lineno": 172}}
:::MLLOG {"namespace": "", "time_ms": 1778610055298, "event_type": "POINT_IN_TIME", "key": "opt_adamw_beta_1", "value": 0.9, "metadata": {"file": "/opt/venv/lib/python3.12/site-packages/primus_mllog/mlperf_sft.py", "lineno": 172}}
:::MLLOG {"namespace": "", "time_ms": 1778610055298, "event_type": "POINT_IN_TIME", "key": "opt_adamw_beta_2", "value": 0.999, "metadata": {"file": "/opt/venv/lib/python3.12/site-packages/primus_mllog/mlperf_sft.py", "lineno": 172}}
:::MLLOG {"namespace": "", "time_ms": 1778610055298, "event_type": "POINT_IN_TIME", "key": "opt_adamw_epsilon", "value": 1e-08, "metadata": {"file": "/opt/venv/lib/python3.12/site-packages/primus_mllog/mlperf_sft.py", "lineno": 172}}
:::MLLOG {"namespace": "", "time_ms": 1778610055298, "event_type": "POINT_IN_TIME", "key": "opt_adamw_weight_decay", "value": 0.0001, "metadata": {"file": "/opt/venv/lib/python3.12/site-packages/primus_mllog/mlperf_sft.py", "lineno": 172}}
:::MLLOG {"namespace": "", "time_ms": 1778610055298, "event_type": "POINT_IN_TIME", "key": "opt_gradient_clip_norm", "value": 0.3, "metadata": {"file": "/opt/venv/lib/python3.12/site-packages/primus_mllog/mlperf_sft.py", "lineno": 172}}
:::MLLOG {"namespace": "", "time_ms": 1778610055298, "event_type": "POINT_IN_TIME", "key": "opt_learning_rate_warmup_factor", "value": 0.0, "metadata": {"file": "/opt/venv/lib/python3.12/site-packages/primus_mllog/mlperf_sft.py", "lineno": 172}}
:::MLLOG {"namespace": "", "time_ms": 1778610055299, "event_type": "POINT_IN_TIME", "key": "opt_learning_rate_training_steps", "value": 550, "metadata": {"file": "/opt/venv/lib/python3.12/site-packages/primus_mllog/mlperf_sft.py", "lineno": 172}}
:::MLLOG {"namespace": "", "time_ms": 1778610055299, "event_type": "POINT_IN_TIME", "key": "max_sequence_length", "value": 8192, "metadata": {"file": "/opt/venv/lib/python3.12/site-packages/primus_mllog/mlperf_sft.py", "lineno": 172}}
:::MLLOG {"namespace": "", "time_ms": 1778610055299, "event_type": "POINT_IN_TIME", "key": "max_steps", "value": 550, "metadata": {"file": "/opt/venv/lib/python3.12/site-packages/primus_mllog/mlperf_sft.py", "lineno": 172}}
:::MLLOG {"namespace": "", "time_ms": 1778610055299, "event_type": "POINT_IN_TIME", "key": "lora_rank", "value": 16, "metadata": {"file": "/opt/venv/lib/python3.12/site-packages/primus_mllog/mlperf_sft.py", "lineno": 172}}
:::MLLOG {"namespace": "", "time_ms": 1778610055299, "event_type": "POINT_IN_TIME", "key": "lora_alpha", "value": 32, "metadata": {"file": "/opt/venv/lib/python3.12/site-packages/primus_mllog/mlperf_sft.py", "lineno": 172}}
:::MLLOG {"namespace": "", "time_ms": 1778610055299, "event_type": "POINT_IN_TIME", "key": "tensor_parallelism", "value": 1, "metadata": {"file": "/opt/venv/lib/python3.12/site-packages/primus_mllog/mlperf_sft.py", "lineno": 172}}
:::MLLOG {"namespace": "", "time_ms": 1778610055299, "event_type": "POINT_IN_TIME", "key": "pipeline_parallelism", "value": 1, "metadata": {"file": "/opt/venv/lib/python3.12/site-packages/primus_mllog/mlperf_sft.py", "lineno": 172}}
:::MLLOG {"namespace": "", "time_ms": 1778610055299, "event_type": "POINT_IN_TIME", "key": "context_parallelism", "value": 1, "metadata": {"file": "/opt/venv/lib/python3.12/site-packages/primus_mllog/mlperf_sft.py", "lineno": 172}}
:::MLLOG {"namespace": "", "time_ms": 1778610055299, "event_type": "POINT_IN_TIME", "key": "expert_parallelism", "value": 1, "metadata": {"file": "/opt/venv/lib/python3.12/site-packages/primus_mllog/mlperf_sft.py", "lineno": 172}}
:::MLLOG {"namespace": "", "time_ms": 1778610055299, "event_type": "POINT_IN_TIME", "key": "micro_batch_size", "value": 1, "metadata": {"file": "/opt/venv/lib/python3.12/site-packages/primus_mllog/mlperf_sft.py", "lineno": 172}}
:::MLLOG {"namespace": "", "time_ms": 1778610055299, "event_type": "POINT_IN_TIME", "key": "config_filename", "value": "config_MI355X_1x8x1.sh", "metadata": {"file": "/opt/venv/lib/python3.12/site-packages/primus_mllog/mlperf_sft.py", "lineno": 172}}
:::MLLOG {"namespace": "", "time_ms": 1778610055299, "event_type": "POINT_IN_TIME", "key": "lowest_numerical_precision_linear", "value": "mxfp4", "metadata": {"file": "/opt/venv/lib/python3.12/site-packages/primus_mllog/mlperf_sft.py", "lineno": 172}}
:::MLLOG {"namespace": "", "time_ms": 1778610244911, "event_type": "INTERVAL_END", "key": "init_stop", "value": null, "metadata": {"file": "/opt/venv/lib/python3.12/site-packages/primus_mllog/mlperf_sft.py", "lineno": 186}}
:::MLLOG {"namespace": "", "time_ms": 1778610244911, "event_type": "INTERVAL_START", "key": "run_start", "value": null, "metadata": {"file": "/opt/venv/lib/python3.12/site-packages/primus_mllog/mlperf_sft.py", "lineno": 187}}
:::MLLOG {"namespace": "", "time_ms": 1778610244911, "event_type": "INTERVAL_START", "key": "epoch_start", "value": null, "metadata": {"file": "/opt/venv/lib/python3.12/site-packages/primus_mllog/mlperf_sft.py", "lineno": 189, "samples_count": 0}}
:::MLLOG {"namespace": "", "time_ms": 1778610244911, "event_type": "INTERVAL_START", "key": "block_start", "value": null, "metadata": {"file": "/opt/venv/lib/python3.12/site-packages/primus_mllog/mlperf_sft.py", "lineno": 192, "samples_count": 0}}
:::MLLOG {"namespace": "", "time_ms": 1778610451793, "event_type": "INTERVAL_END", "key": "block_stop", "value": null, "metadata": {"file": "/opt/venv/lib/python3.12/site-packages/primus_mllog/mlperf_sft.py", "lineno": 243, "samples_count": 1536}}
:::MLLOG {"namespace": "", "time_ms": 1778610451793, "event_type": "INTERVAL_START", "key": "eval_start", "value": null, "metadata": {"file": "/opt/venv/lib/python3.12/site-packages/primus_mllog/mlperf_sft.py", "lineno": 247, "samples_count": 1536}}
:::MLLOG {"namespace": "", "time_ms": 1778610461665, "event_type": "POINT_IN_TIME", "key": "eval_accuracy", "value": 0.9700703620910645, "metadata": {"file": "/opt/venv/lib/python3.12/site-packages/primus_mllog/mlperf_sft.py", "lineno": 264, "samples_count": 1536}}
:::MLLOG {"namespace": "", "time_ms": 1778610461665, "event_type": "INTERVAL_END", "key": "eval_stop", "value": null, "metadata": {"file": "/opt/venv/lib/python3.12/site-packages/primus_mllog/mlperf_sft.py", "lineno": 277, "samples_count": 1536}}
:::MLLOG {"namespace": "", "time_ms": 1778610461665, "event_type": "INTERVAL_START", "key": "block_start", "value": null, "metadata": {"file": "/opt/venv/lib/python3.12/site-packages/primus_mllog/mlperf_sft.py", "lineno": 283, "samples_count": 1536}}
:::MLLOG {"namespace": "", "time_ms": 1778610512914, "event_type": "INTERVAL_END", "key": "block_stop", "value": null, "metadata": {"file": "/opt/venv/lib/python3.12/site-packages/primus_mllog/mlperf_sft.py", "lineno": 243, "samples_count": 1920}}
:::MLLOG {"namespace": "", "time_ms": 1778610512914, "event_type": "INTERVAL_START", "key": "eval_start", "value": null, "metadata": {"file": "/opt/venv/lib/python3.12/site-packages/primus_mllog/mlperf_sft.py", "lineno": 247, "samples_count": 1920}}
:::MLLOG {"namespace": "", "time_ms": 1778610522709, "event_type": "POINT_IN_TIME", "key": "eval_accuracy", "value": 0.9590716361999512, "metadata": {"file": "/opt/venv/lib/python3.12/site-packages/primus_mllog/mlperf_sft.py", "lineno": 264, "samples_count": 1920}}
:::MLLOG {"namespace": "", "time_ms": 1778610522709, "event_type": "INTERVAL_END", "key": "eval_stop", "value": null, "metadata": {"file": "/opt/venv/lib/python3.12/site-packages/primus_mllog/mlperf_sft.py", "lineno": 277, "samples_count": 1920}}
:::MLLOG {"namespace": "", "time_ms": 1778610522709, "event_type": "INTERVAL_START", "key": "block_start", "value": null, "metadata": {"file": "/opt/venv/lib/python3.12/site-packages/primus_mllog/mlperf_sft.py", "lineno": 283, "samples_count": 1920}}
:::MLLOG {"namespace": "", "time_ms": 1778610574543, "event_type": "INTERVAL_END", "key": "block_stop", "value": null, "metadata": {"file": "/opt/venv/lib/python3.12/site-packages/primus_mllog/mlperf_sft.py", "lineno": 243, "samples_count": 2304}}
:::MLLOG {"namespace": "", "time_ms": 1778610574543, "event_type": "INTERVAL_START", "key": "eval_start", "value": null, "metadata": {"file": "/opt/venv/lib/python3.12/site-packages/primus_mllog/mlperf_sft.py", "lineno": 247, "samples_count": 2304}}
:::MLLOG {"namespace": "", "time_ms": 1778610584305, "event_type": "POINT_IN_TIME", "key": "eval_accuracy", "value": 0.9546986222267151, "metadata": {"file": "/opt/venv/lib/python3.12/site-packages/primus_mllog/mlperf_sft.py", "lineno": 264, "samples_count": 2304}}
:::MLLOG {"namespace": "", "time_ms": 1778610584306, "event_type": "INTERVAL_END", "key": "eval_stop", "value": null, "metadata": {"file": "/opt/venv/lib/python3.12/site-packages/primus_mllog/mlperf_sft.py", "lineno": 277, "samples_count": 2304}}
:::MLLOG {"namespace": "", "time_ms": 1778610584306, "event_type": "INTERVAL_START", "key": "block_start", "value": null, "metadata": {"file": "/opt/venv/lib/python3.12/site-packages/primus_mllog/mlperf_sft.py", "lineno": 283, "samples_count": 2304}}
:::MLLOG {"namespace": "", "time_ms": 1778610635521, "event_type": "INTERVAL_END", "key": "block_stop", "value": null, "metadata": {"file": "/opt/venv/lib/python3.12/site-packages/primus_mllog/mlperf_sft.py", "lineno": 243, "samples_count": 2688}}
:::MLLOG {"namespace": "", "time_ms": 1778610635521, "event_type": "INTERVAL_START", "key": "eval_start", "value": null, "metadata": {"file": "/opt/venv/lib/python3.12/site-packages/primus_mllog/mlperf_sft.py", "lineno": 247, "samples_count": 2688}}
:::MLLOG {"namespace": "", "time_ms": 1778610645267, "event_type": "POINT_IN_TIME", "key": "eval_accuracy", "value": 0.9496000409126282, "metadata": {"file": "/opt/venv/lib/python3.12/site-packages/primus_mllog/mlperf_sft.py", "lineno": 264, "samples_count": 2688}}
:::MLLOG {"namespace": "", "time_ms": 1778610645268, "event_type": "INTERVAL_END", "key": "eval_stop", "value": null, "metadata": {"file": "/opt/venv/lib/python3.12/site-packages/primus_mllog/mlperf_sft.py", "lineno": 277, "samples_count": 2688}}
:::MLLOG {"namespace": "", "time_ms": 1778610645268, "event_type": "INTERVAL_START", "key": "block_start", "value": null, "metadata": {"file": "/opt/venv/lib/python3.12/site-packages/primus_mllog/mlperf_sft.py", "lineno": 283, "samples_count": 2688}}
:::MLLOG {"namespace": "", "time_ms": 1778610715591, "event_type": "INTERVAL_END", "key": "block_stop", "value": null, "metadata": {"file": "/opt/venv/lib/python3.12/site-packages/primus_mllog/mlperf_sft.py", "lineno": 243, "samples_count": 3072}}
:::MLLOG {"namespace": "", "time_ms": 1778610715591, "event_type": "INTERVAL_START", "key": "eval_start", "value": null, "metadata": {"file": "/opt/venv/lib/python3.12/site-packages/primus_mllog/mlperf_sft.py", "lineno": 247, "samples_count": 3072}}
:::MLLOG {"namespace": "", "time_ms": 1778610728358, "event_type": "POINT_IN_TIME", "key": "eval_accuracy", "value": 0.9258175492286682, "metadata": {"file": "/opt/venv/lib/python3.12/site-packages/primus_mllog/mlperf_sft.py", "lineno": 264, "samples_count": 3072}}
:::MLLOG {"namespace": "", "time_ms": 1778610728359, "event_type": "INTERVAL_END", "key": "eval_stop", "value": null, "metadata": {"file": "/opt/venv/lib/python3.12/site-packages/primus_mllog/mlperf_sft.py", "lineno": 277, "samples_count": 3072}}
:::MLLOG {"namespace": "", "time_ms": 1778610728359, "event_type": "INTERVAL_START", "key": "block_start", "value": null, "metadata": {"file": "/opt/venv/lib/python3.12/site-packages/primus_mllog/mlperf_sft.py", "lineno": 283, "samples_count": 3072}}
:::MLLOG {"namespace": "", "time_ms": 1778610794935, "event_type": "INTERVAL_END", "key": "block_stop", "value": null, "metadata": {"file": "/opt/venv/lib/python3.12/site-packages/primus_mllog/mlperf_sft.py", "lineno": 243, "samples_count": 3456}}
:::MLLOG {"namespace": "", "time_ms": 1778610794936, "event_type": "INTERVAL_START", "key": "eval_start", "value": null, "metadata": {"file": "/opt/venv/lib/python3.12/site-packages/primus_mllog/mlperf_sft.py", "lineno": 247, "samples_count": 3456}}
:::MLLOG {"namespace": "", "time_ms": 1778610807691, "event_type": "POINT_IN_TIME", "key": "eval_accuracy", "value": 0.9223297238349915, "metadata": {"file": "/opt/venv/lib/python3.12/site-packages/primus_mllog/mlperf_sft.py", "lineno": 264, "samples_count": 3456}}
:::MLLOG {"namespace": "", "time_ms": 1778610807692, "event_type": "INTERVAL_END", "key": "eval_stop", "value": null, "metadata": {"file": "/opt/venv/lib/python3.12/site-packages/primus_mllog/mlperf_sft.py", "lineno": 277, "samples_count": 3456}}
:::MLLOG {"namespace": "", "time_ms": 1778610807700, "event_type": "INTERVAL_END", "key": "epoch_stop", "value": null, "metadata": {"file": "/opt/venv/lib/python3.12/site-packages/primus_mllog/mlperf_sft.py", "lineno": 305, "samples_count": 3456}}
:::MLLOG {"namespace": "", "time_ms": 1778610807700, "event_type": "INTERVAL_END", "key": "run_stop", "value": null, "metadata": {"file": "/opt/venv/lib/python3.12/site-packages/primus_mllog/mlperf_sft.py", "lineno": 319, "samples_count": 3456, "status": "success"}}
:::MLLOG {"namespace": "", "time_ms": 1778610807700, "event_type": "POINT_IN_TIME", "key": "run_duration", "value": "562.79s -> 9.38 minutes", "metadata": {"file": "/opt/venv/lib/python3.12/site-packages/primus_mllog/mlperf_sft.py", "lineno": 331, "samples": 3456}}
:::MLLOG {"namespace": "", "time_ms": 1778610807700, "event_type": "POINT_IN_TIME", "key": "throughput", "value": 6.14, "metadata": {"file": "/opt/venv/lib/python3.12/site-packages/primus_mllog/mlperf_sft.py", "lineno": 336, "samples": 3456}}
RESULT,LLAMA2_70B_LORA_SFT,,815,AMD,2026-05-12 06:20:19 PM
Beginning trial 10 of 10
Clearing cache on mi355mlperf
vm.drop_caches = 3
launching experiment using: --env=AITER_CONFIG_GEMM_A4W4 --env=AITER_LOG_LEVEL --env=AITER_LOG_MORE --env=AITER_LOG_TUNED_CONFIG --env=CP --env=CUBLAS_FORCE_XMMA_KERNEL_INIT --env=CUDA_DEVICE_MAX_CONNECTIONS --env=CUDNN_FRONTEND_ATTN_DP_WORKSPACE_LIMIT --env=DATA_PATH --env=DGXSYSTEM --env=ENABLE_MLLOG --env=ENABLE_TRANSPOSE_CACHE --env=EXP --env=FP4 --env=FP4_RECIPE --env=FP8 --env=FP8_ACT --env=FP8_ACTIVATION --env=FP8_AMAX_ALGO --env=FP8_AMAX_HISTORY --env=FP8_DPA --env=FP8_REDUCE_AMAX --env=FUSED_SOFTMAX --env=GPUS_PER_NODE --env=GPU_MAX_HW_QUEUES --env=HEALING_ITER --env=HEALING_PRECISION --env=HSA_ENABLE_INTERRUPT --env=HSA_ENABLE_SDMA --env=HSA_NO_SCRATCH_RECLAIM --env=HYDRA_FULL_ERROR --env=LOAD_CKPT --env=LOGGING_INTERVAL --env=LORA_A2A --env=LR --env=MASTER_ADDR --env=MASTER_PORT --env=MAX_STEPS --env=MBS --env=MCORE_CUDA_GRAPH --env=MC_TP_OVERLAP_AG --env=MC_TP_OVERLAP_RS --env=MC_TP_OVERLAP_RS_DGRAD --env=MEGATRON_BRIDGE_LOGGING_LEVEL --env=MINIBS --env=MLLOG_CONFIG_FILENAME --env=MLLOG_CONTEXT_PARALLELISM --env=MLLOG_EXPERT_PARALLELISM --env=MLLOG_LOWEST_NUMERICAL_PRECISION_LINEAR --env=MLLOG_MICRO_BATCH_SIZE --env=MLLOG_OUTPUT_FILE --env=MLLOG_PIPELINE_PARALLELISM --env=MLLOG_SUBMISSION_BENCHMARK --env=MLLOG_SUBMISSION_DIVISION --env=MLLOG_SUBMISSION_ORG --env=MLLOG_SUBMISSION_PLATFORM --env=MLLOG_TARGET_EVAL_LOSS --env=MLLOG_TENSOR_PARALLELISM --env=MLLOG_TRAIN_LOSS_LOG_FREQ --env=NCCL_CHECKS_DISABLE --env=NCCL_MIN_CTAS --env=NCCL_MIN_P2P_NCHANNELS --env=NCCL_NCHANNELS_PER_NET_PEER --env=NCCL_NVLS_ENABLE --env=NEXP --env=NNODES --env=NODE_RANK --env=NVTE_CK_IS_V3_ATOMIC_FP32 --env=NVTE_CK_USES_BWD_V3 --env=NVTE_CK_USES_FWD_V3 --env=NVTE_DEBUG --env=NVTE_DEBUG_LEVEL --env=NVTE_FP4_LOG_GEMM_SHAPES --env=NVTE_FP8_DPA_BWD --env=NVTE_FUSED_ATTN --env=NVTE_FUSED_ATTN_AOTRITON --env=NVTE_FUSED_ATTN_CK --env=NVTE_MXFP4_USE_HADAMARD --env=NVTE_RS_STRIDED_ATOMIC --env=NVTE_USE_AITER_ROPE --env=NVTE_USE_CAST_TRANSPOSE_TRITON --env=NVTE_USE_HIPBLASLT --env=NVTE_USE_OPTIMIZED_HIPIFIED_CAST_TRANSPOSE --env=NVTE_USE_RMSNORM_TRITON --env=OMP_NUM_THREADS --env=PACKED_METADATA_PATH --env=PACKED_TRAIN_DATA_PATH --env=PACKED_VAL_DATA_PATH --env=POSSIBLE_USER_WARNINGS --env=PP --env=PRETRAINED_CHECKPOINT --env=PRE_QUANTIZED_MODEL --env=PRIMUS_LOG_LEVEL --env=PRIMUS_PATH --env=PROFILE_RPD --env=PT_TENSOR_VALIDATION --env=PYTHONPATH --env=PYTHONWARNINGS --env=RECOMPUTE_GRANULARITY --env=RECOMPUTE_METHOD --env=RECOMPUTE_NUM_LAYERS --env=RESET_CG_AFTER_HEALING --env=RMSNORM_CAST --env=SKIP_EVALS --env=SP --env=SYNTH_WARMUP_STEPS --env=SYNTH_WARMUP_VALID_STEPS --env=TORCH_BLAS_PREFER_HIPBLASLT --env=TORCH_NCCL_HIGH_PRIORITY --env=TP --env=TP_COMM_OVERLAP --env=USE_HIPBLASLT --env=USE_TE_SWIGLU --env=VAL_CHECK_INTERVAL --env=VBOOST_VALUE --env=DATADIR --env=DGXSYSTEM --env=PROFILER --env=LOGDIR --env=HF_TOKEN --env=SEED=32452 mlperf_llama2_sft_primus /workspace/code/run_and_time.sh
:::MLLOG {"namespace": "", "time_ms": 1778610872595, "event_type": "POINT_IN_TIME", "key": "cache_clear", "value": true, "metadata": {"file": "/opt/venv/lib/python3.12/site-packages/primus_mllog/mlperf_logger.py", "lineno": 41}}
:::MLLOG {"namespace": "", "time_ms": 1778610872595, "event_type": "POINT_IN_TIME", "key": "init_start", "value": null, "metadata": {"file": "/opt/venv/lib/python3.12/site-packages/primus_mllog/mlperf_logger.py", "lineno": 41}}
:::MLLOG {"namespace": "", "time_ms": 1778610872894, "event_type": "POINT_IN_TIME", "key": "submission_benchmark", "value": "llama2_70b_lora", "metadata": {"file": "/opt/venv/lib/python3.12/site-packages/primus_mllog/mlperf_sft.py", "lineno": 120}}
:::MLLOG {"namespace": "", "time_ms": 1778610872903, "event_type": "POINT_IN_TIME", "key": "submission_org", "value": "AMD", "metadata": {"file": "/opt/venv/lib/python3.12/site-packages/primus_mllog/mlperf_sft.py", "lineno": 124}}
:::MLLOG {"namespace": "", "time_ms": 1778610872903, "event_type": "POINT_IN_TIME", "key": "submission_division", "value": "closed", "metadata": {"file": "/opt/venv/lib/python3.12/site-packages/primus_mllog/mlperf_sft.py", "lineno": 128}}
:::MLLOG {"namespace": "", "time_ms": 1778610872903, "event_type": "POINT_IN_TIME", "key": "submission_platform", "value": "MI355X", "metadata": {"file": "/opt/venv/lib/python3.12/site-packages/primus_mllog/mlperf_sft.py", "lineno": 132}}
:::MLLOG {"namespace": "", "time_ms": 1778610872903, "event_type": "POINT_IN_TIME", "key": "submission_status", "value": "onprem", "metadata": {"file": "/opt/venv/lib/python3.12/site-packages/primus_mllog/mlperf_sft.py", "lineno": 136}}
:::MLLOG {"namespace": "", "time_ms": 1778610872903, "event_type": "POINT_IN_TIME", "key": "target_accuracy", "value": 0.925, "metadata": {"file": "/opt/venv/lib/python3.12/site-packages/primus_mllog/mlperf_sft.py", "lineno": 139}}
:::MLLOG {"namespace": "", "time_ms": 1778610872903, "event_type": "POINT_IN_TIME", "key": "global_batch_size", "value": 8, "metadata": {"file": "/opt/venv/lib/python3.12/site-packages/primus_mllog/mlperf_sft.py", "lineno": 172}}
:::MLLOG {"namespace": "", "time_ms": 1778610872903, "event_type": "POINT_IN_TIME", "key": "train_samples", "value": 3901, "metadata": {"file": "/opt/venv/lib/python3.12/site-packages/primus_mllog/mlperf_sft.py", "lineno": 172}}
:::MLLOG {"namespace": "", "time_ms": 1778610872903, "event_type": "POINT_IN_TIME", "key": "eval_samples", "value": 173, "metadata": {"file": "/opt/venv/lib/python3.12/site-packages/primus_mllog/mlperf_sft.py", "lineno": 172}}
:::MLLOG {"namespace": "", "time_ms": 1778610872903, "event_type": "POINT_IN_TIME", "key": "gradient_accumulation_steps", "value": 1, "metadata": {"file": "/opt/venv/lib/python3.12/site-packages/primus_mllog/mlperf_sft.py", "lineno": 172}}
:::MLLOG {"namespace": "", "time_ms": 1778610872903, "event_type": "POINT_IN_TIME", "key": "seed", "value": 32452, "metadata": {"file": "/opt/venv/lib/python3.12/site-packages/primus_mllog/mlperf_sft.py", "lineno": 172}}
:::MLLOG {"namespace": "", "time_ms": 1778610872903, "event_type": "POINT_IN_TIME", "key": "opt_name", "value": "adamw", "metadata": {"file": "/opt/venv/lib/python3.12/site-packages/primus_mllog/mlperf_sft.py", "lineno": 172}}
:::MLLOG {"namespace": "", "time_ms": 1778610872903, "event_type": "POINT_IN_TIME", "key": "opt_base_learning_rate", "value": 0.0006, "metadata": {"file": "/opt/venv/lib/python3.12/site-packages/primus_mllog/mlperf_sft.py", "lineno": 172}}
:::MLLOG {"namespace": "", "time_ms": 1778610872904, "event_type": "POINT_IN_TIME", "key": "opt_adamw_beta_1", "value": 0.9, "metadata": {"file": "/opt/venv/lib/python3.12/site-packages/primus_mllog/mlperf_sft.py", "lineno": 172}}
:::MLLOG {"namespace": "", "time_ms": 1778610872904, "event_type": "POINT_IN_TIME", "key": "opt_adamw_beta_2", "value": 0.999, "metadata": {"file": "/opt/venv/lib/python3.12/site-packages/primus_mllog/mlperf_sft.py", "lineno": 172}}
:::MLLOG {"namespace": "", "time_ms": 1778610872904, "event_type": "POINT_IN_TIME", "key": "opt_adamw_epsilon", "value": 1e-08, "metadata": {"file": "/opt/venv/lib/python3.12/site-packages/primus_mllog/mlperf_sft.py", "lineno": 172}}
:::MLLOG {"namespace": "", "time_ms": 1778610872904, "event_type": "POINT_IN_TIME", "key": "opt_adamw_weight_decay", "value": 0.0001, "metadata": {"file": "/opt/venv/lib/python3.12/site-packages/primus_mllog/mlperf_sft.py", "lineno": 172}}
:::MLLOG {"namespace": "", "time_ms": 1778610872904, "event_type": "POINT_IN_TIME", "key": "opt_gradient_clip_norm", "value": 0.3, "metadata": {"file": "/opt/venv/lib/python3.12/site-packages/primus_mllog/mlperf_sft.py", "lineno": 172}}
:::MLLOG {"namespace": "", "time_ms": 1778610872904, "event_type": "POINT_IN_TIME", "key": "opt_learning_rate_warmup_factor", "value": 0.0, "metadata": {"file": "/opt/venv/lib/python3.12/site-packages/primus_mllog/mlperf_sft.py", "lineno": 172}}
:::MLLOG {"namespace": "", "time_ms": 1778610872904, "event_type": "POINT_IN_TIME", "key": "opt_learning_rate_training_steps", "value": 550, "metadata": {"file": "/opt/venv/lib/python3.12/site-packages/primus_mllog/mlperf_sft.py", "lineno": 172}}
:::MLLOG {"namespace": "", "time_ms": 1778610872904, "event_type": "POINT_IN_TIME", "key": "max_sequence_length", "value": 8192, "metadata": {"file": "/opt/venv/lib/python3.12/site-packages/primus_mllog/mlperf_sft.py", "lineno": 172}}
:::MLLOG {"namespace": "", "time_ms": 1778610872904, "event_type": "POINT_IN_TIME", "key": "max_steps", "value": 550, "metadata": {"file": "/opt/venv/lib/python3.12/site-packages/primus_mllog/mlperf_sft.py", "lineno": 172}}
:::MLLOG {"namespace": "", "time_ms": 1778610872904, "event_type": "POINT_IN_TIME", "key": "lora_rank", "value": 16, "metadata": {"file": "/opt/venv/lib/python3.12/site-packages/primus_mllog/mlperf_sft.py", "lineno": 172}}
:::MLLOG {"namespace": "", "time_ms": 1778610872904, "event_type": "POINT_IN_TIME", "key": "lora_alpha", "value": 32, "metadata": {"file": "/opt/venv/lib/python3.12/site-packages/primus_mllog/mlperf_sft.py", "lineno": 172}}
:::MLLOG {"namespace": "", "time_ms": 1778610872904, "event_type": "POINT_IN_TIME", "key": "tensor_parallelism", "value": 1, "metadata": {"file": "/opt/venv/lib/python3.12/site-packages/primus_mllog/mlperf_sft.py", "lineno": 172}}
:::MLLOG {"namespace": "", "time_ms": 1778610872904, "event_type": "POINT_IN_TIME", "key": "pipeline_parallelism", "value": 1, "metadata": {"file": "/opt/venv/lib/python3.12/site-packages/primus_mllog/mlperf_sft.py", "lineno": 172}}
:::MLLOG {"namespace": "", "time_ms": 1778610872904, "event_type": "POINT_IN_TIME", "key": "context_parallelism", "value": 1, "metadata": {"file": "/opt/venv/lib/python3.12/site-packages/primus_mllog/mlperf_sft.py", "lineno": 172}}
:::MLLOG {"namespace": "", "time_ms": 1778610872904, "event_type": "POINT_IN_TIME", "key": "expert_parallelism", "value": 1, "metadata": {"file": "/opt/venv/lib/python3.12/site-packages/primus_mllog/mlperf_sft.py", "lineno": 172}}
:::MLLOG {"namespace": "", "time_ms": 1778610872904, "event_type": "POINT_IN_TIME", "key": "micro_batch_size", "value": 1, "metadata": {"file": "/opt/venv/lib/python3.12/site-packages/primus_mllog/mlperf_sft.py", "lineno": 172}}
:::MLLOG {"namespace": "", "time_ms": 1778610872904, "event_type": "POINT_IN_TIME", "key": "config_filename", "value": "config_MI355X_1x8x1.sh", "metadata": {"file": "/opt/venv/lib/python3.12/site-packages/primus_mllog/mlperf_sft.py", "lineno": 172}}
:::MLLOG {"namespace": "", "time_ms": 1778610872904, "event_type": "POINT_IN_TIME", "key": "lowest_numerical_precision_linear", "value": "mxfp4", "metadata": {"file": "/opt/venv/lib/python3.12/site-packages/primus_mllog/mlperf_sft.py", "lineno": 172}}
:::MLLOG {"namespace": "", "time_ms": 1778611063387, "event_type": "INTERVAL_END", "key": "init_stop", "value": null, "metadata": {"file": "/opt/venv/lib/python3.12/site-packages/primus_mllog/mlperf_sft.py", "lineno": 186}}
:::MLLOG {"namespace": "", "time_ms": 1778611063388, "event_type": "INTERVAL_START", "key": "run_start", "value": null, "metadata": {"file": "/opt/venv/lib/python3.12/site-packages/primus_mllog/mlperf_sft.py", "lineno": 187}}
:::MLLOG {"namespace": "", "time_ms": 1778611063388, "event_type": "INTERVAL_START", "key": "epoch_start", "value": null, "metadata": {"file": "/opt/venv/lib/python3.12/site-packages/primus_mllog/mlperf_sft.py", "lineno": 189, "samples_count": 0}}
:::MLLOG {"namespace": "", "time_ms": 1778611063388, "event_type": "INTERVAL_START", "key": "block_start", "value": null, "metadata": {"file": "/opt/venv/lib/python3.12/site-packages/primus_mllog/mlperf_sft.py", "lineno": 192, "samples_count": 0}}
:::MLLOG {"namespace": "", "time_ms": 1778611270399, "event_type": "INTERVAL_END", "key": "block_stop", "value": null, "metadata": {"file": "/opt/venv/lib/python3.12/site-packages/primus_mllog/mlperf_sft.py", "lineno": 243, "samples_count": 1536}}
:::MLLOG {"namespace": "", "time_ms": 1778611270399, "event_type": "INTERVAL_START", "key": "eval_start", "value": null, "metadata": {"file": "/opt/venv/lib/python3.12/site-packages/primus_mllog/mlperf_sft.py", "lineno": 247, "samples_count": 1536}}
:::MLLOG {"namespace": "", "time_ms": 1778611280259, "event_type": "POINT_IN_TIME", "key": "eval_accuracy", "value": 0.9699246287345886, "metadata": {"file": "/opt/venv/lib/python3.12/site-packages/primus_mllog/mlperf_sft.py", "lineno": 264, "samples_count": 1536}}
:::MLLOG {"namespace": "", "time_ms": 1778611280259, "event_type": "INTERVAL_END", "key": "eval_stop", "value": null, "metadata": {"file": "/opt/venv/lib/python3.12/site-packages/primus_mllog/mlperf_sft.py", "lineno": 277, "samples_count": 1536}}
:::MLLOG {"namespace": "", "time_ms": 1778611280259, "event_type": "INTERVAL_START", "key": "block_start", "value": null, "metadata": {"file": "/opt/venv/lib/python3.12/site-packages/primus_mllog/mlperf_sft.py", "lineno": 283, "samples_count": 1536}}
:::MLLOG {"namespace": "", "time_ms": 1778611331506, "event_type": "INTERVAL_END", "key": "block_stop", "value": null, "metadata": {"file": "/opt/venv/lib/python3.12/site-packages/primus_mllog/mlperf_sft.py", "lineno": 243, "samples_count": 1920}}
:::MLLOG {"namespace": "", "time_ms": 1778611331506, "event_type": "INTERVAL_START", "key": "eval_start", "value": null, "metadata": {"file": "/opt/venv/lib/python3.12/site-packages/primus_mllog/mlperf_sft.py", "lineno": 247, "samples_count": 1920}}
:::MLLOG {"namespace": "", "time_ms": 1778611341249, "event_type": "POINT_IN_TIME", "key": "eval_accuracy", "value": 0.9595156311988831, "metadata": {"file": "/opt/venv/lib/python3.12/site-packages/primus_mllog/mlperf_sft.py", "lineno": 264, "samples_count": 1920}}
:::MLLOG {"namespace": "", "time_ms": 1778611341249, "event_type": "INTERVAL_END", "key": "eval_stop", "value": null, "metadata": {"file": "/opt/venv/lib/python3.12/site-packages/primus_mllog/mlperf_sft.py", "lineno": 277, "samples_count": 1920}}
:::MLLOG {"namespace": "", "time_ms": 1778611341249, "event_type": "INTERVAL_START", "key": "block_start", "value": null, "metadata": {"file": "/opt/venv/lib/python3.12/site-packages/primus_mllog/mlperf_sft.py", "lineno": 283, "samples_count": 1920}}
:::MLLOG {"namespace": "", "time_ms": 1778611393113, "event_type": "INTERVAL_END", "key": "block_stop", "value": null, "metadata": {"file": "/opt/venv/lib/python3.12/site-packages/primus_mllog/mlperf_sft.py", "lineno": 243, "samples_count": 2304}}
:::MLLOG {"namespace": "", "time_ms": 1778611393113, "event_type": "INTERVAL_START", "key": "eval_start", "value": null, "metadata": {"file": "/opt/venv/lib/python3.12/site-packages/primus_mllog/mlperf_sft.py", "lineno": 247, "samples_count": 2304}}
:::MLLOG {"namespace": "", "time_ms": 1778611402855, "event_type": "POINT_IN_TIME", "key": "eval_accuracy", "value": 0.9533846378326416, "metadata": {"file": "/opt/venv/lib/python3.12/site-packages/primus_mllog/mlperf_sft.py", "lineno": 264, "samples_count": 2304}}
:::MLLOG {"namespace": "", "time_ms": 1778611402856, "event_type": "INTERVAL_END", "key": "eval_stop", "value": null, "metadata": {"file": "/opt/venv/lib/python3.12/site-packages/primus_mllog/mlperf_sft.py", "lineno": 277, "samples_count": 2304}}
:::MLLOG {"namespace": "", "time_ms": 1778611402856, "event_type": "INTERVAL_START", "key": "block_start", "value": null, "metadata": {"file": "/opt/venv/lib/python3.12/site-packages/primus_mllog/mlperf_sft.py", "lineno": 283, "samples_count": 2304}}
:::MLLOG {"namespace": "", "time_ms": 1778611454130, "event_type": "INTERVAL_END", "key": "block_stop", "value": null, "metadata": {"file": "/opt/venv/lib/python3.12/site-packages/primus_mllog/mlperf_sft.py", "lineno": 243, "samples_count": 2688}}
:::MLLOG {"namespace": "", "time_ms": 1778611454130, "event_type": "INTERVAL_START", "key": "eval_start", "value": null, "metadata": {"file": "/opt/venv/lib/python3.12/site-packages/primus_mllog/mlperf_sft.py", "lineno": 247, "samples_count": 2688}}
:::MLLOG {"namespace": "", "time_ms": 1778611463899, "event_type": "POINT_IN_TIME", "key": "eval_accuracy", "value": 0.9499399662017822, "metadata": {"file": "/opt/venv/lib/python3.12/site-packages/primus_mllog/mlperf_sft.py", "lineno": 264, "samples_count": 2688}}
:::MLLOG {"namespace": "", "time_ms": 1778611463900, "event_type": "INTERVAL_END", "key": "eval_stop", "value": null, "metadata": {"file": "/opt/venv/lib/python3.12/site-packages/primus_mllog/mlperf_sft.py", "lineno": 277, "samples_count": 2688}}
:::MLLOG {"namespace": "", "time_ms": 1778611463900, "event_type": "INTERVAL_START", "key": "block_start", "value": null, "metadata": {"file": "/opt/venv/lib/python3.12/site-packages/primus_mllog/mlperf_sft.py", "lineno": 283, "samples_count": 2688}}
:::MLLOG {"namespace": "", "time_ms": 1778611534076, "event_type": "INTERVAL_END", "key": "block_stop", "value": null, "metadata": {"file": "/opt/venv/lib/python3.12/site-packages/primus_mllog/mlperf_sft.py", "lineno": 243, "samples_count": 3072}}
:::MLLOG {"namespace": "", "time_ms": 1778611534077, "event_type": "INTERVAL_START", "key": "eval_start", "value": null, "metadata": {"file": "/opt/venv/lib/python3.12/site-packages/primus_mllog/mlperf_sft.py", "lineno": 247, "samples_count": 3072}}
:::MLLOG {"namespace": "", "time_ms": 1778611546851, "event_type": "POINT_IN_TIME", "key": "eval_accuracy", "value": 0.9231882095336914, "metadata": {"file": "/opt/venv/lib/python3.12/site-packages/primus_mllog/mlperf_sft.py", "lineno": 264, "samples_count": 3072}}
:::MLLOG {"namespace": "", "time_ms": 1778611546852, "event_type": "INTERVAL_END", "key": "eval_stop", "value": null, "metadata": {"file": "/opt/venv/lib/python3.12/site-packages/primus_mllog/mlperf_sft.py", "lineno": 277, "samples_count": 3072}}
:::MLLOG {"namespace": "", "time_ms": 1778611546861, "event_type": "INTERVAL_END", "key": "epoch_stop", "value": null, "metadata": {"file": "/opt/venv/lib/python3.12/site-packages/primus_mllog/mlperf_sft.py", "lineno": 305, "samples_count": 3072}}
:::MLLOG {"namespace": "", "time_ms": 1778611546861, "event_type": "INTERVAL_END", "key": "run_stop", "value": null, "metadata": {"file": "/opt/venv/lib/python3.12/site-packages/primus_mllog/mlperf_sft.py", "lineno": 319, "samples_count": 3072, "status": "success"}}
:::MLLOG {"namespace": "", "time_ms": 1778611546861, "event_type": "POINT_IN_TIME", "key": "run_duration", "value": "483.47s -> 8.06 minutes", "metadata": {"file": "/opt/venv/lib/python3.12/site-packages/primus_mllog/mlperf_sft.py", "lineno": 331, "samples": 3072}}
:::MLLOG {"namespace": "", "time_ms": 1778611546861, "event_type": "POINT_IN_TIME", "key": "throughput", "value": 6.35, "metadata": {"file": "/opt/venv/lib/python3.12/site-packages/primus_mllog/mlperf_sft.py", "lineno": 336, "samples": 3072}}
RESULT,LLAMA2_70B_LORA_SFT,,735,AMD,2026-05-12 06:33:59 PM
mlperf_llama2_sft_primus
